tipo,valor_x,valor_y
simuladas,171.0,103.14285714285714
simuladas,7.0,0.30994897959183676
simuladas,22.0,4.309948979591836
simuladas,86.0,49.423469387755105
simuladas,2.0,0.09566326530612246
simuladas,226.0,752.6875
simuladas,6.0,0.4017857142857143
simuladas,60.0,15.673469387755103
simuladas,247.0,259.3813775510204
simuladas,155.0,96.65816326530613
simuladas,1.0,0.0663265306122449
simuladas,9.0,3.8915816326530615
simuladas,6.0,0.667091836734694
simuladas,14.0,2.0969387755102042
simuladas,31.0,27.667091836734695
simuladas,17.0,3.3469387755102042
simuladas,230.0,810.9642857142857
simuladas,10.0,1.3201530612244898
simuladas,16.0,2.454081632653061
simuladas,226.0,2537.8520408163267
simuladas,1.0,0.09566326530612246
simuladas,237.0,204.58673469387756
simuladas,1.0,0.034438775510204085
simuladas,36.0,7.801020408163265
simuladas,53.0,34.525510204081634
simuladas,249.0,195.39158163265304
simuladas,15.0,3.239795918367347
simuladas,96.0,85.52423469387756
simuladas,3.0,0.43239795918367346
simuladas,9.0,0.8877551020408163
simuladas,41.0,6.952806122448979
simuladas,19.0,2.137755102040816
simuladas,10.0,2.061224489795918
simuladas,47.0,19.729591836734695
simuladas,1.0,0.09566326530612246
simuladas,71.0,44.81122448979592
simuladas,110.0,55.88775510204082
simuladas,23.0,8.387755102040817
simuladas,4.0,0.1875
simuladas,12.0,3.2385204081632653
simuladas,209.0,494.5255102040816
simuladas,130.0,62.3469387755102
simuladas,5.0,0.3826530612244898
simuladas,138.0,203.23852040816328
simuladas,36.0,5.38265306122449
simuladas,69.0,92.17857142857143
simuladas,93.0,43.06122448979592
simuladas,5.0,0.3826530612244898
simuladas,3.0,0.12244897959183676
simuladas,1.0,0.0663265306122449
simuladas,7.0,0.43239795918367346
simuladas,243.0,954.1772959183673
simuladas,160.0,89.78954081632652
simuladas,139.0,89.33673469387756
simuladas,32.0,12.137755102040815
simuladas,93.0,32.432397959183675
simuladas,167.0,177.91836734693877
simuladas,188.0,137.02551020408163
simuladas,17.0,7.9183673469387745
simuladas,170.0,420.7448979591837
simuladas,172.0,146.78571428571428
simuladas,174.0,83.85204081632652
simuladas,47.0,17.872448979591837
simuladas,36.0,11.52423469387755
simuladas,20.0,2.9183673469387754
simuladas,212.0,535.3609693877551
simuladas,77.0,45.524234693877546
simuladas,3.0,0.12244897959183676
simuladas,208.0,152.6466836734694
simuladas,17.0,1.2487244897959184
simuladas,209.0,444.7448979591837
simuladas,74.0,36.64668367346939
simuladas,86.0,14.932397959183673
simuladas,225.0,190.7295918367347
simuladas,15.0,0.9732142857142857
simuladas,19.0,5.6772959183673475
simuladas,26.0,9.891581632653061
simuladas,138.0,99.64668367346938
simuladas,51.0,35.53061224489796
simuladas,7.0,0.673469387755102
simuladas,24.0,10.963010204081632
simuladas,180.0,303.3201530612245
simuladas,249.0,369.28061224489795
simuladas,121.0,111.93239795918366
simuladas,55.0,14.051020408163266
simuladas,7.0,1.034438775510204
simuladas,234.0,1513.3609693877552
simuladas,186.0,117.39158163265306
simuladas,17.0,4.015306122448979
simuladas,13.0,2.8201530612244903
simuladas,248.0,1433.3099489795918
simuladas,51.0,20.586734693877553
simuladas,241.0,555.3469387755102
simuladas,183.0,417.9591836734694
simuladas,38.0,22.667091836734695
simuladas,3.0,0.14668367346938774
simuladas,3.0,0.19387755102040818
simuladas,2.0,0.14668367346938774
simuladas,12.0,1.9897959183673468
simuladas,6.0,0.30102040816326525
simuladas,11.0,0.7448979591836735
simuladas,214.0,619.1466836734693
simuladas,35.0,32.12244897959183
simuladas,161.0,189.99489795918367
simuladas,35.0,5.566326530612244
simuladas,195.0,143.80994897959184
simuladas,86.0,38.98979591836735
simuladas,1.0,0.09566326530612246
simuladas,184.0,106.1670918367347
simuladas,203.0,443.71811224489795
simuladas,121.0,238.12244897959184
simuladas,149.0,87.78954081632652
simuladas,192.0,925.0612244897959
simuladas,44.0,27.443877551020403
simuladas,33.0,11.248724489795919
simuladas,2.0,0.0663265306122449
simuladas,91.0,89.83035714285714
simuladas,202.0,358.63775510204084
simuladas,52.0,16.78061224489796
simuladas,163.0,98.38265306122449
simuladas,25.0,15.673469387755103
simuladas,73.0,12.209183673469388
simuladas,50.0,35.964285714285715
simuladas,13.0,1.034438775510204
simuladas,210.0,486.9234693877551
simuladas,63.0,19.075255102040817
simuladas,13.0,1.6683673469387756
simuladas,38.0,18.714285714285715
simuladas,164.0,385.6466836734694
simuladas,34.0,4.9897959183673475
simuladas,1.0,0.0663265306122449
simuladas,117.0,59.107142857142854
simuladas,6.0,0.4591836734693877
simuladas,222.0,916.0752551020407
simuladas,148.0,170.0969387755102
simuladas,185.0,314.5956632653061
simuladas,59.0,30.381377551020403
simuladas,6.0,0.5153061224489796
simuladas,90.0,142.4795918367347
simuladas,35.0,6.030612244897959
simuladas,220.0,540.5956632653061
simuladas,18.0,8.137755102040817
simuladas,175.0,127.90816326530613
simuladas,4.0,0.9642857142857143
simuladas,228.0,300.73852040816325
simuladas,20.0,3.2448979591836737
simuladas,190.0,181.67857142857142
simuladas,71.0,34.392857142857146
simuladas,11.0,1.5663265306122447
simuladas,18.0,3.2448979591836737
simuladas,239.0,658.9795918367347
simuladas,15.0,3.432397959183674
simuladas,209.0,494.5255102040816
simuladas,203.0,832.908163265306
simuladas,1.0,0.0663265306122449
simuladas,226.0,167.04464285714286
simuladas,183.0,336.1875
simuladas,127.0,91.82015306122449
simuladas,1.0,0.14668367346938774
simuladas,38.0,25.77551020408163
simuladas,121.0,238.12244897959184
simuladas,205.0,126.89158163265306
simuladas,81.0,34.62244897959183
simuladas,209.0,167.67729591836732
simuladas,12.0,2.9081632653061225
simuladas,5.0,0.23979591836734696
simuladas,247.0,1081.8099489795918
simuladas,21.0,2.4081632653061225
simuladas,1.0,0.0663265306122449
simuladas,115.0,63.044642857142854
simuladas,221.0,922.8099489795919
simuladas,3.0,0.21811224489795916
simuladas,6.0,0.43239795918367346
simuladas,240.0,189.20408163265304
simuladas,228.0,404.3609693877551
simuladas,175.0,361.72959183673464
simuladas,3.0,0.4017857142857143
simuladas,21.0,10.830357142857142
simuladas,54.0,10.6875
simuladas,7.0,0.9642857142857143
simuladas,1.0,0.034438775510204085
simuladas,28.0,7.830357142857143
simuladas,218.0,1140.3163265306123
simuladas,209.0,713.718112244898
simuladas,2.0,0.0663265306122449
simuladas,218.0,1399.6670918367347
simuladas,21.0,3.1160714285714284
simuladas,194.0,310.21811224489795
simuladas,246.0,1293.5612244897961
simuladas,83.0,34.75892857142857
simuladas,149.0,63.775510204081634
simuladas,165.0,290.33035714285717
simuladas,28.0,3.4323979591836737
simuladas,6.0,0.7487244897959184
simuladas,172.0,135.00382653061223
simuladas,166.0,294.0255102040816
simuladas,10.0,1.9642857142857142
simuladas,145.0,416.51530612244903
simuladas,35.0,13.473214285714286
simuladas,181.0,155.71428571428572
simuladas,1.0,0.23979591836734696
simuladas,45.0,17.989795918367346
simuladas,10.0,0.673469387755102
simuladas,52.0,37.30994897959183
simuladas,6.0,0.3724489795918367
simuladas,55.0,49.66836734693877
simuladas,27.0,9.872448979591836
simuladas,62.0,25.178571428571427
simuladas,203.0,146.3201530612245
simuladas,188.0,249.2295918367347
simuladas,14.0,2.5752551020408165
simuladas,3.0,0.8877551020408163
simuladas,11.0,7.979591836734692
simuladas,4.0,0.25892857142857145
simuladas,6.0,0.9591836734693878
simuladas,148.0,473.3915816326531
simuladas,28.0,7.918367346938775
simuladas,3.0,0.14668367346938774
simuladas,93.0,53.17729591836734
simuladas,1.0,0.0663265306122449
simuladas,1.0,0.034438775510204085
simuladas,224.0,960.0956632653061
simuladas,4.0,0.14668367346938774
simuladas,190.0,354.3099489795918
simuladas,244.0,1440.575255102041
simuladas,14.0,4.443877551020408
simuladas,166.0,183.78954081632654
simuladas,22.0,9.238520408163264
simuladas,9.0,7.346938775510203
simuladas,78.0,35.275510204081634
simuladas,50.0,7.248724489795919
simuladas,27.0,16.99489795918367
simuladas,162.0,170.73852040816328
simuladas,202.0,182.21428571428572
simuladas,6.0,0.34693877551020413
simuladas,33.0,9.071428571428571
simuladas,224.0,960.0956632653061
simuladas,199.0,571.3826530612245
simuladas,117.0,146.95280612244898
simuladas,206.0,138.0344387755102
simuladas,6.0,0.41836734693877553
simuladas,2.0,0.09566326530612246
simuladas,11.0,2.9081632653061225
simuladas,12.0,1.0446428571428572
simuladas,5.0,0.6020408163265306
simuladas,34.0,4.964285714285714
simuladas,28.0,9.238520408163266
simuladas,199.0,612.4183673469388
simuladas,116.0,74.27551020408164
simuladas,160.0,65.85204081632654
simuladas,94.0,44.28954081632653
simuladas,101.0,117.78061224489797
simuladas,125.0,93.62244897959184
simuladas,41.0,10.204081632653061
simuladas,134.0,124.28061224489797
simuladas,209.0,713.718112244898
simuladas,221.0,1501.5956632653063
simuladas,191.0,157.5752551020408
simuladas,69.0,92.17857142857143
simuladas,1.0,0.0663265306122449
simuladas,236.0,1423.6875
simuladas,59.0,14.158163265306124
simuladas,16.0,1.7806122448979593
simuladas,21.0,4.816326530612244
simuladas,7.0,1.1772959183673468
simuladas,63.0,61.74489795918367
simuladas,10.0,2.061224489795918
simuladas,25.0,12.096938775510205
simuladas,2.0,0.19387755102040818
simuladas,113.0,86.82015306122449
simuladas,104.0,41.78954081632653
simuladas,237.0,249.5752551020408
simuladas,137.0,51.360969387755105
simuladas,236.0,277.98979591836735
simuladas,36.0,13.428571428571429
simuladas,72.0,33.8469387755102
simuladas,84.0,18.238520408163264
simuladas,44.0,32.923469387755105
simuladas,249.0,369.28061224489795
simuladas,81.0,21.872448979591837
simuladas,35.0,6.030612244897959
simuladas,4.0,0.16836734693877548
simuladas,194.0,310.21811224489795
simuladas,104.0,102.57525510204081
simuladas,213.0,143.75
simuladas,155.0,660.3163265306123
simuladas,160.0,116.40816326530613
simuladas,23.0,10.454081632653061
simuladas,38.0,14.392857142857142
simuladas,183.0,236.53443877551018
simuladas,111.0,160.83673469387756
simuladas,89.0,84.60586734693878
simuladas,166.0,508.32142857142856
simuladas,86.0,49.423469387755105
simuladas,199.0,161.74872448979593
simuladas,163.0,90.03061224489797
simuladas,226.0,1024.8367346938774
simuladas,1.0,0.0663265306122449
simuladas,15.0,4.275510204081633
simuladas,78.0,57.88775510204082
simuladas,90.0,115.88137755102039
simuladas,27.0,2.748724489795918
simuladas,185.0,117.45408163265306
simuladas,56.0,19.122448979591837
simuladas,8.0,1.3214285714285714
simuladas,200.0,408.97959183673476
simuladas,2.0,0.14668367346938774
simuladas,211.0,600.6772959183673
simuladas,220.0,215.84693877551018
simuladas,12.0,0.8099489795918368
simuladas,22.0,3.860969387755102
simuladas,1.0,0.0663265306122449
simuladas,2.0,0.09566326530612246
simuladas,181.0,191.31632653061226
simuladas,203.0,329.452806122449
simuladas,62.0,21.061224489795915
simuladas,158.0,127.9234693877551
simuladas,185.0,481.25892857142856
simuladas,150.0,88.28061224489795
simuladas,10.0,0.7487244897959184
simuladas,2.0,0.14668367346938774
simuladas,54.0,35.64668367346939
simuladas,6.0,0.5038265306122449
simuladas,1.0,0.09566326530612246
simuladas,29.0,5.952806122448979
simuladas,11.0,0.7385204081632653
simuladas,201.0,232.40178571428572
simuladas,212.0,162.55102040816328
simuladas,16.0,1.4795918367346939
simuladas,51.0,38.80102040816326
simuladas,210.0,303.94387755102036
simuladas,201.0,156.8469387755102
simuladas,2.0,0.0663265306122449
simuladas,2.0,0.3826530612244898
simuladas,150.0,87.97321428571429
simuladas,160.0,132.0752551020408
simuladas,18.0,3.952806122448979
simuladas,173.0,1600.718112244898
simuladas,3.0,0.19387755102040818
simuladas,7.0,0.489795918367347
simuladas,196.0,391.3915816326531
simuladas,207.0,344.66709183673476
simuladas,56.0,19.122448979591837
simuladas,221.0,243.44387755102042
simuladas,205.0,1430.9897959183675
simuladas,2.0,0.09566326530612246
simuladas,183.0,279.3813775510204
simuladas,156.0,203.8201530612245
simuladas,149.0,82.14668367346938
simuladas,92.0,59.83673469387755
simuladas,163.0,319.6734693877551
simuladas,160.0,132.0752551020408
simuladas,71.0,18.534438775510203
simuladas,2.0,0.12244897959183676
simuladas,5.0,1.5153061224489797
simuladas,223.0,941.765306122449
simuladas,152.0,344.06632653061223
simuladas,18.0,3.2448979591836737
simuladas,129.0,113.9438775510204
simuladas,218.0,844.4948979591837
simuladas,1.0,0.0663265306122449
simuladas,12.0,2.9081632653061225
simuladas,169.0,410.1938775510204
simuladas,2.0,0.0663265306122449
simuladas,7.0,0.8915816326530612
simuladas,11.0,0.7448979591836735
simuladas,207.0,1033.173469387755
simuladas,32.0,23.60204081632653
simuladas,3.0,0.5038265306122449
simuladas,1.0,0.12244897959183676
simuladas,167.0,311.23979591836735
simuladas,154.0,79.1670918367347
simuladas,166.0,223.38265306122452
simuladas,103.0,72.93239795918369
simuladas,13.0,1.0153061224489797
simuladas,191.0,157.90816326530611
simuladas,212.0,618.0446428571429
simuladas,173.0,173.56632653061226
simuladas,3.0,0.09566326530612246
simuladas,20.0,6.801020408163266
simuladas,31.0,12.122448979591837
simuladas,4.0,0.41836734693877553
simuladas,228.0,460.3724489795918
simuladas,240.0,562.4081632653061
simuladas,77.0,53.10586734693878
simuladas,4.0,0.25892857142857145
simuladas,244.0,208.6058673469388
simuladas,34.0,10.551020408163264
simuladas,212.0,301.60204081632656
simuladas,165.0,176.46301020408163
simuladas,39.0,6.8520408163265305
simuladas,185.0,145.95280612244898
simuladas,246.0,1453.075255102041
simuladas,2.0,0.16836734693877548
simuladas,149.0,249.30994897959184
simuladas,147.0,79.32015306122449
simuladas,151.0,153.43239795918365
simuladas,31.0,43.67729591836734
simuladas,243.0,954.1772959183673
simuladas,7.0,0.8915816326530611
simuladas,40.0,44.954081632653065
simuladas,71.0,38.6875
simuladas,78.0,35.275510204081634
simuladas,6.0,0.2181122448979592
simuladas,195.0,784.5038265306122
simuladas,1.0,0.034438775510204085
simuladas,32.0,15.489795918367346
simuladas,8.0,0.6058673469387755
simuladas,197.0,205.82142857142858
simuladas,1.0,0.12244897959183676
simuladas,1.0,0.0663265306122449
simuladas,9.0,7.346938775510203
simuladas,12.0,0.7181122448979592
simuladas,84.0,118.5612244897959
simuladas,205.0,212.59566326530611
simuladas,26.0,34.857142857142854
simuladas,4.0,0.14668367346938774
simuladas,15.0,2.8609693877551017
simuladas,2.0,0.09566326530612246
simuladas,108.0,44.830357142857146
simuladas,72.0,72.45280612244899
simuladas,1.0,0.034438775510204085
simuladas,1.0,0.034438775510204085
simuladas,199.0,163.95280612244898
simuladas,247.0,319.8099489795918
simuladas,54.0,8.316326530612246
simuladas,59.0,14.158163265306124
simuladas,180.0,273.65816326530614
simuladas,30.0,6.003826530612245
simuladas,231.0,650.7895408163265
simuladas,212.0,2131.3201530612246
simuladas,40.0,10.381377551020407
simuladas,236.0,1546.9591836734694
simuladas,3.0,0.5153061224489796
simuladas,114.0,164.3112244897959
simuladas,21.0,5.959183673469387
simuladas,181.0,957.4017857142857
simuladas,52.0,28.952806122448976
simuladas,1.0,0.0663265306122449
simuladas,222.0,288.4591836734694
simuladas,183.0,273.8609693877551
simuladas,11.0,1.7295918367346939
simuladas,244.0,284.37244897959187
simuladas,5.0,0.21811224489795916
simuladas,5.0,0.3826530612244898
simuladas,184.0,248.93239795918367
simuladas,246.0,921.2857142857143
simuladas,51.0,38.80102040816326
simuladas,28.0,9.238520408163266
simuladas,4.0,0.19387755102040818
simuladas,162.0,202.5
simuladas,192.0,156.02551020408163
simuladas,225.0,205.31632653061226
simuladas,120.0,64.20408163265306
simuladas,169.0,113.8813775510204
simuladas,241.0,887.3915816326531
simuladas,4.0,0.19387755102040818
simuladas,50.0,13.193877551020408
simuladas,14.0,10.738520408163264
simuladas,242.0,221.2091836734694
simuladas,234.0,286.80102040816325
simuladas,28.0,15.116071428571429
simuladas,176.0,275.8609693877551
simuladas,17.0,3.809948979591837
simuladas,27.0,3.9591836734693877
simuladas,134.0,113.45280612244899
simuladas,41.0,18.28061224489796
simuladas,74.0,60.43239795918368
simuladas,234.0,107.1938775510204
simuladas,8.0,1.5306122448979593
simuladas,113.0,225.0612244897959
simuladas,3.0,0.12244897959183676
simuladas,17.0,4.979591836734694
simuladas,78.0,34.10586734693878
simuladas,74.0,70.13265306122449
simuladas,46.0,7.494897959183674
simuladas,215.0,196.6466836734694
simuladas,5.0,0.1875
simuladas,160.0,250.67729591836732
simuladas,153.0,55.78061224489796
simuladas,117.0,43.45918367346939
simuladas,236.0,277.98979591836735
simuladas,188.0,702.2385204081633
simuladas,30.0,8.33673469387755
simuladas,43.0,20.561224489795915
simuladas,47.0,32.92857142857143
simuladas,247.0,1081.8099489795918
simuladas,64.0,11.596938775510205
simuladas,2.0,0.8877551020408163
simuladas,6.0,0.8201530612244897
simuladas,28.0,5.173469387755103
simuladas,8.0,2.003826530612245
simuladas,18.0,7.830357142857143
simuladas,157.0,130.5969387755102
simuladas,34.0,11.0
simuladas,29.0,4.979591836734694
simuladas,13.0,3.4234693877551017
simuladas,54.0,35.64668367346939
simuladas,61.0,26.479591836734695
simuladas,17.0,1.8813775510204083
simuladas,40.0,10.381377551020407
simuladas,134.0,113.45280612244899
simuladas,4.0,0.19387755102040818
simuladas,116.0,47.74872448979592
simuladas,5.0,0.41836734693877553
simuladas,31.0,15.494897959183673
simuladas,15.0,4.392857142857143
simuladas,3.0,0.09566326530612246
simuladas,137.0,83.45408163265306
simuladas,18.0,8.575255102040815
simuladas,33.0,2.622448979591837
simuladas,10.0,1.218112244897959
simuladas,149.0,63.775510204081634
simuladas,141.0,210.78571428571428
simuladas,175.0,304.4540816326531
simuladas,110.0,61.693877551020414
simuladas,85.0,103.43239795918366
simuladas,21.0,10.830357142857142
simuladas,117.0,146.95280612244898
simuladas,185.0,117.45408163265306
simuladas,6.0,2.0714285714285716
simuladas,23.0,4.244897959183674
simuladas,5.0,0.6020408163265306
simuladas,203.0,183.95280612244898
simuladas,189.0,371.14668367346934
simuladas,2.0,0.09566326530612246
simuladas,3.0,0.19387755102040818
simuladas,3.0,0.14668367346938774
simuladas,132.0,200.48979591836738
simuladas,3.0,0.19387755102040818
simuladas,57.0,17.177295918367346
simuladas,206.0,352.53443877551024
simuladas,6.0,0.8928571428571429
simuladas,2.0,0.09566326530612246
simuladas,200.0,241.23852040816328
simuladas,131.0,251.39158163265304
simuladas,49.0,23.53061224489796
simuladas,146.0,62.14668367346939
simuladas,185.0,98.24872448979592
simuladas,23.0,9.107142857142858
simuladas,2.0,0.12244897959183676
simuladas,35.0,11.443877551020408
simuladas,174.0,150.6875
simuladas,11.0,0.7040816326530611
simuladas,183.0,236.53443877551018
simuladas,96.0,100.4795918367347
simuladas,5.0,0.1875
simuladas,101.0,46.91836734693878
simuladas,225.0,249.59566326530611
simuladas,244.0,366.11607142857144
simuladas,247.0,258.52423469387753
simuladas,143.0,92.02551020408164
simuladas,6.0,0.34693877551020413
simuladas,204.0,1187.3469387755104
simuladas,186.0,92.56122448979592
simuladas,182.0,118.4795918367347
simuladas,2.0,0.12244897959183676
simuladas,207.0,1033.173469387755
simuladas,201.0,120.82015306122449
simuladas,210.0,1113.044642857143
simuladas,177.0,176.42857142857142
simuladas,149.0,139.1326530612245
simuladas,18.0,3.952806122448979
simuladas,37.0,9.785714285714286
simuladas,128.0,117.8813775510204
simuladas,226.0,221.83035714285714
simuladas,214.0,160.55102040816328
simuladas,121.0,841.5510204081631
simuladas,5.0,0.8877551020408164
simuladas,72.0,72.45280612244899
simuladas,10.0,0.5306122448979592
simuladas,230.0,367.4642857142857
simuladas,63.0,49.93239795918368
simuladas,182.0,236.71811224489798
simuladas,17.0,3.3469387755102042
simuladas,42.0,4.963010204081633
simuladas,13.0,3.4234693877551017
simuladas,158.0,46.1875
simuladas,45.0,21.258928571428573
simuladas,11.0,1.8826530612244898
simuladas,15.0,3.432397959183674
simuladas,195.0,505.32015306122446
simuladas,6.0,0.30102040816326525
simuladas,224.0,960.0956632653061
simuladas,1.0,0.034438775510204085
simuladas,4.0,0.5153061224489796
simuladas,196.0,169.8469387755102
simuladas,2.0,0.0663265306122449
simuladas,8.0,1.1071428571428572
simuladas,154.0,60.360969387755105
simuladas,3.0,0.43239795918367346
simuladas,195.0,1614.718112244898
simuladas,202.0,351.83035714285717
simuladas,1.0,0.19387755102040818
simuladas,103.0,51.452806122448976
simuladas,223.0,228.85714285714286
simuladas,177.0,146.23852040816328
simuladas,124.0,40.71811224489796
simuladas,13.0,2.503826530612245
simuladas,3.0,0.19387755102040818
simuladas,215.0,270.2448979591837
simuladas,1.0,0.034438775510204085
simuladas,229.0,1178.7895408163265
simuladas,188.0,436.952806122449
simuladas,41.0,32.32015306122449
simuladas,1.0,0.034438775510204085
simuladas,14.0,3.4081632653061225
simuladas,7.0,0.2181122448979592
simuladas,2.0,0.3112244897959184
simuladas,233.0,206.86096938775512
simuladas,246.0,921.2857142857143
simuladas,227.0,1126.8163265306123
simuladas,12.0,4.561224489795919
simuladas,5.0,0.9642857142857143
simuladas,19.0,7.35204081632653
simuladas,1.0,0.09566326530612246
simuladas,224.0,141.02423469387756
simuladas,5.0,0.23979591836734696
simuladas,6.0,0.6785714285714286
simuladas,48.0,15.075255102040815
simuladas,24.0,6.744897959183674
simuladas,173.0,174.23852040816328
simuladas,50.0,35.38137755102041
simuladas,204.0,398.5
simuladas,29.0,1.7448979591836733
simuladas,1.0,0.09566326530612246
simuladas,165.0,111.3609693877551
simuladas,74.0,27.973214285714285
simuladas,174.0,335.7857142857143
simuladas,2.0,0.489795918367347
simuladas,121.0,141.39158163265307
simuladas,181.0,146.5
simuladas,1.0,0.0663265306122449
simuladas,1.0,0.034438775510204085
simuladas,5.0,0.25892857142857145
simuladas,4.0,0.12244897959183676
simuladas,17.0,4.979591836734694
simuladas,204.0,398.5
simuladas,206.0,1063.1160714285713
simuladas,201.0,188.9795918367347
simuladas,121.0,78.59693877551021
simuladas,17.0,3.3469387755102042
simuladas,11.0,0.8010204081632653
simuladas,7.0,1.0038265306122447
simuladas,41.0,32.32015306122449
simuladas,111.0,84.23852040816327
simuladas,175.0,211.6466836734694
simuladas,17.0,4.9897959183673475
simuladas,44.0,34.860969387755105
simuladas,3.0,0.3112244897959184
simuladas,48.0,12.718112244897958
simuladas,176.0,449.50382653061223
simuladas,94.0,51.09566326530612
simuladas,23.0,7.596938775510204
simuladas,18.0,7.78954081632653
simuladas,22.0,3.3469387755102042
simuladas,180.0,339.7385204081633
simuladas,10.0,3.075255102040816
simuladas,225.0,1113.857142857143
simuladas,160.0,132.0752551020408
simuladas,2.0,0.14668367346938774
simuladas,133.0,182.45280612244898
simuladas,16.0,2.0344387755102042
simuladas,94.0,51.09566326530612
simuladas,201.0,343.59693877551024
simuladas,162.0,104.24489795918366
simuladas,224.0,134.3877551020408
simuladas,194.0,195.03443877551018
simuladas,2.0,0.0663265306122449
simuladas,175.0,1289.9591836734694
simuladas,215.0,252.73979591836732
simuladas,215.0,208.1670918367347
simuladas,5.0,0.25892857142857145
simuladas,33.0,14.248724489795919
simuladas,2.0,0.09566326530612246
simuladas,163.0,136.24872448979593
simuladas,108.0,94.85714285714286
simuladas,129.0,55.14668367346939
simuladas,191.0,157.90816326530611
simuladas,65.0,28.789540816326532
simuladas,44.0,27.443877551020403
simuladas,58.0,49.2091836734694
simuladas,108.0,65.32015306122449
simuladas,177.0,151.78061224489798
simuladas,2.0,0.0663265306122449
simuladas,228.0,421.66709183673464
simuladas,184.0,103.57525510204081
simuladas,126.0,77.45280612244899
simuladas,2.0,0.09566326530612246
simuladas,162.0,187.95408163265304
simuladas,92.0,97.8112244897959
simuladas,149.0,82.14668367346938
simuladas,195.0,139.23852040816328
simuladas,23.0,8.387755102040817
simuladas,224.0,136.3826530612245
simuladas,173.0,742.952806122449
simuladas,19.0,13.479591836734693
simuladas,2.0,0.09566326530612246
simuladas,30.0,10.275510204081632
simuladas,84.0,18.238520408163264
simuladas,138.0,203.23852040816328
simuladas,4.0,0.20408163265306123
simuladas,157.0,612.3367346938775
simuladas,28.0,5.7397959183673475
simuladas,193.0,220.10714285714286
simuladas,161.0,101.9438775510204
simuladas,7.0,0.22959183673469385
simuladas,119.0,68.06122448979592
simuladas,212.0,198.06632653061226
simuladas,186.0,119.21811224489795
simuladas,198.0,139.41836734693877
simuladas,207.0,600.7181122448981
simuladas,66.0,23.044642857142858
simuladas,81.0,21.178571428571427
simuladas,18.0,8.137755102040817
simuladas,164.0,63.98979591836735
simuladas,5.0,0.23979591836734696
simuladas,23.0,5.8520408163265305
simuladas,213.0,631.9540816326531
simuladas,1.0,0.0663265306122449
simuladas,151.0,307.4234693877551
simuladas,221.0,216.76530612244898
simuladas,26.0,10.464285714285714
simuladas,130.0,685.9323979591837
simuladas,1.0,0.0663265306122449
simuladas,117.0,132.78061224489798
simuladas,1.0,0.0663265306122449
simuladas,4.0,0.5153061224489796
simuladas,35.0,8.881377551020408
simuladas,157.0,375.1466836734694
simuladas,124.0,163.17729591836738
simuladas,22.0,9.908163265306124
simuladas,221.0,2151.6466836734694
simuladas,249.0,369.28061224489795
simuladas,1.0,0.034438775510204085
simuladas,66.0,23.602040816326532
simuladas,19.0,3.309948979591837
simuladas,6.0,0.43239795918367346
simuladas,172.0,146.78571428571428
simuladas,175.0,304.4540816326531
simuladas,6.0,0.43239795918367346
simuladas,13.0,3.352040816326531
simuladas,1.0,0.0663265306122449
simuladas,213.0,272.6683673469388
simuladas,157.0,103.45918367346938
simuladas,138.0,152.3469387755102
simuladas,201.0,427.6326530612245
simuladas,103.0,29.94387755102041
simuladas,12.0,1.6160714285714286
simuladas,32.0,9.744897959183675
simuladas,91.0,26.932397959183675
simuladas,44.0,11.454081632653061
simuladas,244.0,424.4591836734694
simuladas,3.0,0.19387755102040818
simuladas,205.0,1430.9897959183675
simuladas,4.0,0.21811224489795916
simuladas,7.0,0.5752551020408163
simuladas,56.0,37.423469387755105
simuladas,196.0,169.8469387755102
simuladas,220.0,540.5956632653061
simuladas,17.0,1.3826530612244898
simuladas,7.0,0.41836734693877553
simuladas,190.0,123.21428571428571
simuladas,171.0,131.12244897959184
simuladas,238.0,215.28954081632654
simuladas,5.0,0.23979591836734696
simuladas,1.0,0.09566326530612246
simuladas,1.0,0.12244897959183676
simuladas,103.0,79.54464285714286
simuladas,181.0,146.5
simuladas,97.0,31.989795918367346
simuladas,185.0,311.4234693877551
simuladas,2.0,1.1020408163265307
simuladas,179.0,303.53061224489795
simuladas,229.0,168.2091836734694
simuladas,17.0,3.3469387755102042
simuladas,1.0,0.034438775510204085
simuladas,76.0,49.035714285714285
simuladas,178.0,191.8201530612245
simuladas,12.0,3.3826530612244894
simuladas,85.0,103.43239795918366
simuladas,93.0,43.06122448979592
simuladas,4.0,0.3112244897959184
simuladas,1.0,0.19387755102040818
simuladas,39.0,16.658163265306122
simuladas,208.0,217.8112244897959
simuladas,14.0,4.561224489795919
simuladas,30.0,10.275510204081632
simuladas,112.0,66.03061224489797
simuladas,71.0,18.534438775510203
simuladas,5.0,0.9591836734693878
simuladas,212.0,198.0344387755102
simuladas,133.0,273.41836734693874
simuladas,236.0,920.718112244898
simuladas,40.0,10.01530612244898
simuladas,130.0,69.17729591836735
simuladas,160.0,65.07525510204081
simuladas,3.0,0.21811224489795916
simuladas,77.0,68.42857142857143
simuladas,18.0,7.830357142857143
simuladas,21.0,7.044642857142857
simuladas,220.0,2033.9323979591838
simuladas,3.0,0.14668367346938774
simuladas,34.0,11.0
simuladas,77.0,45.524234693877546
simuladas,12.0,1.4183673469387752
simuladas,2.0,0.19387755102040818
simuladas,1.0,0.12244897959183676
simuladas,225.0,246.76530612244898
simuladas,72.0,15.765306122448978
simuladas,43.0,21.030612244897956
simuladas,241.0,267.83035714285717
simuladas,72.0,72.45280612244899
simuladas,1.0,0.0663265306122449
simuladas,204.0,1212.1670918367347
simuladas,10.0,0.8826530612244898
simuladas,33.0,10.994897959183673
simuladas,61.0,41.673469387755105
simuladas,165.0,283.16836734693874
simuladas,225.0,520.7755102040817
simuladas,6.0,0.6020408163265306
simuladas,4.0,0.20408163265306123
simuladas,248.0,264.73852040816325
simuladas,144.0,84.53443877551021
simuladas,5.0,0.5242346938775511
simuladas,235.0,174.87244897959184
simuladas,201.0,232.40178571428572
simuladas,28.0,12.387755102040817
simuladas,164.0,385.6466836734694
simuladas,11.0,1.6581632653061222
simuladas,3.0,0.09566326530612246
simuladas,50.0,35.91836734693877
simuladas,214.0,140.4795918367347
simuladas,24.0,13.061224489795919
simuladas,31.0,9.744897959183673
simuladas,8.0,0.5242346938775511
simuladas,48.0,30.678571428571427
simuladas,6.0,0.5153061224489796
simuladas,29.0,9.744897959183673
simuladas,10.0,0.6160714285714286
simuladas,92.0,54.60586734693878
simuladas,248.0,211.05102040816328
simuladas,239.0,467.53443877551024
simuladas,20.0,2.1160714285714284
simuladas,9.0,0.9591836734693879
simuladas,7.0,0.8915816326530612
simuladas,4.0,0.25892857142857145
simuladas,220.0,183.60204081632654
simuladas,34.0,16.33673469387755
simuladas,16.0,1.7857142857142858
simuladas,236.0,1546.9591836734694
simuladas,32.0,12.408163265306124
simuladas,1.0,0.034438775510204085
simuladas,11.0,2.979591836734694
simuladas,36.0,24.311224489795915
simuladas,1.0,0.0663265306122449
simuladas,166.0,185.1670918367347
simuladas,9.0,0.8724489795918368
simuladas,214.0,140.4795918367347
simuladas,13.0,3.352040816326531
simuladas,226.0,2537.8520408163267
simuladas,111.0,131.12244897959184
simuladas,127.0,68.80994897959184
simuladas,2.0,0.41836734693877553
simuladas,237.0,311.44387755102036
simuladas,11.0,1.7487244897959184
simuladas,150.0,88.28061224489795
simuladas,10.0,2.8112244897959187
simuladas,169.0,96.1938775510204
simuladas,110.0,58.03061224489796
simuladas,29.0,25.05102040816326
simuladas,169.0,365.952806122449
simuladas,28.0,3.2857142857142856
simuladas,239.0,755.0357142857143
simuladas,17.0,4.979591836734694
simuladas,60.0,29.561224489795915
simuladas,31.0,10.137755102040817
simuladas,38.0,13.963010204081636
simuladas,223.0,794.0344387755102
simuladas,37.0,5.432397959183674
simuladas,235.0,174.87244897959184
simuladas,94.0,116.07525510204083
simuladas,1.0,0.12244897959183676
simuladas,183.0,107.3609693877551
simuladas,193.0,280.10586734693874
simuladas,144.0,294.6466836734694
simuladas,5.0,0.5242346938775511
simuladas,21.0,6.667091836734693
simuladas,218.0,1399.6670918367347
simuladas,137.0,106.31122448979592
simuladas,19.0,4.515306122448979
simuladas,207.0,214.15816326530611
simuladas,6.0,0.2181122448979592
simuladas,152.0,344.06632653061223
simuladas,133.0,182.45280612244898
simuladas,105.0,84.9591836734694
simuladas,207.0,154.47321428571428
simuladas,161.0,95.28061224489797
simuladas,37.0,9.785714285714286
simuladas,3.0,0.12244897959183676
simuladas,237.0,1332.6466836734694
simuladas,45.0,25.535714285714285
simuladas,195.0,272.2295918367347
simuladas,103.0,76.08673469387756
simuladas,188.0,255.60586734693877
simuladas,185.0,728.2091836734695
simuladas,7.0,0.673469387755102
simuladas,2.0,0.0663265306122449
simuladas,1.0,0.0663265306122449
simuladas,189.0,128.88137755102042
simuladas,157.0,272.17729591836735
simuladas,22.0,9.238520408163264
simuladas,12.0,0.6020408163265306
simuladas,248.0,336.61607142857144
simuladas,11.0,1.3010204081632655
simuladas,170.0,78.97321428571429
simuladas,83.0,25.20918367346939
simuladas,1.0,0.0663265306122449
simuladas,10.0,1.9323979591836735
simuladas,190.0,181.67857142857142
simuladas,57.0,23.677295918367346
simuladas,133.0,90.52423469387756
simuladas,25.0,8.10204081632653
simuladas,42.0,15.667091836734693
simuladas,35.0,6.030612244897959
simuladas,179.0,303.53061224489795
simuladas,34.0,6.989795918367347
simuladas,224.0,136.3826530612245
simuladas,137.0,260.48979591836735
simuladas,25.0,8.285714285714286
simuladas,39.0,6.809948979591836
simuladas,67.0,16.586734693877553
simuladas,63.0,28.605867346938773
simuladas,29.0,9.744897959183673
simuladas,159.0,93.92346938775509
simuladas,7.0,0.9642857142857143
simuladas,1.0,0.0663265306122449
simuladas,182.0,236.71811224489798
simuladas,113.0,106.07525510204083
simuladas,117.0,48.11607142857143
simuladas,28.0,12.816326530612246
simuladas,181.0,156.54464285714286
simuladas,226.0,2537.8520408163267
simuladas,229.0,1317.830357142857
simuladas,187.0,279.0752551020408
simuladas,67.0,37.75
simuladas,2.0,0.3826530612244898
simuladas,153.0,104.54464285714286
simuladas,34.0,10.551020408163264
simuladas,34.0,11.0
simuladas,12.0,1.1670918367346936
simuladas,218.0,661.3915816326531
simuladas,28.0,3.9017857142857144
simuladas,22.0,2.5357142857142856
simuladas,71.0,44.81122448979592
simuladas,96.0,25.32015306122449
simuladas,18.0,3.102040816326531
simuladas,118.0,103.71811224489795
simuladas,2.0,0.09566326530612246
simuladas,226.0,852.4438775510204
simuladas,11.0,0.8469387755102041
simuladas,65.0,14.809948979591836
simuladas,11.0,0.8010204081632653
simuladas,174.0,335.7857142857143
simuladas,117.0,78.51530612244899
simuladas,1.0,0.09566326530612246
simuladas,8.0,0.5242346938775511
simuladas,12.0,0.9630102040816325
simuladas,193.0,394.3826530612245
simuladas,4.0,0.19387755102040818
simuladas,180.0,339.7385204081633
simuladas,3.0,0.3826530612244898
simuladas,17.0,7.9183673469387745
simuladas,15.0,1.3813775510204083
simuladas,39.0,14.238520408163266
simuladas,5.0,0.36096938775510207
simuladas,24.0,9.142857142857142
simuladas,239.0,187.88137755102042
simuladas,4.0,0.6020408163265306
simuladas,185.0,172.38137755102042
simuladas,216.0,836.265306122449
simuladas,111.0,52.024234693877546
simuladas,196.0,490.1734693877551
simuladas,22.0,1.7385204081632655
simuladas,3.0,0.8877551020408163
simuladas,199.0,571.3826530612245
simuladas,104.0,39.87244897959183
simuladas,241.0,230.83035714285714
simuladas,1.0,0.034438775510204085
simuladas,239.0,658.9795918367347
simuladas,185.0,223.89285714285714
simuladas,137.0,243.69387755102042
simuladas,214.0,1197.6670918367347
simuladas,31.0,8.709183673469388
simuladas,156.0,203.8201530612245
simuladas,228.0,300.73852040816325
simuladas,4.0,0.19387755102040818
simuladas,40.0,15.463010204081632
simuladas,1.0,0.034438775510204085
simuladas,171.0,111.03443877551021
pseudoaleatorias,243.0,2.566326530612245
pseudoaleatorias,186.0,3.122448979591837
pseudoaleatorias,173.0,2.003826530612245
pseudoaleatorias,48.0,3.5357142857142856
pseudoaleatorias,238.0,3.122448979591837
pseudoaleatorias,135.0,2.381377551020408
pseudoaleatorias,96.0,2.239795918367347
pseudoaleatorias,101.0,2.7755102040816326
pseudoaleatorias,168.0,4.459183673469388
pseudoaleatorias,190.0,2.3877551020408165
pseudoaleatorias,135.0,2.5242346938775513
pseudoaleatorias,122.0,6.167091836734693
pseudoaleatorias,94.0,3.3367346938775513
pseudoaleatorias,94.0,1.8877551020408165
pseudoaleatorias,120.0,3.2589285714285716
pseudoaleatorias,28.0,1.2653061224489797
pseudoaleatorias,99.0,1.8163265306122451
pseudoaleatorias,54.0,2.534438775510204
pseudoaleatorias,117.0,2.454081632653061
pseudoaleatorias,16.0,0.7181122448979592
pseudoaleatorias,138.0,3.5306122448979593
pseudoaleatorias,249.0,1.9540816326530612
pseudoaleatorias,24.0,1.1058673469387754
pseudoaleatorias,227.0,3.503826530612245
pseudoaleatorias,54.0,2.1160714285714284
pseudoaleatorias,220.0,4.1020408163265305
pseudoaleatorias,249.0,2.7091836734693877
pseudoaleatorias,237.0,2.443877551020408
pseudoaleatorias,66.0,1.3201530612244898
pseudoaleatorias,51.0,2.9897959183673466
pseudoaleatorias,210.0,2.3010204081632653
pseudoaleatorias,235.0,3.4642857142857144
pseudoaleatorias,74.0,5.173469387755103
pseudoaleatorias,65.0,2.602040816326531
pseudoaleatorias,172.0,3.7181122448979593
pseudoaleatorias,70.0,4.1020408163265305
pseudoaleatorias,156.0,3.7653061224489797
pseudoaleatorias,186.0,2.534438775510204
pseudoaleatorias,10.0,0.30102040816326525
pseudoaleatorias,187.0,2.9323979591836737
pseudoaleatorias,121.0,3.748724489795918
pseudoaleatorias,107.0,3.193877551020408
pseudoaleatorias,141.0,4.105867346938775
pseudoaleatorias,249.0,3.173469387755102
pseudoaleatorias,121.0,5.63265306122449
pseudoaleatorias,103.0,3.9528061224489797
pseudoaleatorias,83.0,2.391581632653061
pseudoaleatorias,81.0,3.4183673469387754
pseudoaleatorias,146.0,2.0357142857142856
pseudoaleatorias,50.0,2.2653061224489797
pseudoaleatorias,240.0,2.357142857142857
pseudoaleatorias,240.0,3.6058673469387754
pseudoaleatorias,74.0,2.5242346938775513
pseudoaleatorias,74.0,2.4323979591836737
pseudoaleatorias,56.0,3.1058673469387754
pseudoaleatorias,51.0,1.346938775510204
pseudoaleatorias,106.0,2.534438775510204
pseudoaleatorias,232.0,3.7487244897959187
pseudoaleatorias,155.0,3.4591836734693877
pseudoaleatorias,215.0,4.13265306122449
pseudoaleatorias,46.0,4.030612244897959
pseudoaleatorias,18.0,1.2448979591836733
pseudoaleatorias,94.0,3.605867346938776
pseudoaleatorias,174.0,2.6772959183673466
pseudoaleatorias,155.0,2.309948979591837
pseudoaleatorias,147.0,3.9528061224489797
pseudoaleatorias,52.0,3.443877551020408
pseudoaleatorias,85.0,3.4630102040816326
pseudoaleatorias,205.0,1.5038265306122447
pseudoaleatorias,193.0,2.860969387755102
pseudoaleatorias,70.0,2.852040816326531
pseudoaleatorias,3.0,0.20408163265306123
pseudoaleatorias,50.0,1.8201530612244896
pseudoaleatorias,146.0,2.75
pseudoaleatorias,185.0,2.4528061224489797
pseudoaleatorias,38.0,2.7653061224489797
pseudoaleatorias,129.0,1.9323979591836733
pseudoaleatorias,27.0,1.0255102040816326
pseudoaleatorias,201.0,3.1058673469387754
pseudoaleatorias,101.0,5.244897959183674
pseudoaleatorias,92.0,2.729591836734694
pseudoaleatorias,81.0,2.525510204081633
pseudoaleatorias,65.0,4.63265306122449
pseudoaleatorias,32.0,0.6581632653061223
pseudoaleatorias,48.0,2.2181122448979593
pseudoaleatorias,230.0,2.566326530612245
pseudoaleatorias,129.0,2.6160714285714284
pseudoaleatorias,207.0,4.401785714285714
pseudoaleatorias,214.0,3.5242346938775513
pseudoaleatorias,248.0,2.9948979591836737
pseudoaleatorias,145.0,4.525510204081633
pseudoaleatorias,90.0,3.0510204081632653
pseudoaleatorias,169.0,2.7589285714285716
pseudoaleatorias,154.0,3.4642857142857144
pseudoaleatorias,194.0,4.596938775510204
pseudoaleatorias,137.0,4.973214285714286
pseudoaleatorias,105.0,3.7181122448979593
pseudoaleatorias,217.0,3.503826530612245
pseudoaleatorias,180.0,3.122448979591837
pseudoaleatorias,85.0,1.4528061224489797
pseudoaleatorias,81.0,2.860969387755102
pseudoaleatorias,185.0,2.75
pseudoaleatorias,248.0,1.9528061224489797
pseudoaleatorias,218.0,2.309948979591837
pseudoaleatorias,99.0,2.13265306122449
pseudoaleatorias,64.0,1.7385204081632655
pseudoaleatorias,29.0,2.622448979591837
pseudoaleatorias,92.0,3.0956632653061225
pseudoaleatorias,78.0,1.8826530612244898
pseudoaleatorias,208.0,2.534438775510204
pseudoaleatorias,204.0,3.4948979591836737
pseudoaleatorias,104.0,2.5510204081632653
pseudoaleatorias,114.0,2.3367346938775513
pseudoaleatorias,46.0,4.258928571428571
pseudoaleatorias,84.0,3.5153061224489797
pseudoaleatorias,17.0,0.8163265306122448
pseudoaleatorias,59.0,2.423469387755102
pseudoaleatorias,216.0,2.2589285714285716
pseudoaleatorias,16.0,0.8813775510204083
pseudoaleatorias,88.0,2.9630102040816326
pseudoaleatorias,247.0,2.2857142857142856
pseudoaleatorias,170.0,4.044642857142857
pseudoaleatorias,131.0,3.2385204081632653
pseudoaleatorias,167.0,3.566326530612245
pseudoaleatorias,107.0,2.066326530612245
pseudoaleatorias,170.0,5.1875
pseudoaleatorias,56.0,2.4081632653061225
pseudoaleatorias,153.0,2.4081632653061225
pseudoaleatorias,179.0,4.258928571428571
pseudoaleatorias,155.0,4.26530612244898
pseudoaleatorias,181.0,4.086734693877551
pseudoaleatorias,127.0,3.352040816326531
pseudoaleatorias,136.0,2.622448979591837
pseudoaleatorias,218.0,4.667091836734693
pseudoaleatorias,74.0,3.1466836734693877
pseudoaleatorias,192.0,2.9897959183673466
pseudoaleatorias,58.0,5.479591836734693
pseudoaleatorias,1.0,0.12244897959183676
pseudoaleatorias,233.0,3.8201530612244894
pseudoaleatorias,80.0,2.392857142857143
pseudoaleatorias,112.0,4.1020408163265305
pseudoaleatorias,222.0,3.4528061224489797
pseudoaleatorias,101.0,3.061224489795918
pseudoaleatorias,177.0,2.979591836734694
pseudoaleatorias,1.0,0.12244897959183676
pseudoaleatorias,108.0,3.248724489795918
pseudoaleatorias,99.0,2.846938775510204
pseudoaleatorias,186.0,3.7589285714285716
pseudoaleatorias,132.0,3.003826530612245
pseudoaleatorias,96.0,1.677295918367347
pseudoaleatorias,243.0,3.167091836734694
pseudoaleatorias,209.0,2.3010204081632653
pseudoaleatorias,160.0,6.887755102040816
pseudoaleatorias,193.0,3.2448979591836737
pseudoaleatorias,245.0,2.330357142857143
pseudoaleatorias,129.0,3.9183673469387754
pseudoaleatorias,41.0,3.5956632653061225
pseudoaleatorias,241.0,3.0306122448979593
pseudoaleatorias,43.0,2.044642857142857
pseudoaleatorias,77.0,2.0153061224489797
pseudoaleatorias,190.0,3.1377551020408165
pseudoaleatorias,80.0,3.846938775510204
pseudoaleatorias,187.0,3.2806122448979593
pseudoaleatorias,89.0,4.408163265306123
pseudoaleatorias,100.0,1.0446428571428572
pseudoaleatorias,14.0,1.3163265306122451
pseudoaleatorias,84.0,2.4540816326530615
pseudoaleatorias,108.0,3.622448979591837
pseudoaleatorias,134.0,1.336734693877551
pseudoaleatorias,66.0,3.7385204081632653
pseudoaleatorias,206.0,2.6785714285714284
pseudoaleatorias,219.0,2.6772959183673466
pseudoaleatorias,126.0,4.248724489795918
pseudoaleatorias,176.0,5.836734693877552
pseudoaleatorias,243.0,4.479591836734694
pseudoaleatorias,14.0,0.4795918367346938
pseudoaleatorias,25.0,1.2385204081632655
pseudoaleatorias,12.0,0.8112244897959184
pseudoaleatorias,90.0,2.122448979591837
pseudoaleatorias,236.0,2.9732142857142856
pseudoaleatorias,143.0,2.2385204081632653
pseudoaleatorias,120.0,3.9323979591836737
pseudoaleatorias,165.0,4.932397959183674
pseudoaleatorias,114.0,4.5
pseudoaleatorias,111.0,3.489795918367347
pseudoaleatorias,141.0,2.8469387755102042
pseudoaleatorias,99.0,3.3367346938775513
pseudoaleatorias,85.0,2.7091836734693877
pseudoaleatorias,112.0,3.066326530612245
pseudoaleatorias,166.0,3.4591836734693877
pseudoaleatorias,33.0,2.316326530612245
pseudoaleatorias,116.0,3.309948979591837
pseudoaleatorias,242.0,2.2385204081632653
pseudoaleatorias,213.0,3.8826530612244903
pseudoaleatorias,240.0,1.7487244897959184
pseudoaleatorias,170.0,3.729591836734694
pseudoaleatorias,226.0,3.2653061224489797
pseudoaleatorias,59.0,2.0306122448979593
pseudoaleatorias,19.0,0.7142857142857143
pseudoaleatorias,89.0,3.704081632653061
pseudoaleatorias,21.0,1.9540816326530612
pseudoaleatorias,214.0,2.122448979591837
pseudoaleatorias,214.0,1.7895408163265305
pseudoaleatorias,191.0,5.024234693877551
pseudoaleatorias,5.0,0.14668367346938774
pseudoaleatorias,6.0,0.16836734693877548
pseudoaleatorias,185.0,2.075255102040816
pseudoaleatorias,202.0,4.901785714285714
pseudoaleatorias,103.0,3.1326530612244894
pseudoaleatorias,159.0,2.1058673469387754
pseudoaleatorias,32.0,2.989795918367347
pseudoaleatorias,249.0,1.8112244897959184
pseudoaleatorias,95.0,3.034438775510204
pseudoaleatorias,81.0,2.330357142857143
pseudoaleatorias,66.0,3.5510204081632653
pseudoaleatorias,237.0,2.5956632653061225
pseudoaleatorias,3.0,0.31632653061224486
pseudoaleatorias,189.0,5.994897959183674
pseudoaleatorias,131.0,2.852040816326531
pseudoaleatorias,209.0,1.0752551020408163
pseudoaleatorias,227.0,4.218112244897959
pseudoaleatorias,28.0,1.8928571428571428
pseudoaleatorias,101.0,3.5956632653061225
pseudoaleatorias,58.0,1.836734693877551
pseudoaleatorias,240.0,3.9732142857142856
pseudoaleatorias,3.0,0.12244897959183676
pseudoaleatorias,190.0,1.4183673469387756
pseudoaleatorias,8.0,0.2895408163265306
pseudoaleatorias,236.0,2.391581632653061
pseudoaleatorias,144.0,2.0956632653061225
pseudoaleatorias,45.0,3.6581632653061225
pseudoaleatorias,60.0,4.1938775510204085
pseudoaleatorias,150.0,2.3201530612244903
pseudoaleatorias,77.0,3.8010204081632653
pseudoaleatorias,175.0,3.3010204081632653
pseudoaleatorias,15.0,0.4630102040816327
pseudoaleatorias,193.0,2.2806122448979593
pseudoaleatorias,165.0,3.789540816326531
pseudoaleatorias,3.0,0.12244897959183676
pseudoaleatorias,121.0,4.668367346938775
pseudoaleatorias,3.0,0.2755102040816327
pseudoaleatorias,118.0,2.6466836734693877
pseudoaleatorias,90.0,4.7895408163265305
pseudoaleatorias,204.0,1.8520408163265307
pseudoaleatorias,128.0,3.4897959183673466
pseudoaleatorias,155.0,4.177295918367347
pseudoaleatorias,16.0,1.530612244897959
pseudoaleatorias,183.0,1.6326530612244898
pseudoaleatorias,52.0,4.836734693877551
pseudoaleatorias,43.0,2.979591836734694
pseudoaleatorias,211.0,5.173469387755103
pseudoaleatorias,198.0,4.418367346938775
pseudoaleatorias,94.0,1.846938775510204
pseudoaleatorias,23.0,0.8469387755102041
pseudoaleatorias,51.0,2.2755102040816326
pseudoaleatorias,49.0,2.4528061224489797
pseudoaleatorias,46.0,2.122448979591837
pseudoaleatorias,70.0,3.4540816326530615
pseudoaleatorias,241.0,2.6772959183673466
pseudoaleatorias,214.0,4.086734693877551
pseudoaleatorias,154.0,2.4540816326530615
pseudoaleatorias,208.0,2.167091836734694
pseudoaleatorias,147.0,3.881377551020408
pseudoaleatorias,39.0,2.7091836734693873
pseudoaleatorias,244.0,1.5663265306122447
pseudoaleatorias,47.0,2.5242346938775513
pseudoaleatorias,64.0,4.7895408163265305
pseudoaleatorias,167.0,3.4017857142857144
pseudoaleatorias,73.0,2.6466836734693877
pseudoaleatorias,123.0,3.0357142857142856
pseudoaleatorias,80.0,2.3201530612244894
pseudoaleatorias,99.0,1.860969387755102
pseudoaleatorias,123.0,3.360969387755102
pseudoaleatorias,104.0,3.2181122448979593
pseudoaleatorias,134.0,2.352040816326531
pseudoaleatorias,166.0,2.667091836734694
pseudoaleatorias,124.0,4.209183673469388
pseudoaleatorias,73.0,4.061224489795918
pseudoaleatorias,19.0,0.5446428571428571
pseudoaleatorias,241.0,2.4528061224489797
pseudoaleatorias,230.0,2.7091836734693877
pseudoaleatorias,140.0,2.503826530612245
pseudoaleatorias,28.0,1.9732142857142858
pseudoaleatorias,235.0,3.454081632653061
pseudoaleatorias,128.0,2.3201530612244894
pseudoaleatorias,145.0,2.167091836734694
pseudoaleatorias,109.0,3.544642857142857
pseudoaleatorias,1.0,0.12244897959183676
pseudoaleatorias,31.0,3.265306122448979
pseudoaleatorias,148.0,2.534438775510204
pseudoaleatorias,40.0,2.0306122448979593
pseudoaleatorias,65.0,3.4081632653061225
pseudoaleatorias,97.0,2.0153061224489797
pseudoaleatorias,141.0,2.4528061224489797
pseudoaleatorias,250.0,3.2653061224489797
pseudoaleatorias,69.0,1.4795918367346939
pseudoaleatorias,199.0,3.704081632653061
pseudoaleatorias,89.0,1.9081632653061225
pseudoaleatorias,99.0,4.846938775510204
pseudoaleatorias,114.0,3.2091836734693877
pseudoaleatorias,162.0,6.530612244897959
pseudoaleatorias,194.0,3.1377551020408165
pseudoaleatorias,146.0,3.0752551020408165
pseudoaleatorias,122.0,2.534438775510204
pseudoaleatorias,32.0,1.346938775510204
pseudoaleatorias,159.0,1.9732142857142858
pseudoaleatorias,121.0,3.7653061224489797
pseudoaleatorias,77.0,2.7448979591836737
pseudoaleatorias,210.0,1.218112244897959
pseudoaleatorias,224.0,3.852040816326531
pseudoaleatorias,72.0,2.5242346938775513
pseudoaleatorias,104.0,4.387755102040816
pseudoaleatorias,53.0,1.5612244897959184
pseudoaleatorias,183.0,3.168367346938776
pseudoaleatorias,122.0,5.595663265306123
pseudoaleatorias,21.0,1.086734693877551
pseudoaleatorias,212.0,2.4017857142857144
pseudoaleatorias,231.0,3.607142857142857
pseudoaleatorias,224.0,3.7806122448979593
pseudoaleatorias,64.0,3.061224489795918
pseudoaleatorias,189.0,2.872448979591837
pseudoaleatorias,130.0,1.9438775510204083
pseudoaleatorias,143.0,2.3201530612244894
pseudoaleatorias,194.0,4.142857142857143
pseudoaleatorias,208.0,2.6058673469387754
pseudoaleatorias,78.0,2.4591836734693877
pseudoaleatorias,122.0,4.566326530612245
pseudoaleatorias,59.0,3.8112244897959187
pseudoaleatorias,240.0,2.2040816326530615
pseudoaleatorias,210.0,3.892857142857143
pseudoaleatorias,88.0,4.428571428571429
pseudoaleatorias,116.0,2.4081632653061225
pseudoaleatorias,63.0,5.596938775510204
pseudoaleatorias,83.0,3.316326530612245
pseudoaleatorias,117.0,2.5153061224489797
pseudoaleatorias,126.0,2.6875
pseudoaleatorias,157.0,3.6058673469387754
pseudoaleatorias,156.0,2.503826530612245
pseudoaleatorias,85.0,1.4795918367346939
pseudoaleatorias,45.0,1.7142857142857142
pseudoaleatorias,139.0,2.7385204081632653
pseudoaleatorias,158.0,2.8010204081632653
pseudoaleatorias,79.0,4.658163265306123
pseudoaleatorias,112.0,3.7385204081632653
pseudoaleatorias,249.0,1.5153061224489797
pseudoaleatorias,85.0,1.423469387755102
pseudoaleatorias,72.0,2.816326530612245
pseudoaleatorias,40.0,3.229591836734694
pseudoaleatorias,217.0,2.2385204081632653
pseudoaleatorias,100.0,2.0357142857142856
pseudoaleatorias,43.0,1.9948979591836735
pseudoaleatorias,39.0,1.1058673469387754
pseudoaleatorias,164.0,2.177295918367347
pseudoaleatorias,70.0,2.7806122448979593
pseudoaleatorias,72.0,5.658163265306122
pseudoaleatorias,54.0,3.6785714285714284
pseudoaleatorias,179.0,5.1020408163265305
pseudoaleatorias,152.0,1.7487244897959184
pseudoaleatorias,114.0,3.3112244897959187
pseudoaleatorias,79.0,3.1875
pseudoaleatorias,51.0,1.8877551020408165
pseudoaleatorias,135.0,5.301020408163265
pseudoaleatorias,179.0,4.238520408163265
pseudoaleatorias,4.0,0.38775510204081626
pseudoaleatorias,25.0,1.2653061224489797
pseudoaleatorias,16.0,0.7397959183673469
pseudoaleatorias,11.0,0.6875
pseudoaleatorias,241.0,2.357142857142857
pseudoaleatorias,238.0,4.003826530612245
pseudoaleatorias,230.0,4.248724489795918
pseudoaleatorias,59.0,4.1938775510204085
pseudoaleatorias,184.0,2.0867346938775513
pseudoaleatorias,214.0,3.5510204081632653
pseudoaleatorias,68.0,2.860969387755102
pseudoaleatorias,220.0,3.1683673469387754
pseudoaleatorias,68.0,3.066326530612245
pseudoaleatorias,71.0,2.596938775510204
pseudoaleatorias,99.0,2.8826530612244903
pseudoaleatorias,237.0,2.5
pseudoaleatorias,125.0,3.0956632653061225
pseudoaleatorias,105.0,2.544642857142857
pseudoaleatorias,137.0,1.4540816326530612
pseudoaleatorias,247.0,3.748724489795918
pseudoaleatorias,29.0,1.7589285714285714
pseudoaleatorias,131.0,2.9732142857142856
pseudoaleatorias,134.0,2.6058673469387754
pseudoaleatorias,111.0,2.693877551020408
pseudoaleatorias,216.0,2.4017857142857144
pseudoaleatorias,24.0,2.2448979591836737
pseudoaleatorias,213.0,4.738520408163266
pseudoaleatorias,98.0,1.524234693877551
pseudoaleatorias,54.0,3.316326530612245
pseudoaleatorias,186.0,1.75
pseudoaleatorias,19.0,1.1772959183673468
pseudoaleatorias,54.0,3.4591836734693877
pseudoaleatorias,108.0,2.003826530612245
pseudoaleatorias,194.0,3.0956632653061225
pseudoaleatorias,193.0,2.1058673469387754
pseudoaleatorias,207.0,4.107142857142857
pseudoaleatorias,102.0,4.13265306122449
pseudoaleatorias,178.0,2.534438775510204
pseudoaleatorias,86.0,2.003826530612245
pseudoaleatorias,11.0,0.5510204081632654
pseudoaleatorias,191.0,5.524234693877551
pseudoaleatorias,32.0,4.051020408163265
pseudoaleatorias,87.0,3.5357142857142856
pseudoaleatorias,240.0,2.4017857142857144
pseudoaleatorias,150.0,2.7142857142857144
pseudoaleatorias,137.0,1.8724489795918369
pseudoaleatorias,197.0,2.2448979591836737
pseudoaleatorias,215.0,2.0255102040816326
pseudoaleatorias,205.0,3.5242346938775513
pseudoaleatorias,181.0,2.7181122448979593
pseudoaleatorias,168.0,2.024234693877551
pseudoaleatorias,54.0,2.6875
pseudoaleatorias,56.0,2.718112244897959
pseudoaleatorias,8.0,0.30102040816326525
pseudoaleatorias,248.0,2.5242346938775513
pseudoaleatorias,168.0,3.6160714285714284
pseudoaleatorias,54.0,3.1326530612244894
pseudoaleatorias,210.0,4.6020408163265305
pseudoaleatorias,203.0,2.667091836734694
pseudoaleatorias,200.0,4.535714285714286
pseudoaleatorias,248.0,2.316326530612245
pseudoaleatorias,55.0,4.360969387755103
pseudoaleatorias,234.0,3.891581632653061
pseudoaleatorias,107.0,2.667091836734694
pseudoaleatorias,153.0,3.2091836734693877
pseudoaleatorias,93.0,2.7091836734693877
pseudoaleatorias,118.0,2.5867346938775513
pseudoaleatorias,220.0,1.8724489795918369
pseudoaleatorias,124.0,3.673469387755102
pseudoaleatorias,211.0,4.586734693877551
pseudoaleatorias,100.0,3.534438775510204
pseudoaleatorias,234.0,1.7487244897959184
pseudoaleatorias,210.0,4.607142857142857
pseudoaleatorias,205.0,2.891581632653061
pseudoaleatorias,235.0,3.3201530612244894
pseudoaleatorias,106.0,2.248724489795918
pseudoaleatorias,180.0,3.044642857142857
pseudoaleatorias,59.0,1.8915816326530612
pseudoaleatorias,5.0,0.7040816326530611
pseudoaleatorias,127.0,5.066326530612245
pseudoaleatorias,11.0,0.8469387755102041
pseudoaleatorias,217.0,3.1326530612244894
pseudoaleatorias,47.0,2.2857142857142856
pseudoaleatorias,66.0,2.8010204081632653
pseudoaleatorias,250.0,2.9528061224489797
pseudoaleatorias,72.0,4.765306122448979
pseudoaleatorias,137.0,2.9732142857142856
pseudoaleatorias,231.0,2.9630102040816326
pseudoaleatorias,212.0,4.3520408163265305
pseudoaleatorias,119.0,2.6875
pseudoaleatorias,54.0,3.173469387755102
pseudoaleatorias,93.0,2.6772959183673466
pseudoaleatorias,40.0,2.5969387755102042
pseudoaleatorias,136.0,1.9630102040816326
pseudoaleatorias,194.0,2.602040816326531
pseudoaleatorias,68.0,3.25
pseudoaleatorias,230.0,2.729591836734694
pseudoaleatorias,186.0,2.8367346938775513
pseudoaleatorias,73.0,3.4642857142857144
pseudoaleatorias,171.0,3.7181122448979593
pseudoaleatorias,250.0,2.5306122448979593
pseudoaleatorias,232.0,2.9591836734693877
pseudoaleatorias,158.0,2.289540816326531
pseudoaleatorias,18.0,1.1734693877551021
pseudoaleatorias,101.0,4.024234693877551
pseudoaleatorias,60.0,2.5242346938775513
pseudoaleatorias,208.0,2.852040816326531
pseudoaleatorias,143.0,3.6772959183673466
pseudoaleatorias,46.0,2.9081632653061225
pseudoaleatorias,154.0,2.9591836734693877
pseudoaleatorias,66.0,2.667091836734694
pseudoaleatorias,34.0,1.4732142857142858
pseudoaleatorias,76.0,2.8826530612244903
pseudoaleatorias,236.0,2.891581632653061
pseudoaleatorias,86.0,2.667091836734694
pseudoaleatorias,187.0,3.4948979591836737
pseudoaleatorias,42.0,3.4323979591836737
pseudoaleatorias,141.0,2.122448979591837
pseudoaleatorias,108.0,3.979591836734694
pseudoaleatorias,166.0,3.677295918367347
pseudoaleatorias,180.0,2.5714285714285716
pseudoaleatorias,50.0,5.096938775510204
pseudoaleatorias,130.0,3.3877551020408165
pseudoaleatorias,77.0,4.596938775510204
pseudoaleatorias,26.0,3.1326530612244894
pseudoaleatorias,76.0,3.748724489795918
pseudoaleatorias,54.0,2.1058673469387754
pseudoaleatorias,214.0,3.0510204081632653
pseudoaleatorias,179.0,3.5306122448979593
pseudoaleatorias,4.0,0.2755102040816327
pseudoaleatorias,125.0,2.622448979591837
pseudoaleatorias,63.0,2.372448979591837
pseudoaleatorias,132.0,4.209183673469388
pseudoaleatorias,75.0,2.280612244897959
pseudoaleatorias,206.0,2.3201530612244894
pseudoaleatorias,198.0,2.392857142857143
pseudoaleatorias,23.0,1.3099489795918369
pseudoaleatorias,156.0,2.173469387755102
pseudoaleatorias,12.0,0.39285714285714285
pseudoaleatorias,234.0,3.6785714285714284
pseudoaleatorias,154.0,3.0242346938775513
pseudoaleatorias,137.0,3.003826530612245
pseudoaleatorias,218.0,3.372448979591837
pseudoaleatorias,210.0,5.096938775510204
pseudoaleatorias,178.0,2.4081632653061225
pseudoaleatorias,64.0,3.3877551020408165
pseudoaleatorias,90.0,3.167091836734694
pseudoaleatorias,11.0,0.5612244897959183
pseudoaleatorias,199.0,2.4528061224489797
pseudoaleatorias,44.0,1.8112244897959184
pseudoaleatorias,106.0,4.168367346938775
pseudoaleatorias,18.0,0.8163265306122449
pseudoaleatorias,140.0,2.852040816326531
pseudoaleatorias,124.0,1.836734693877551
pseudoaleatorias,165.0,2.6683673469387754
pseudoaleatorias,75.0,2.7091836734693877
pseudoaleatorias,74.0,2.789540816326531
pseudoaleatorias,9.0,0.4897959183673469
pseudoaleatorias,205.0,2.6772959183673466
pseudoaleatorias,160.0,3.748724489795918
pseudoaleatorias,4.0,0.38775510204081626
pseudoaleatorias,247.0,1.6875
pseudoaleatorias,235.0,1.7040816326530612
pseudoaleatorias,164.0,4.360969387755103
pseudoaleatorias,114.0,2.309948979591837
pseudoaleatorias,15.0,0.6683673469387755
pseudoaleatorias,74.0,4.7653061224489806
pseudoaleatorias,104.0,2.3826530612244903
pseudoaleatorias,225.0,2.4528061224489797
pseudoaleatorias,87.0,2.739795918367347
pseudoaleatorias,46.0,1.860969387755102
pseudoaleatorias,150.0,4.146683673469388
pseudoaleatorias,11.0,0.5663265306122448
pseudoaleatorias,223.0,5.4528061224489806
pseudoaleatorias,32.0,2.9897959183673466
pseudoaleatorias,207.0,3.5956632653061225
pseudoaleatorias,184.0,2.6466836734693877
pseudoaleatorias,171.0,2.3877551020408165
pseudoaleatorias,225.0,3.811224489795918
pseudoaleatorias,156.0,4.218112244897959
pseudoaleatorias,247.0,2.6377551020408165
pseudoaleatorias,106.0,2.534438775510204
pseudoaleatorias,182.0,5.7397959183673475
pseudoaleatorias,91.0,2.1466836734693877
pseudoaleatorias,98.0,2.9732142857142856
pseudoaleatorias,14.0,1.173469387755102
pseudoaleatorias,75.0,3.9285714285714284
pseudoaleatorias,43.0,3.1377551020408165
pseudoaleatorias,226.0,2.479591836734694
pseudoaleatorias,235.0,3.1785714285714284
pseudoaleatorias,124.0,2.544642857142857
pseudoaleatorias,145.0,4.673469387755103
pseudoaleatorias,190.0,2.7385204081632653
pseudoaleatorias,167.0,2.0969387755102042
pseudoaleatorias,103.0,2.860969387755102
pseudoaleatorias,6.0,0.38775510204081637
pseudoaleatorias,64.0,2.239795918367347
pseudoaleatorias,244.0,2.534438775510204
pseudoaleatorias,40.0,2.9183673469387754
pseudoaleatorias,79.0,3.3201530612244894
pseudoaleatorias,88.0,4.891581632653062
pseudoaleatorias,196.0,2.5357142857142856
pseudoaleatorias,222.0,2.122448979591837
pseudoaleatorias,111.0,2.102040816326531
pseudoaleatorias,90.0,2.9323979591836737
pseudoaleatorias,213.0,3.3112244897959187
pseudoaleatorias,60.0,4.26530612244898
pseudoaleatorias,221.0,3.544642857142857
pseudoaleatorias,58.0,3.0242346938775513
pseudoaleatorias,10.0,0.7857142857142857
pseudoaleatorias,37.0,3.0867346938775513
pseudoaleatorias,221.0,3.360969387755102
pseudoaleatorias,54.0,3.1326530612244894
pseudoaleatorias,175.0,3.503826530612245
pseudoaleatorias,234.0,2.5752551020408165
pseudoaleatorias,21.0,1.3877551020408165
pseudoaleatorias,195.0,4.105867346938775
pseudoaleatorias,9.0,0.7040816326530612
pseudoaleatorias,206.0,3.044642857142857
pseudoaleatorias,209.0,2.6326530612244894
pseudoaleatorias,135.0,2.5153061224489797
pseudoaleatorias,210.0,1.6326530612244898
pseudoaleatorias,178.0,3.8877551020408165
pseudoaleatorias,134.0,3.0153061224489797
pseudoaleatorias,76.0,2.693877551020408
pseudoaleatorias,111.0,2.3201530612244894
pseudoaleatorias,182.0,5.595663265306122
pseudoaleatorias,39.0,1.5956632653061225
pseudoaleatorias,201.0,3.7487244897959187
pseudoaleatorias,44.0,1.6058673469387752
pseudoaleatorias,224.0,2.5752551020408165
pseudoaleatorias,9.0,0.8571428571428571
pseudoaleatorias,169.0,4.693877551020408
pseudoaleatorias,169.0,3.5867346938775513
pseudoaleatorias,203.0,2.4323979591836737
pseudoaleatorias,180.0,2.668367346938776
pseudoaleatorias,38.0,3.372448979591837
pseudoaleatorias,217.0,1.9081632653061225
pseudoaleatorias,155.0,3.5752551020408165
pseudoaleatorias,102.0,4.204081632653062
pseudoaleatorias,216.0,3.0956632653061225
pseudoaleatorias,236.0,3.2589285714285716
pseudoaleatorias,176.0,4.473214285714286
pseudoaleatorias,250.0,4.463010204081632
pseudoaleatorias,28.0,1.4438775510204083
pseudoaleatorias,155.0,4.01530612244898
pseudoaleatorias,114.0,3.729591836734694
pseudoaleatorias,119.0,2.0357142857142856
pseudoaleatorias,31.0,1.0956632653061225
pseudoaleatorias,139.0,2.4017857142857144
pseudoaleatorias,59.0,1.9540816326530612
pseudoaleatorias,53.0,4.428571428571429
pseudoaleatorias,48.0,3.0510204081632653
pseudoaleatorias,32.0,2.5510204081632653
pseudoaleatorias,95.0,2.8010204081632653
pseudoaleatorias,174.0,3.8877551020408165
pseudoaleatorias,172.0,3.167091836734694
pseudoaleatorias,62.0,2.5153061224489797
pseudoaleatorias,11.0,0.7653061224489796
pseudoaleatorias,238.0,3.534438775510204
pseudoaleatorias,154.0,2.075255102040816
pseudoaleatorias,43.0,1.4017857142857142
pseudoaleatorias,19.0,0.5510204081632654
pseudoaleatorias,184.0,3.816326530612245
pseudoaleatorias,160.0,2.860969387755102
pseudoaleatorias,169.0,1.8915816326530612
pseudoaleatorias,25.0,1.5752551020408163
pseudoaleatorias,161.0,3.4081632653061225
pseudoaleatorias,88.0,2.602040816326531
pseudoaleatorias,150.0,3.0
pseudoaleatorias,223.0,2.137755102040816
pseudoaleatorias,24.0,1.336734693877551
pseudoaleatorias,108.0,3.316326530612245
pseudoaleatorias,108.0,3.309948979591837
pseudoaleatorias,94.0,3.360969387755102
pseudoaleatorias,60.0,1.9630102040816326
pseudoaleatorias,118.0,2.9897959183673466
pseudoaleatorias,169.0,3.0956632653061225
pseudoaleatorias,45.0,2.7755102040816326
pseudoaleatorias,181.0,3.5956632653061225
pseudoaleatorias,212.0,3.5956632653061225
pseudoaleatorias,133.0,4.044642857142857
pseudoaleatorias,17.0,2.5612244897959187
pseudoaleatorias,209.0,2.1785714285714284
pseudoaleatorias,48.0,3.3112244897959187
pseudoaleatorias,130.0,4.860969387755103
pseudoaleatorias,220.0,3.0752551020408165
pseudoaleatorias,112.0,1.9732142857142858
pseudoaleatorias,40.0,2.122448979591837
pseudoaleatorias,109.0,1.860969387755102
pseudoaleatorias,83.0,3.9528061224489797
pseudoaleatorias,53.0,1.9630102040816324
pseudoaleatorias,181.0,3.443877551020408
pseudoaleatorias,81.0,2.6466836734693877
pseudoaleatorias,248.0,3.2806122448979593
pseudoaleatorias,96.0,2.0344387755102042
pseudoaleatorias,152.0,2.25
pseudoaleatorias,245.0,2.596938775510204
pseudoaleatorias,43.0,3.239795918367347
pseudoaleatorias,25.0,1.7653061224489797
pseudoaleatorias,246.0,2.9591836734693877
pseudoaleatorias,174.0,6.25
pseudoaleatorias,235.0,2.809948979591837
pseudoaleatorias,21.0,1.0153061224489794
pseudoaleatorias,231.0,2.9183673469387754
pseudoaleatorias,3.0,0.4591836734693877
pseudoaleatorias,176.0,3.1683673469387754
pseudoaleatorias,98.0,2.177295918367347
pseudoaleatorias,87.0,4.248724489795918
pseudoaleatorias,75.0,1.8201530612244898
pseudoaleatorias,162.0,4.244897959183674
pseudoaleatorias,55.0,4.105867346938775
pseudoaleatorias,220.0,2.503826530612245
pseudoaleatorias,200.0,4.860969387755103
pseudoaleatorias,3.0,0.12244897959183676
pseudoaleatorias,155.0,3.7385204081632653
pseudoaleatorias,34.0,2.7448979591836737
pseudoaleatorias,226.0,3.4528061224489797
pseudoaleatorias,134.0,2.5752551020408165
pseudoaleatorias,148.0,4.311224489795919
pseudoaleatorias,27.0,1.0752551020408163
pseudoaleatorias,49.0,2.816326530612245
pseudoaleatorias,121.0,3.2806122448979593
pseudoaleatorias,20.0,0.923469387755102
pseudoaleatorias,22.0,1.2385204081632655
pseudoaleatorias,68.0,2.423469387755102
pseudoaleatorias,247.0,2.218112244897959
pseudoaleatorias,149.0,2.8201530612244894
pseudoaleatorias,25.0,1.2857142857142858
pseudoaleatorias,100.0,2.6875
pseudoaleatorias,65.0,4.667091836734693
pseudoaleatorias,169.0,2.9528061224489797
pseudoaleatorias,63.0,1.6058673469387756
pseudoaleatorias,90.0,3.566326530612245
pseudoaleatorias,183.0,3.3201530612244903
pseudoaleatorias,26.0,1.4795918367346939
pseudoaleatorias,3.0,0.5306122448979591
pseudoaleatorias,127.0,4.428571428571429
pseudoaleatorias,16.0,0.7806122448979591
pseudoaleatorias,7.0,1.0
pseudoaleatorias,159.0,2.5714285714285716
pseudoaleatorias,193.0,3.4323979591836737
pseudoaleatorias,75.0,5.881377551020408
pseudoaleatorias,135.0,3.816326530612245
pseudoaleatorias,235.0,2.0714285714285716
pseudoaleatorias,48.0,2.642857142857143
pseudoaleatorias,121.0,2.4591836734693877
pseudoaleatorias,199.0,4.13265306122449
pseudoaleatorias,50.0,2.5153061224489797
pseudoaleatorias,142.0,2.7653061224489797
pseudoaleatorias,125.0,2.2385204081632653
pseudoaleatorias,44.0,3.346938775510204
pseudoaleatorias,123.0,3.8201530612244894
pseudoaleatorias,180.0,3.596938775510204
pseudoaleatorias,96.0,2.2448979591836737
pseudoaleatorias,190.0,1.9732142857142858
pseudoaleatorias,70.0,2.391581632653061
pseudoaleatorias,25.0,2.0714285714285716
pseudoaleatorias,94.0,4.432397959183674
pseudoaleatorias,106.0,4.309948979591836
pseudoaleatorias,87.0,2.4630102040816326
pseudoaleatorias,95.0,1.3099489795918369
pseudoaleatorias,39.0,4.6020408163265305
pseudoaleatorias,80.0,2.2653061224489797
pseudoaleatorias,103.0,4.432397959183674
pseudoaleatorias,217.0,4.173469387755103
pseudoaleatorias,130.0,3.3112244897959187
pseudoaleatorias,178.0,2.1160714285714284
pseudoaleatorias,127.0,1.836734693877551
pseudoaleatorias,38.0,3.3367346938775513
pseudoaleatorias,107.0,4.311224489795918
pseudoaleatorias,207.0,2.566326530612245
pseudoaleatorias,175.0,2.218112244897959
pseudoaleatorias,97.0,3.372448979591837
pseudoaleatorias,62.0,2.891581632653061
pseudoaleatorias,250.0,3.275510204081633
pseudoaleatorias,105.0,2.775510204081633
pseudoaleatorias,226.0,2.7181122448979593
pseudoaleatorias,3.0,0.20408163265306123
pseudoaleatorias,192.0,2.789540816326531
pseudoaleatorias,68.0,3.357142857142857
pseudoaleatorias,93.0,2.9017857142857144
pseudoaleatorias,101.0,3.229591836734694
pseudoaleatorias,221.0,3.8010204081632653
pseudoaleatorias,203.0,3.289540816326531
pseudoaleatorias,180.0,2.391581632653061
pseudoaleatorias,118.0,3.561224489795918
pseudoaleatorias,185.0,3.5956632653061225
pseudoaleatorias,176.0,2.534438775510204
pseudoaleatorias,64.0,1.0612244897959184
pseudoaleatorias,83.0,2.642857142857143
pseudoaleatorias,181.0,2.6466836734693877
pseudoaleatorias,202.0,3.6326530612244894
pseudoaleatorias,68.0,2.852040816326531
pseudoaleatorias,36.0,1.5956632653061225
pseudoaleatorias,25.0,1.1875
pseudoaleatorias,197.0,1.989795918367347
pseudoaleatorias,188.0,3.6466836734693877
pseudoaleatorias,21.0,1.5038265306122447
pseudoaleatorias,201.0,3.4183673469387754
pseudoaleatorias,231.0,2.503826530612245
pseudoaleatorias,48.0,1.218112244897959
pseudoaleatorias,214.0,2.4732142857142856
pseudoaleatorias,65.0,1.7487244897959184
pseudoaleatorias,122.0,3.6772959183673466
pseudoaleatorias,55.0,2.1058673469387754
pseudoaleatorias,174.0,4.248724489795918
pseudoaleatorias,236.0,1.739795918367347
pseudoaleatorias,20.0,0.6683673469387755
pseudoaleatorias,61.0,2.4017857142857144
pseudoaleatorias,205.0,4.464285714285714
pseudoaleatorias,2.0,0.12244897959183676
pseudoaleatorias,30.0,0.5663265306122448
pseudoaleatorias,49.0,4.051020408163265
pseudoaleatorias,51.0,2.1058673469387754
pseudoaleatorias,153.0,3.1160714285714284
pseudoaleatorias,8.0,1.0510204081632653
pseudoaleatorias,156.0,5.372448979591836
pseudoaleatorias,140.0,3.4630102040816326
pseudoaleatorias,156.0,1.9630102040816326
pseudoaleatorias,93.0,1.8813775510204083
pseudoaleatorias,201.0,2.173469387755102
pseudoaleatorias,93.0,3.923469387755102
pseudoaleatorias,126.0,1.586734693877551
pseudoaleatorias,6.0,0.2755102040816327
pseudoaleatorias,169.0,4.105867346938775
pseudoaleatorias,23.0,3.0612244897959187
pseudoaleatorias,101.0,2.102040816326531
pseudoaleatorias,208.0,3.809948979591837
pseudoaleatorias,128.0,3.602040816326531
pseudoaleatorias,56.0,3.5306122448979593
pseudoaleatorias,74.0,2.2755102040816326
pseudoaleatorias,206.0,2.443877551020408
pseudoaleatorias,64.0,1.7142857142857142
pseudoaleatorias,168.0,3.4591836734693877
pseudoaleatorias,194.0,2.9732142857142856
pseudoaleatorias,106.0,1.8915816326530612
pseudoaleatorias,24.0,0.8099489795918368
pseudoaleatorias,203.0,2.4591836734693877
pseudoaleatorias,154.0,4.459183673469388
pseudoaleatorias,40.0,2.4081632653061225
pseudoaleatorias,63.0,3.0242346938775513
pseudoaleatorias,1.0,0.12244897959183676
pseudoaleatorias,12.0,0.7653061224489797
pseudoaleatorias,18.0,0.5153061224489797
pseudoaleatorias,248.0,4.105867346938775
pseudoaleatorias,121.0,2.5752551020408165
pseudoaleatorias,25.0,3.122448979591837
pseudoaleatorias,192.0,4.122448979591836
pseudoaleatorias,150.0,3.248724489795918
pseudoaleatorias,23.0,1.7653061224489797
pseudoaleatorias,104.0,2.534438775510204
pseudoaleatorias,249.0,3.4732142857142856
pseudoaleatorias,218.0,2.4528061224489797
pseudoaleatorias,77.0,2.892857142857143
pseudoaleatorias,2.0,0.34693877551020413
pseudoaleatorias,25.0,1.5510204081632655
pseudoaleatorias,99.0,2.239795918367347
pseudoaleatorias,207.0,3.8367346938775513
pseudoaleatorias,188.0,2.372448979591837
pseudoaleatorias,37.0,1.9795918367346939
pseudoaleatorias,97.0,3.8010204081632653
pseudoaleatorias,109.0,2.9528061224489797
pseudoaleatorias,182.0,2.391581632653061
pseudoaleatorias,127.0,4.667091836734694
pseudoaleatorias,42.0,0.5752551020408163
pseudoaleatorias,101.0,1.9081632653061225
pseudoaleatorias,248.0,4.673469387755103
pseudoaleatorias,41.0,1.6058673469387756
pseudoaleatorias,156.0,2.075255102040816
pseudoaleatorias,148.0,3.0357142857142856
pseudoaleatorias,207.0,2.8877551020408165
pseudoaleatorias,113.0,3.6160714285714284
pseudoaleatorias,147.0,1.3915816326530612
pseudoaleatorias,150.0,3.454081632653061
pseudoaleatorias,183.0,2.9017857142857144
pseudoaleatorias,175.0,3.289540816326531
pseudoaleatorias,69.0,1.3010204081632655
pseudoaleatorias,159.0,3.1058673469387754
pseudoaleatorias,56.0,3.4642857142857144
pseudoaleatorias,39.0,4.544642857142857
pseudoaleatorias,128.0,2.9732142857142856
pseudoaleatorias,64.0,2.5344387755102042
pseudoaleatorias,120.0,4.748724489795919
pseudoaleatorias,59.0,2.5510204081632653
pseudoaleatorias,205.0,3.4528061224489797
pseudoaleatorias,199.0,3.9528061224489797
pseudoaleatorias,87.0,4.146683673469388
pseudoaleatorias,128.0,2.7755102040816326
pseudoaleatorias,146.0,3.8915816326530615
pseudoaleatorias,116.0,3.9528061224489797
pseudoaleatorias,201.0,3.316326530612245
pseudoaleatorias,187.0,4.667091836734693
pseudoaleatorias,98.0,3.1785714285714284
pseudoaleatorias,206.0,4.387755102040816
pseudoaleatorias,94.0,1.3099489795918369
pseudoaleatorias,111.0,2.693877551020408
pseudoaleatorias,11.0,0.4642857142857143
pseudoaleatorias,170.0,1.8099489795918369
pseudoaleatorias,157.0,1.8813775510204083
pseudoaleatorias,103.0,2.809948979591837
pseudoaleatorias,136.0,1.5153061224489797
pseudoaleatorias,65.0,2.2142857142857144
pseudoaleatorias,45.0,1.459183673469388
pseudoaleatorias,141.0,2.4183673469387754
pseudoaleatorias,173.0,4.061224489795919
pseudoaleatorias,166.0,3.4323979591836737
pseudoaleatorias,116.0,2.479591836734694
pseudoaleatorias,158.0,2.9285714285714284
pseudoaleatorias,125.0,3.102040816326531
pseudoaleatorias,12.0,0.9285714285714286
pseudoaleatorias,127.0,3.809948979591837
pseudoaleatorias,120.0,2.4528061224489797
pseudoaleatorias,60.0,1.6326530612244898
pseudoaleatorias,142.0,3.7806122448979593
pseudoaleatorias,107.0,3.248724489795918
pseudoaleatorias,102.0,3.4081632653061225
pseudoaleatorias,237.0,5.168367346938775
pseudoaleatorias,160.0,2.6058673469387754
pseudoaleatorias,51.0,3.096938775510204
pseudoaleatorias,58.0,3.954081632653061
pseudoaleatorias,75.0,2.0956632653061225
pseudoaleatorias,52.0,2.6466836734693877
pseudoaleatorias,227.0,2.881377551020408
pseudoaleatorias,149.0,3.177295918367347
pseudoaleatorias,146.0,3.1377551020408165
pseudoaleatorias,136.0,2.75
pseudoaleatorias,237.0,1.8099489795918369
pseudoaleatorias,128.0,2.809948979591837
pseudoaleatorias,61.0,3.479591836734694
pseudoaleatorias,210.0,2.602040816326531
pseudoaleatorias,101.0,2.4732142857142856
pseudoaleatorias,141.0,2.667091836734694
pseudoaleatorias,237.0,3.311224489795918
pseudoaleatorias,214.0,2.2806122448979593
pseudoaleatorias,85.0,3.443877551020408
pseudoaleatorias,242.0,1.6581632653061225
pseudoaleatorias,78.0,2.9897959183673466
pseudoaleatorias,66.0,1.524234693877551
pseudoaleatorias,141.0,1.9285714285714286
pseudoaleatorias,91.0,3.239795918367347
pseudoaleatorias,34.0,2.3877551020408165
pseudoaleatorias,73.0,2.443877551020408
pseudoaleatorias,238.0,2.693877551020408
pseudoaleatorias,245.0,2.075255102040816
pseudoaleatorias,192.0,3.954081632653061
pseudoaleatorias,14.0,0.729591836734694
pseudoaleatorias,25.0,1.1071428571428572
pseudoaleatorias,114.0,2.8112244897959187
pseudoaleatorias,233.0,4.454081632653061
pseudoaleatorias,125.0,5.122448979591836
pseudoaleatorias,48.0,1.9630102040816326
pseudoaleatorias,23.0,1.1224489795918366
pseudoaleatorias,136.0,1.7385204081632655
pseudoaleatorias,211.0,3.891581632653061
pseudoaleatorias,214.0,2.4081632653061225
pseudoaleatorias,44.0,1.8163265306122451
pseudoaleatorias,140.0,1.8813775510204083
pseudoaleatorias,44.0,2.7755102040816326
pseudoaleatorias,86.0,1.4438775510204083
pseudoaleatorias,234.0,2.673469387755102
pseudoaleatorias,198.0,2.667091836734694
pseudoaleatorias,26.0,1.2487244897959184
pseudoaleatorias,8.0,0.7653061224489796
pseudoaleatorias,28.0,1.1670918367346939
pseudoaleatorias,169.0,2.2653061224489797
pseudoaleatorias,216.0,1.8010204081632655
pseudoaleatorias,201.0,3.4948979591836737
pseudoaleatorias,174.0,3.3201530612244894
pseudoaleatorias,120.0,2.5306122448979593
pseudoaleatorias,68.0,4.463010204081632
pseudoaleatorias,133.0,2.0969387755102042
pseudoaleatorias,161.0,1.9795918367346939
pseudoaleatorias,4.0,0.38775510204081626
pseudoaleatorias,28.0,1.534438775510204
pseudoaleatorias,16.0,0.6058673469387755
pseudoaleatorias,39.0,1.2448979591836735
pseudoaleatorias,203.0,2.954081632653061
pseudoaleatorias,85.0,1.9323979591836733
pseudoaleatorias,97.0,3.4630102040816326
pseudoaleatorias,108.0,2.2653061224489797
pseudoaleatorias,208.0,2.8826530612244903
pseudoaleatorias,42.0,3.1581632653061225
pseudoaleatorias,152.0,4.086734693877551
pseudoaleatorias,250.0,2.280612244897959
pseudoaleatorias,94.0,3.003826530612245
pseudoaleatorias,248.0,2.5242346938775513
pseudoaleatorias,216.0,3.173469387755102
pseudoaleatorias,156.0,3.2181122448979593
pseudoaleatorias,111.0,4.025510204081632
pseudoaleatorias,132.0,1.8201530612244898
pseudoaleatorias,119.0,3.789540816326531
pseudoaleatorias,70.0,3.391581632653061
pseudoaleatorias,195.0,3.9183673469387754
pseudoaleatorias,225.0,3.5752551020408165
pseudoaleatorias,58.0,2.729591836734694
pseudoaleatorias,105.0,2.360969387755102
pseudoaleatorias,104.0,2.1377551020408165
pseudoaleatorias,93.0,3.2385204081632653
pseudoaleatorias,130.0,4.391581632653061
pseudoaleatorias,20.0,1.1020408163265307
pseudoaleatorias,8.0,0.3915816326530612
pseudoaleatorias,197.0,3.4897959183673466
pseudoaleatorias,114.0,3.9897959183673466
pseudoaleatorias,39.0,2.4732142857142856
pseudoaleatorias,235.0,3.3826530612244903
pseudoaleatorias,5.0,0.45918367346938777
pseudoaleatorias,241.0,3.330357142857143
pseudoaleatorias,189.0,1.596938775510204
pseudoaleatorias,37.0,1.003826530612245
pseudoaleatorias,122.0,2.1160714285714284
pseudoaleatorias,26.0,0.9323979591836735
pseudoaleatorias,122.0,2.8010204081632653
pseudoaleatorias,109.0,3.360969387755102
pseudoaleatorias,48.0,2.2040816326530615
pseudoaleatorias,230.0,3.2385204081632653
pseudoaleatorias,74.0,2.381377551020408
pseudoaleatorias,250.0,1.8112244897959184
pseudoaleatorias,146.0,2.9630102040816326
pseudoaleatorias,12.0,0.846938775510204
pseudoaleatorias,123.0,3.1466836734693877
pseudoaleatorias,161.0,3.1377551020408165
pseudoaleatorias,111.0,4.575255102040816
pseudoaleatorias,208.0,2.0867346938775513
pseudoaleatorias,207.0,1.4183673469387756
pseudoaleatorias,233.0,2.8201530612244894
pseudoaleatorias,144.0,2.9948979591836737
pseudoaleatorias,181.0,4.003826530612245
pseudoaleatorias,114.0,3.9540816326530615
pseudoaleatorias,185.0,4.575255102040816
pseudoaleatorias,204.0,4.503826530612245
pseudoaleatorias,23.0,0.8813775510204083
pseudoaleatorias,29.0,2.602040816326531
pseudoaleatorias,100.0,1.9732142857142858
pseudoaleatorias,237.0,4.392857142857143
pseudoaleatorias,154.0,5.248724489795919
pseudoaleatorias,128.0,3.789540816326531
aleatorias,30.0,1.8571428571428572
aleatorias,80.0,3.1058673469387754
aleatorias,117.0,11.85204081632653
aleatorias,71.0,3.204081632653061
aleatorias,15.0,1.4323979591836733
aleatorias,80.0,3.9897959183673466
aleatorias,91.0,4.423469387755103
aleatorias,85.0,6.887755102040816
aleatorias,230.0,11.321428571428571
aleatorias,34.0,1.3520408163265305
aleatorias,45.0,1.6875
aleatorias,109.0,4.693877551020408
aleatorias,35.0,3.6326530612244894
aleatorias,16.0,1.034438775510204
aleatorias,109.0,4.596938775510204
aleatorias,106.0,5.423469387755103
aleatorias,152.0,7.678571428571429
aleatorias,129.0,7.238520408163266
aleatorias,45.0,1.8915816326530612
aleatorias,51.0,3.4323979591836737
aleatorias,98.0,7.034438775510204
aleatorias,166.0,7.146683673469388
aleatorias,36.0,1.718112244897959
aleatorias,91.0,2.3201530612244894
aleatorias,14.0,1.3826530612244898
aleatorias,52.0,2.5242346938775513
aleatorias,19.0,0.8813775510204082
aleatorias,59.0,2.8201530612244894
aleatorias,139.0,3.2142857142857144
aleatorias,52.0,3.8201530612244894
aleatorias,181.0,9.003826530612246
aleatorias,118.0,3.5
aleatorias,32.0,2.0306122448979593
aleatorias,79.0,5.248724489795919
aleatorias,35.0,2.218112244897959
aleatorias,82.0,3.8367346938775513
aleatorias,31.0,1.003826530612245
aleatorias,19.0,1.024234693877551
aleatorias,107.0,5.8813775510204085
aleatorias,24.0,0.6683673469387755
aleatorias,86.0,2.943877551020408
aleatorias,37.0,2.122448979591837
aleatorias,220.0,8.58673469387755
aleatorias,83.0,5.003826530612245
aleatorias,146.0,8.38265306122449
aleatorias,196.0,8.646683673469388
aleatorias,56.0,4.248724489795918
aleatorias,83.0,3.816326530612245
aleatorias,67.0,4.044642857142857
aleatorias,24.0,0.9528061224489796
aleatorias,90.0,3.5306122448979593
aleatorias,33.0,2.881377551020408
aleatorias,108.0,6.0
aleatorias,19.0,1.1058673469387756
aleatorias,150.0,7.809948979591836
aleatorias,32.0,2.5357142857142856
aleatorias,173.0,5.9528061224489806
aleatorias,60.0,5.142857142857143
aleatorias,61.0,4.51530612244898
aleatorias,176.0,7.544642857142857
aleatorias,235.0,9.01530612244898
aleatorias,107.0,4.086734693877551
aleatorias,62.0,3.6326530612244894
aleatorias,44.0,3.391581632653061
aleatorias,65.0,3.739795918367347
aleatorias,12.0,1.2385204081632655
aleatorias,106.0,10.76530612244898
aleatorias,29.0,1.1581632653061225
aleatorias,2.0,0.2385204081632653
aleatorias,91.0,7.605867346938775
aleatorias,63.0,3.7385204081632653
aleatorias,77.0,3.668367346938776
aleatorias,74.0,5.9897959183673475
aleatorias,29.0,1.6377551020408165
aleatorias,83.0,2.6772959183673466
aleatorias,13.0,0.7142857142857143
aleatorias,30.0,1.5
aleatorias,38.0,1.0612244897959184
aleatorias,31.0,2.809948979591837
aleatorias,105.0,5.459183673469388
aleatorias,56.0,3.204081632653061
aleatorias,89.0,5.105867346938775
aleatorias,172.0,6.280612244897959
aleatorias,62.0,4.32015306122449
aleatorias,88.0,8.932397959183673
aleatorias,59.0,4.105867346938775
aleatorias,98.0,5.32015306122449
aleatorias,59.0,2.2448979591836737
aleatorias,66.0,3.239795918367347
aleatorias,197.0,10.401785714285714
aleatorias,45.0,3.605867346938776
aleatorias,238.0,12.105867346938776
aleatorias,140.0,6.1938775510204085
aleatorias,181.0,10.994897959183673
aleatorias,207.0,13.718112244897961
aleatorias,148.0,5.32015306122449
aleatorias,91.0,3.923469387755102
aleatorias,44.0,2.167091836734694
aleatorias,10.0,0.5038265306122449
aleatorias,104.0,3.381377551020408
aleatorias,32.0,1.2142857142857142
aleatorias,87.0,4.075255102040816
aleatorias,42.0,1.534438775510204
aleatorias,29.0,1.524234693877551
aleatorias,207.0,7.116071428571429
aleatorias,59.0,3.943877551020408
aleatorias,34.0,2.360969387755102
aleatorias,53.0,1.6938775510204083
aleatorias,84.0,5.391581632653062
aleatorias,105.0,7.979591836734694
aleatorias,208.0,16.1875
aleatorias,214.0,8.463010204081632
aleatorias,58.0,2.391581632653061
aleatorias,117.0,4.8813775510204085
aleatorias,73.0,3.167091836734694
aleatorias,158.0,7.178571428571429
aleatorias,129.0,6.622448979591837
aleatorias,115.0,6.524234693877552
aleatorias,106.0,4.2895408163265305
aleatorias,61.0,2.5956632653061225
aleatorias,83.0,6.204081632653062
aleatorias,101.0,4.346938775510204
aleatorias,14.0,0.2755102040816327
aleatorias,207.0,8.35204081632653
aleatorias,195.0,12.258928571428571
aleatorias,22.0,1.7142857142857142
aleatorias,12.0,0.8163265306122449
aleatorias,177.0,6.566326530612245
aleatorias,29.0,2.066326530612245
aleatorias,43.0,2.5306122448979593
aleatorias,57.0,3.789540816326531
aleatorias,96.0,6.8813775510204085
aleatorias,46.0,2.5242346938775513
aleatorias,31.0,1.8099489795918366
aleatorias,70.0,7.473214285714286
aleatorias,14.0,0.5038265306122449
aleatorias,5.0,0.4630102040816326
aleatorias,117.0,6.248724489795919
aleatorias,73.0,1.7653061224489797
aleatorias,55.0,3.1581632653061225
aleatorias,216.0,11.142857142857142
aleatorias,128.0,5.901785714285714
aleatorias,42.0,1.860969387755102
aleatorias,108.0,7.167091836734694
aleatorias,57.0,2.891581632653061
aleatorias,90.0,5.4897959183673475
aleatorias,25.0,1.4948979591836733
aleatorias,78.0,4.709183673469388
aleatorias,149.0,6.667091836734694
aleatorias,9.0,0.4948979591836734
aleatorias,31.0,2.6466836734693877
aleatorias,58.0,4.9897959183673475
aleatorias,163.0,10.244897959183673
aleatorias,22.0,1.3826530612244898
aleatorias,50.0,4.667091836734694
aleatorias,5.0,0.034438775510204085
aleatorias,158.0,7.13265306122449
aleatorias,115.0,6.372448979591836
aleatorias,113.0,3.7181122448979593
aleatorias,126.0,3.9897959183673466
aleatorias,238.0,14.646683673469386
aleatorias,54.0,3.360969387755102
aleatorias,29.0,2.3201530612244894
aleatorias,110.0,4.82015306122449
aleatorias,126.0,7.071428571428571
aleatorias,194.0,8.357142857142858
aleatorias,120.0,6.8520408163265305
aleatorias,37.0,1.6938775510204083
aleatorias,44.0,3.392857142857143
aleatorias,103.0,4.168367346938775
aleatorias,13.0,0.6772959183673469
aleatorias,53.0,4.6875
aleatorias,43.0,2.857142857142857
aleatorias,58.0,3.316326530612245
aleatorias,47.0,2.4528061224489797
aleatorias,142.0,8.923469387755102
aleatorias,3.0,0.25
aleatorias,41.0,2.6581632653061225
aleatorias,204.0,12.33673469387755
aleatorias,30.0,1.0357142857142858
aleatorias,185.0,9.534438775510205
aleatorias,94.0,3.561224489795918
aleatorias,229.0,8.575255102040817
aleatorias,89.0,4.8520408163265305
aleatorias,28.0,2.0867346938775513
aleatorias,35.0,2.218112244897959
aleatorias,47.0,2.704081632653061
aleatorias,81.0,5.515306122448979
aleatorias,38.0,2.2091836734693877
aleatorias,63.0,3.503826530612245
aleatorias,13.0,0.8201530612244898
aleatorias,227.0,9.177295918367347
aleatorias,89.0,3.9017857142857144
aleatorias,197.0,17.035714285714285
aleatorias,103.0,4.75
aleatorias,39.0,1.836734693877551
aleatorias,116.0,4.473214285714286
aleatorias,151.0,6.330357142857143
aleatorias,66.0,2.1785714285714284
aleatorias,225.0,9.622448979591837
aleatorias,103.0,6.595663265306123
aleatorias,170.0,8.38265306122449
aleatorias,23.0,2.248724489795918
aleatorias,80.0,4.918367346938775
aleatorias,29.0,2.0344387755102042
aleatorias,88.0,3.9323979591836737
aleatorias,60.0,2.789540816326531
aleatorias,124.0,11.167091836734695
aleatorias,102.0,8.534438775510205
aleatorias,47.0,1.6058673469387756
aleatorias,108.0,8.60204081632653
aleatorias,93.0,7.061224489795919
aleatorias,46.0,5.173469387755103
aleatorias,17.0,0.38775510204081637
aleatorias,16.0,1.3813775510204083
aleatorias,59.0,2.9528061224489797
aleatorias,157.0,11.530612244897958
aleatorias,35.0,1.2857142857142858
aleatorias,85.0,5.408163265306123
aleatorias,3.0,0.2448979591836735
aleatorias,190.0,7.738520408163266
aleatorias,113.0,4.7895408163265305
aleatorias,158.0,7.167091836734694
aleatorias,15.0,1.4438775510204083
aleatorias,1.0,0.2181122448979592
aleatorias,16.0,1.524234693877551
aleatorias,7.0,0.9528061224489797
aleatorias,29.0,1.5255102040816326
aleatorias,113.0,6.443877551020408
aleatorias,35.0,1.9528061224489797
aleatorias,68.0,2.9732142857142856
aleatorias,88.0,5.1772959183673475
aleatorias,153.0,8.963010204081632
aleatorias,18.0,0.5242346938775511
aleatorias,27.0,2.0510204081632653
aleatorias,205.0,9.789540816326532
aleatorias,33.0,1.4081632653061225
aleatorias,140.0,6.860969387755103
aleatorias,34.0,1.709183673469388
aleatorias,7.0,0.3112244897959184
aleatorias,149.0,9.52423469387755
aleatorias,79.0,3.0956632653061225
aleatorias,71.0,3.229591836734694
aleatorias,53.0,2.809948979591837
aleatorias,162.0,7.258928571428571
aleatorias,75.0,5.892857142857143
aleatorias,64.0,4.525510204081632
aleatorias,95.0,4.605867346938775
aleatorias,55.0,3.954081632653061
aleatorias,39.0,0.7487244897959184
aleatorias,15.0,0.9591836734693878
aleatorias,102.0,3.891581632653061
aleatorias,134.0,5.432397959183674
aleatorias,66.0,3.2397959183673466
aleatorias,101.0,3.5242346938775513
aleatorias,1.0,0.22959183673469385
aleatorias,127.0,5.066326530612245
aleatorias,158.0,7.1875
aleatorias,202.0,9.239795918367347
aleatorias,12.0,0.5255102040816327
aleatorias,180.0,8.03061224489796
aleatorias,58.0,4.1020408163265305
aleatorias,36.0,0.9795918367346939
aleatorias,79.0,4.524234693877551
aleatorias,34.0,2.1581632653061225
aleatorias,41.0,1.6734693877551021
aleatorias,45.0,1.9081632653061225
aleatorias,61.0,3.289540816326531
aleatorias,113.0,7.88265306122449
aleatorias,108.0,3.667091836734694
aleatorias,61.0,6.561224489795919
aleatorias,61.0,3.096938775510204
aleatorias,134.0,6.275510204081633
aleatorias,11.0,0.6466836734693878
aleatorias,95.0,6.718112244897959
aleatorias,14.0,0.8469387755102041
aleatorias,205.0,11.137755102040815
aleatorias,34.0,1.4234693877551021
aleatorias,60.0,3.443877551020408
aleatorias,122.0,6.204081632653062
aleatorias,33.0,1.6058673469387756
aleatorias,44.0,2.852040816326531
aleatorias,56.0,6.918367346938775
aleatorias,61.0,2.9081632653061225
aleatorias,196.0,16.06122448979592
aleatorias,126.0,5.086734693877552
aleatorias,97.0,6.459183673469388
aleatorias,34.0,4.311224489795919
aleatorias,45.0,1.8915816326530612
aleatorias,142.0,8.646683673469388
aleatorias,141.0,9.739795918367347
aleatorias,175.0,7.575255102040816
aleatorias,133.0,7.168367346938775
aleatorias,23.0,1.3112244897959184
aleatorias,15.0,0.6670918367346939
aleatorias,90.0,5.8520408163265305
aleatorias,102.0,5.887755102040816
aleatorias,37.0,1.034438775510204
aleatorias,45.0,5.6020408163265305
aleatorias,110.0,3.860969387755102
aleatorias,43.0,2.857142857142857
aleatorias,53.0,5.116071428571429
aleatorias,138.0,7.891581632653062
aleatorias,121.0,5.605867346938775
aleatorias,67.0,4.979591836734693
aleatorias,128.0,4.301020408163265
aleatorias,23.0,1.8915816326530612
aleatorias,52.0,2.352040816326531
aleatorias,55.0,2.566326530612245
aleatorias,46.0,2.1377551020408165
aleatorias,218.0,16.78061224489796
aleatorias,180.0,6.586734693877551
aleatorias,7.0,0.38137755102040816
aleatorias,17.0,1.9795918367346939
aleatorias,73.0,3.1326530612244903
aleatorias,107.0,7.667091836734694
aleatorias,26.0,1.086734693877551
aleatorias,7.0,0.2857142857142857
aleatorias,25.0,1.6020408163265307
aleatorias,95.0,2.561224489795918
aleatorias,69.0,7.360969387755103
aleatorias,204.0,9.275510204081632
aleatorias,212.0,11.45280612244898
aleatorias,31.0,1.7385204081632655
aleatorias,66.0,5.066326530612245
aleatorias,40.0,3.1581632653061225
aleatorias,221.0,14.285714285714286
aleatorias,111.0,3.8877551020408165
aleatorias,142.0,5.0
aleatorias,184.0,13.463010204081632
aleatorias,92.0,3.8010204081632653
aleatorias,50.0,3.6466836734693877
aleatorias,22.0,1.5752551020408163
aleatorias,47.0,3.102040816326531
aleatorias,185.0,9.963010204081632
aleatorias,83.0,5.551020408163266
aleatorias,28.0,0.8826530612244898
aleatorias,43.0,1.3609693877551021
aleatorias,102.0,5.809948979591837
aleatorias,103.0,4.775510204081633
aleatorias,75.0,5.479591836734693
aleatorias,69.0,3.1772959183673466
aleatorias,49.0,2.061224489795918
aleatorias,75.0,7.566326530612245
aleatorias,58.0,3.503826530612245
aleatorias,61.0,1.9528061224489797
aleatorias,119.0,5.82015306122449
aleatorias,166.0,8.229591836734693
aleatorias,31.0,1.3813775510204083
aleatorias,179.0,11.248724489795919
aleatorias,88.0,9.748724489795919
aleatorias,214.0,8.52423469387755
aleatorias,237.0,7.6772959183673475
aleatorias,4.0,0.2755102040816327
aleatorias,41.0,2.0510204081632653
aleatorias,34.0,1.8724489795918369
aleatorias,60.0,2.107142857142857
aleatorias,143.0,7.248724489795919
aleatorias,31.0,1.0510204081632653
aleatorias,24.0,1.6224489795918369
aleatorias,70.0,2.5956632653061225
aleatorias,158.0,9.463010204081632
aleatorias,146.0,5.709183673469388
aleatorias,121.0,5.658163265306122
aleatorias,36.0,3.6772959183673466
aleatorias,45.0,3.7653061224489797
aleatorias,180.0,7.238520408163265
aleatorias,57.0,4.785714285714286
aleatorias,27.0,0.8099489795918368
aleatorias,93.0,7.387755102040816
aleatorias,79.0,1.9234693877551021
aleatorias,11.0,0.4630102040816326
aleatorias,199.0,7.061224489795919
aleatorias,101.0,3.9528061224489797
aleatorias,118.0,5.218112244897959
aleatorias,52.0,3.0242346938775513
aleatorias,176.0,14.051020408163266
aleatorias,50.0,6.881377551020408
aleatorias,111.0,5.637755102040816
aleatorias,161.0,14.096938775510205
aleatorias,58.0,2.248724489795918
aleatorias,158.0,10.860969387755103
aleatorias,36.0,4.218112244897959
aleatorias,18.0,1.9540816326530612
aleatorias,71.0,3.3201530612244894
aleatorias,108.0,4.2895408163265305
aleatorias,110.0,7.275510204081633
aleatorias,14.0,0.21811224489795916
aleatorias,107.0,7.744897959183674
aleatorias,55.0,3.9285714285714284
aleatorias,7.0,0.4732142857142857
aleatorias,12.0,0.9591836734693878
aleatorias,182.0,7.959183673469388
aleatorias,61.0,2.7806122448979593
aleatorias,83.0,4.489795918367347
aleatorias,72.0,4.595663265306123
aleatorias,154.0,4.605867346938775
aleatorias,56.0,2.729591836734694
aleatorias,73.0,3.8609693877551017
aleatorias,66.0,5.464285714285714
aleatorias,219.0,8.857142857142858
aleatorias,60.0,4.428571428571429
aleatorias,8.0,0.45918367346938777
aleatorias,32.0,1.718112244897959
aleatorias,145.0,7.105867346938775
aleatorias,153.0,9.146683673469386
aleatorias,82.0,12.473214285714286
aleatorias,191.0,8.785714285714286
aleatorias,93.0,5.316326530612245
aleatorias,94.0,3.391581632653061
aleatorias,40.0,3.423469387755102
aleatorias,73.0,2.860969387755102
aleatorias,7.0,0.37244897959183676
aleatorias,218.0,9.229591836734695
aleatorias,48.0,4.357142857142857
aleatorias,70.0,5.6772959183673475
aleatorias,28.0,1.0510204081632653
aleatorias,48.0,3.1160714285714284
aleatorias,48.0,3.9183673469387754
aleatorias,11.0,0.2385204081632653
aleatorias,36.0,3.667091836734694
aleatorias,127.0,4.704081632653062
aleatorias,103.0,4.168367346938775
aleatorias,62.0,2.7653061224489797
aleatorias,100.0,7.596938775510204
aleatorias,181.0,16.95280612244898
aleatorias,134.0,7.605867346938775
aleatorias,27.0,1.4795918367346939
aleatorias,208.0,15.051020408163266
aleatorias,55.0,2.218112244897959
aleatorias,228.0,10.535714285714286
aleatorias,48.0,1.7653061224489797
aleatorias,183.0,8.677295918367347
aleatorias,44.0,2.846938775510204
aleatorias,12.0,0.16709183673469388
aleatorias,120.0,7.392857142857143
aleatorias,42.0,2.4591836734693877
aleatorias,53.0,2.534438775510204
aleatorias,166.0,7.107142857142857
aleatorias,24.0,1.9795918367346939
aleatorias,26.0,1.739795918367347
aleatorias,63.0,6.515306122448979
aleatorias,3.0,0.1683673469387755
aleatorias,82.0,2.167091836734694
aleatorias,98.0,7.524234693877551
aleatorias,193.0,11.105867346938776
aleatorias,149.0,5.642857142857143
aleatorias,53.0,3.372448979591837
aleatorias,59.0,2.4897959183673466
aleatorias,25.0,0.8826530612244898
aleatorias,44.0,1.1020408163265307
aleatorias,60.0,3.9528061224489797
aleatorias,151.0,8.809948979591837
aleatorias,50.0,2.4948979591836737
aleatorias,20.0,0.923469387755102
aleatorias,107.0,5.158163265306122
aleatorias,49.0,2.479591836734694
aleatorias,20.0,0.7397959183673469
aleatorias,52.0,2.7755102040816326
aleatorias,58.0,4.575255102040816
aleatorias,133.0,3.3367346938775513
aleatorias,79.0,3.8010204081632653
aleatorias,53.0,2.391581632653061
aleatorias,171.0,6.744897959183674
aleatorias,151.0,6.168367346938775
aleatorias,17.0,1.4630102040816326
aleatorias,159.0,11.830357142857142
aleatorias,19.0,0.7385204081632653
aleatorias,87.0,2.9591836734693877
aleatorias,185.0,12.003826530612244
aleatorias,192.0,6.963010204081633
aleatorias,33.0,2.729591836734694
aleatorias,7.0,0.19387755102040813
aleatorias,84.0,5.575255102040816
aleatorias,81.0,5.360969387755103
aleatorias,47.0,1.75
aleatorias,134.0,5.596938775510204
aleatorias,30.0,1.2448979591836735
aleatorias,95.0,4.3520408163265305
aleatorias,108.0,8.908163265306124
aleatorias,32.0,1.1224489795918366
aleatorias,27.0,1.5038265306122451
aleatorias,167.0,11.239795918367347
aleatorias,188.0,8.044642857142858
aleatorias,25.0,2.2755102040816326
aleatorias,190.0,6.561224489795919
aleatorias,31.0,1.2653061224489797
aleatorias,50.0,2.360969387755102
aleatorias,11.0,0.5255102040816327
aleatorias,65.0,3.044642857142857
aleatorias,153.0,16.78954081632653
aleatorias,241.0,10.02423469387755
aleatorias,50.0,2.316326530612245
aleatorias,168.0,10.575255102040817
aleatorias,61.0,4.729591836734693
aleatorias,158.0,13.360969387755103
aleatorias,166.0,6.193877551020408
aleatorias,71.0,3.003826530612245
aleatorias,70.0,3.2385204081632653
aleatorias,103.0,3.9732142857142856
aleatorias,88.0,9.78954081632653
aleatorias,56.0,3.3201530612244894
aleatorias,97.0,8.003826530612246
aleatorias,39.0,1.0510204081632653
aleatorias,45.0,3.1466836734693877
aleatorias,81.0,3.9528061224489797
aleatorias,30.0,0.9732142857142857
aleatorias,39.0,1.0510204081632653
aleatorias,117.0,6.244897959183674
aleatorias,50.0,2.75
aleatorias,88.0,3.9323979591836737
aleatorias,41.0,3.1466836734693877
aleatorias,48.0,2.881377551020408
aleatorias,22.0,0.8099489795918368
aleatorias,29.0,1.360969387755102
aleatorias,30.0,2.248724489795918
aleatorias,74.0,3.544642857142857
aleatorias,152.0,7.973214285714286
aleatorias,110.0,5.030612244897959
aleatorias,95.0,5.204081632653062
aleatorias,7.0,0.20408163265306123
aleatorias,26.0,1.9630102040816326
aleatorias,2.0,0.4630102040816326
aleatorias,29.0,1.0752551020408163
aleatorias,120.0,9.530612244897958
aleatorias,32.0,1.5357142857142858
aleatorias,20.0,0.9795918367346939
aleatorias,29.0,0.5612244897959184
aleatorias,146.0,7.1020408163265305
aleatorias,23.0,1.2091836734693877
aleatorias,23.0,0.8915816326530612
aleatorias,37.0,1.3112244897959184
aleatorias,17.0,1.5038265306122447
aleatorias,39.0,1.4234693877551021
aleatorias,108.0,5.575255102040816
aleatorias,146.0,5.387755102040816
aleatorias,112.0,4.758928571428571
aleatorias,141.0,6.1772959183673475
aleatorias,108.0,5.1772959183673475
aleatorias,29.0,1.3112244897959184
aleatorias,73.0,3.667091836734694
aleatorias,99.0,4.744897959183674
aleatorias,78.0,3.1377551020408165
aleatorias,66.0,4.82015306122449
aleatorias,34.0,2.3877551020408165
aleatorias,55.0,2.13265306122449
aleatorias,84.0,2.9081632653061225
aleatorias,24.0,1.8099489795918369
aleatorias,200.0,6.258928571428571
aleatorias,187.0,9.35204081632653
aleatorias,70.0,3.0752551020408165
aleatorias,158.0,12.602040816326532
aleatorias,175.0,10.860969387755102
aleatorias,186.0,5.622448979591836
aleatorias,60.0,2.534438775510204
aleatorias,51.0,1.4528061224489797
aleatorias,3.0,0.1875
aleatorias,41.0,2.6581632653061225
aleatorias,158.0,7.637755102040816
aleatorias,16.0,0.8813775510204083
aleatorias,115.0,7.748724489795919
aleatorias,22.0,2.265306122448979
aleatorias,75.0,11.432397959183675
aleatorias,41.0,1.5663265306122451
aleatorias,60.0,4.116071428571429
aleatorias,73.0,3.9948979591836737
aleatorias,41.0,1.5038265306122447
aleatorias,134.0,7.959183673469388
aleatorias,87.0,6.432397959183674
aleatorias,129.0,6.860969387755103
aleatorias,140.0,6.024234693877551
aleatorias,66.0,3.816326530612245
aleatorias,46.0,3.9017857142857144
aleatorias,35.0,1.086734693877551
aleatorias,11.0,0.5255102040816327
aleatorias,90.0,8.105867346938776
aleatorias,62.0,5.146683673469388
aleatorias,59.0,4.218112244897959
aleatorias,28.0,1.034438775510204
aleatorias,86.0,3.352040816326531
aleatorias,53.0,2.979591836734694
aleatorias,118.0,3.5
aleatorias,177.0,13.146683673469386
aleatorias,180.0,10.003826530612246
aleatorias,48.0,2.9183673469387754
aleatorias,36.0,1.5153061224489797
aleatorias,4.0,0.24872448979591835
aleatorias,11.0,0.4540816326530613
aleatorias,119.0,6.025510204081633
aleatorias,87.0,7.330357142857143
aleatorias,95.0,6.901785714285714
aleatorias,42.0,2.239795918367347
aleatorias,46.0,1.5663265306122451
aleatorias,46.0,1.177295918367347
aleatorias,37.0,1.2142857142857142
aleatorias,181.0,9.173469387755102
aleatorias,120.0,6.575255102040816
aleatorias,102.0,7.309948979591836
aleatorias,60.0,3.1058673469387754
aleatorias,155.0,4.738520408163266
aleatorias,169.0,8.02423469387755
aleatorias,28.0,1.5956632653061225
aleatorias,23.0,1.6058673469387756
aleatorias,69.0,4.82015306122449
aleatorias,41.0,1.9323979591836733
aleatorias,42.0,1.7181122448979593
aleatorias,113.0,4.3813775510204085
aleatorias,160.0,9.963010204081632
aleatorias,32.0,1.6160714285714286
aleatorias,94.0,3.7653061224489797
aleatorias,159.0,8.316326530612246
aleatorias,115.0,4.872448979591836
aleatorias,45.0,2.881377551020408
aleatorias,10.0,0.6875
aleatorias,194.0,10.595663265306124
aleatorias,98.0,4.524234693877551
aleatorias,63.0,3.6160714285714284
aleatorias,10.0,0.6058673469387754
aleatorias,104.0,6.309948979591837
aleatorias,191.0,8.85204081632653
aleatorias,9.0,0.8010204081632653
aleatorias,89.0,5.6772959183673475
aleatorias,81.0,5.173469387755103
aleatorias,151.0,6.891581632653062
aleatorias,81.0,4.473214285714286
aleatorias,62.0,6.301020408163265
aleatorias,69.0,2.9630102040816326
aleatorias,19.0,1.1160714285714286
aleatorias,56.0,1.7653061224489797
aleatorias,44.0,2.4183673469387754
aleatorias,49.0,1.3099489795918369
aleatorias,138.0,8.52423469387755
aleatorias,18.0,0.3915816326530613
aleatorias,49.0,1.4540816326530612
aleatorias,186.0,8.044642857142858
aleatorias,20.0,1.0255102040816326
aleatorias,38.0,2.4017857142857144
aleatorias,99.0,4.6938775510204085
aleatorias,40.0,2.668367346938776
aleatorias,78.0,3.372448979591837
aleatorias,187.0,10.738520408163266
aleatorias,164.0,6.1772959183673475
aleatorias,11.0,0.37244897959183676
aleatorias,82.0,2.9285714285714284
aleatorias,40.0,2.381377551020408
aleatorias,160.0,9.381377551020408
aleatorias,197.0,9.881377551020408
aleatorias,84.0,3.943877551020408
aleatorias,111.0,4.489795918367347
aleatorias,40.0,2.372448979591837
aleatorias,224.0,9.168367346938776
aleatorias,60.0,4.309948979591836
aleatorias,17.0,0.8163265306122449
aleatorias,54.0,3.8469387755102042
aleatorias,41.0,1.9438775510204083
aleatorias,73.0,5.280612244897959
aleatorias,54.0,2.066326530612245
aleatorias,64.0,1.8520408163265307
aleatorias,162.0,7.105867346938775
aleatorias,18.0,0.8163265306122449
aleatorias,108.0,4.238520408163265
aleatorias,192.0,12.668367346938776
aleatorias,195.0,13.923469387755102
aleatorias,97.0,7.401785714285714
aleatorias,181.0,11.214285714285714
aleatorias,132.0,7.586734693877551
aleatorias,45.0,2.9183673469387754
aleatorias,80.0,7.2397959183673475
aleatorias,13.0,0.5306122448979592
aleatorias,141.0,8.330357142857142
aleatorias,56.0,2.330357142857143
aleatorias,116.0,7.13265306122449
aleatorias,34.0,4.595663265306122
aleatorias,203.0,9.454081632653061
aleatorias,29.0,1.3915816326530612
aleatorias,87.0,3.352040816326531
aleatorias,69.0,4.321428571428571
aleatorias,58.0,5.387755102040816
aleatorias,124.0,4.122448979591836
aleatorias,45.0,1.8813775510204083
aleatorias,100.0,8.544642857142858
aleatorias,119.0,4.551020408163265
aleatorias,29.0,1.3099489795918369
aleatorias,28.0,1.1020408163265307
aleatorias,31.0,1.9528061224489797
aleatorias,71.0,4.860969387755103
aleatorias,192.0,6.248724489795919
aleatorias,43.0,1.7448979591836735
aleatorias,102.0,5.964285714285714
aleatorias,180.0,4.959183673469388
aleatorias,11.0,0.336734693877551
aleatorias,66.0,2.5153061224489797
aleatorias,202.0,11.095663265306124
aleatorias,45.0,2.8201530612244903
aleatorias,56.0,2.8214285714285716
aleatorias,127.0,6.095663265306123
aleatorias,63.0,4.024234693877551
aleatorias,168.0,10.575255102040817
aleatorias,54.0,3.248724489795918
aleatorias,178.0,11.218112244897958
aleatorias,120.0,5.463010204081633
aleatorias,15.0,1.4438775510204083
aleatorias,68.0,6.238520408163266
aleatorias,45.0,3.193877551020408
aleatorias,42.0,1.860969387755102
aleatorias,6.0,0.09566326530612244
aleatorias,7.0,0.32142857142857145
aleatorias,55.0,2.7091836734693877
aleatorias,135.0,9.775510204081632
aleatorias,4.0,0.40816326530612246
aleatorias,57.0,3.3010204081632653
aleatorias,77.0,5.391581632653062
aleatorias,215.0,8.860969387755102
aleatorias,55.0,4.238520408163265
aleatorias,147.0,6.8813775510204085
aleatorias,99.0,5.88265306122449
aleatorias,57.0,5.605867346938775
aleatorias,59.0,4.075255102040816
aleatorias,164.0,7.066326530612245
aleatorias,63.0,2.360969387755102
aleatorias,108.0,4.489795918367347
aleatorias,47.0,5.418367346938775
aleatorias,137.0,5.463010204081633
aleatorias,83.0,6.387755102040816
aleatorias,54.0,2.0344387755102042
aleatorias,117.0,4.346938775510204
aleatorias,44.0,3.4323979591836737
aleatorias,173.0,5.9528061224489806
aleatorias,67.0,2.673469387755102
aleatorias,76.0,3.1772959183673466
aleatorias,214.0,5.2895408163265305
aleatorias,32.0,1.7806122448979593
aleatorias,60.0,4.38265306122449
aleatorias,69.0,4.718112244897959
aleatorias,89.0,4.642857142857143
aleatorias,162.0,8.575255102040817
aleatorias,152.0,10.146683673469386
aleatorias,88.0,3.9323979591836737
aleatorias,92.0,4.908163265306123
aleatorias,215.0,9.167091836734695
aleatorias,94.0,3.061224489795918
aleatorias,162.0,6.718112244897959
aleatorias,63.0,3.8367346938775513
aleatorias,29.0,1.1938775510204083
aleatorias,82.0,3.0510204081632653
aleatorias,36.0,1.5153061224489797
aleatorias,180.0,5.1772959183673475
aleatorias,81.0,6.360969387755103
aleatorias,29.0,1.7091836734693877
aleatorias,108.0,7.035714285714286
aleatorias,47.0,3.2589285714285716
aleatorias,23.0,1.1670918367346939
aleatorias,66.0,2.5153061224489797
aleatorias,47.0,1.836734693877551
aleatorias,159.0,3.7181122448979593
aleatorias,139.0,7.391581632653062
aleatorias,217.0,9.561224489795919
aleatorias,53.0,3.0153061224489797
aleatorias,181.0,8.168367346938776
aleatorias,52.0,3.979591836734694
aleatorias,63.0,3.4591836734693877
aleatorias,53.0,1.4081632653061225
aleatorias,61.0,5.637755102040816
aleatorias,117.0,7.801020408163265
aleatorias,166.0,10.107142857142858
aleatorias,12.0,0.489795918367347
aleatorias,70.0,4.88265306122449
aleatorias,149.0,4.860969387755103
aleatorias,78.0,5.954081632653062
aleatorias,24.0,1.6785714285714286
aleatorias,46.0,2.602040816326531
aleatorias,15.0,0.40816326530612246
aleatorias,19.0,2.248724489795918
aleatorias,24.0,0.8201530612244898
aleatorias,134.0,6.2895408163265305
aleatorias,180.0,8.928571428571429
aleatorias,95.0,8.83673469387755
aleatorias,208.0,6.3520408163265305
aleatorias,31.0,0.9528061224489796
aleatorias,30.0,2.0510204081632653
aleatorias,44.0,3.860969387755102
aleatorias,55.0,1.1670918367346939
aleatorias,24.0,1.2091836734693877
aleatorias,46.0,2.218112244897959
aleatorias,183.0,12.193877551020408
aleatorias,77.0,3.0242346938775513
aleatorias,160.0,9.381377551020408
aleatorias,127.0,4.704081632653062
aleatorias,99.0,5.030612244897959
aleatorias,45.0,1.6160714285714286
aleatorias,175.0,8.667091836734693
aleatorias,67.0,2.8877551020408165
aleatorias,32.0,1.5663265306122447
aleatorias,194.0,8.275510204081632
aleatorias,48.0,4.75
aleatorias,150.0,7.204081632653062
aleatorias,63.0,4.044642857142857
aleatorias,14.0,0.7385204081632654
aleatorias,116.0,6.667091836734694
aleatorias,84.0,5.595663265306123
aleatorias,40.0,3.1466836734693877
aleatorias,78.0,4.667091836734694
aleatorias,6.0,0.24872448979591835
aleatorias,225.0,7.718112244897959
aleatorias,84.0,5.2895408163265305
aleatorias,11.0,0.6326530612244898
aleatorias,28.0,1.3520408163265305
aleatorias,145.0,5.744897959183674
aleatorias,99.0,5.030612244897959
aleatorias,119.0,7.954081632653062
aleatorias,225.0,7.801020408163265
aleatorias,132.0,6.336734693877552
aleatorias,31.0,1.9017857142857142
aleatorias,77.0,4.6938775510204085
aleatorias,46.0,4.7397959183673475
aleatorias,24.0,0.7385204081632653
aleatorias,27.0,1.8813775510204083
aleatorias,14.0,1.3010204081632655
aleatorias,54.0,1.8112244897959184
aleatorias,105.0,6.275510204081633
aleatorias,51.0,3.5510204081632653
aleatorias,194.0,8.357142857142858
aleatorias,83.0,1.8201530612244898
aleatorias,98.0,6.515306122448979
aleatorias,140.0,6.503826530612245
aleatorias,64.0,7.061224489795919
aleatorias,69.0,2.881377551020408
aleatorias,61.0,3.9591836734693877
aleatorias,54.0,2.7589285714285716
aleatorias,44.0,1.718112244897959
aleatorias,104.0,7.860969387755103
aleatorias,8.0,0.5612244897959183
aleatorias,16.0,0.4795918367346939
aleatorias,173.0,12.857142857142858
aleatorias,98.0,6.137755102040816
aleatorias,2.0,0.0663265306122449
aleatorias,57.0,3.391581632653061
aleatorias,134.0,4.892857142857143
aleatorias,18.0,1.1466836734693877
aleatorias,127.0,4.32015306122449
aleatorias,81.0,3.9323979591836737
aleatorias,111.0,6.003826530612245
aleatorias,67.0,2.809948979591837
aleatorias,9.0,0.534438775510204
aleatorias,65.0,4.607142857142857
aleatorias,42.0,2.534438775510204
aleatorias,53.0,1.8915816326530612
aleatorias,46.0,2.6377551020408165
aleatorias,140.0,8.248724489795919
aleatorias,31.0,3.3010204081632653
aleatorias,156.0,8.02423469387755
aleatorias,171.0,6.360969387755103
aleatorias,191.0,15.051020408163266
aleatorias,75.0,5.801020408163265
aleatorias,19.0,1.3571428571428572
aleatorias,210.0,14.146683673469386
aleatorias,64.0,2.9591836734693877
aleatorias,78.0,3.0242346938775513
aleatorias,229.0,8.673469387755102
aleatorias,177.0,10.178571428571429
aleatorias,139.0,3.2142857142857144
aleatorias,122.0,8.095663265306124
aleatorias,58.0,4.1772959183673475
aleatorias,86.0,5.952806122448979
aleatorias,59.0,3.289540816326531
aleatorias,120.0,5.830357142857143
aleatorias,85.0,4.423469387755103
aleatorias,99.0,8.494897959183673
aleatorias,22.0,1.7487244897959184
aleatorias,157.0,10.76530612244898
aleatorias,27.0,1.6734693877551021
aleatorias,93.0,6.105867346938775
aleatorias,18.0,0.4528061224489796
aleatorias,104.0,5.408163265306122
aleatorias,79.0,5.066326530612245
aleatorias,104.0,4.534438775510204
aleatorias,132.0,8.566326530612246
aleatorias,26.0,1.8112244897959184
aleatorias,41.0,2.5306122448979593
aleatorias,71.0,3.3201530612244894
aleatorias,203.0,8.575255102040817
aleatorias,228.0,14.432397959183675
aleatorias,134.0,7.908163265306123
aleatorias,61.0,4.105867346938775
aleatorias,177.0,9.025510204081632
aleatorias,140.0,11.738520408163266
aleatorias,96.0,3.5956632653061225
aleatorias,43.0,2.1581632653061225
aleatorias,59.0,2.5752551020408165
aleatorias,166.0,9.105867346938776
aleatorias,172.0,6.280612244897959
aleatorias,44.0,2.4323979591836737
aleatorias,28.0,1.0510204081632653
aleatorias,60.0,2.534438775510204
aleatorias,48.0,3.7589285714285716
aleatorias,125.0,6.003826530612245
aleatorias,94.0,4.4438775510204085
aleatorias,66.0,6.030612244897959
aleatorias,132.0,7.360969387755103
aleatorias,90.0,4.360969387755103
aleatorias,152.0,8.381377551020408
aleatorias,151.0,12.780612244897958
aleatorias,63.0,4.9897959183673475
aleatorias,158.0,7.758928571428571
aleatorias,15.0,1.0612244897959184
aleatorias,11.0,0.6875
aleatorias,210.0,11.35204081632653
aleatorias,11.0,0.2755102040816327
aleatorias,86.0,6.1772959183673475
aleatorias,19.0,0.5969387755102041
aleatorias,42.0,2.5956632653061225
aleatorias,48.0,0.9630102040816327
aleatorias,21.0,0.6683673469387755
aleatorias,41.0,2.0867346938775513
aleatorias,56.0,3.5752551020408165
aleatorias,96.0,4.595663265306123
aleatorias,201.0,15.309948979591837
aleatorias,76.0,2.9528061224489797
aleatorias,48.0,2.142857142857143
aleatorias,40.0,3.5969387755102042
aleatorias,30.0,1.6581632653061225
aleatorias,233.0,22.73979591836735
aleatorias,70.0,5.718112244897959
aleatorias,135.0,7.1938775510204085
aleatorias,48.0,2.003826530612245
aleatorias,169.0,8.02423469387755
aleatorias,202.0,9.677295918367347
aleatorias,135.0,4.595663265306123
aleatorias,82.0,2.8201530612244894
aleatorias,140.0,4.88265306122449
aleatorias,31.0,2.673469387755102
aleatorias,178.0,9.003826530612246
aleatorias,34.0,3.2091836734693877
aleatorias,112.0,6.391581632653062
aleatorias,55.0,3.239795918367347
aleatorias,75.0,3.4528061224489797
aleatorias,17.0,0.44387755102040816
aleatorias,92.0,3.9897959183673466
aleatorias,20.0,0.8201530612244898
aleatorias,25.0,2.4528061224489797
aleatorias,73.0,2.1683673469387754
aleatorias,46.0,2.0306122448979593
aleatorias,100.0,6.9438775510204085
aleatorias,8.0,0.3915816326530612
aleatorias,180.0,10.003826530612246
aleatorias,56.0,4.218112244897959
aleatorias,37.0,1.4528061224489797
aleatorias,67.0,5.158163265306122
aleatorias,132.0,4.872448979591837
aleatorias,35.0,2.872448979591837
aleatorias,12.0,0.39285714285714285
aleatorias,178.0,9.003826530612246
aleatorias,201.0,7.596938775510204
aleatorias,56.0,3.6581632653061225
aleatorias,229.0,11.146683673469386
aleatorias,99.0,5.034438775510204
aleatorias,44.0,4.034438775510204
aleatorias,19.0,1.2295918367346939
aleatorias,56.0,4.479591836734694
aleatorias,171.0,7.667091836734694
aleatorias,137.0,4.044642857142857
aleatorias,27.0,1.6938775510204083
aleatorias,69.0,6.146683673469388
aleatorias,186.0,6.973214285714286
aleatorias,163.0,7.391581632653062
aleatorias,36.0,1.5956632653061225
aleatorias,86.0,4.595663265306123
aleatorias,113.0,6.846938775510204
aleatorias,183.0,7.248724489795919
aleatorias,216.0,16.571428571428573
aleatorias,185.0,13.658163265306124
aleatorias,173.0,5.095663265306123
aleatorias,73.0,1.7653061224489797
aleatorias,53.0,3.4017857142857144
aleatorias,60.0,6.32015306122449
aleatorias,200.0,7.714285714285714
aleatorias,99.0,5.63265306122449
aleatorias,53.0,2.5153061224489797
aleatorias,98.0,6.401785714285714
aleatorias,231.0,8.571428571428571
aleatorias,170.0,14.387755102040815
aleatorias,44.0,2.1377551020408165
aleatorias,5.0,0.2181122448979592
aleatorias,214.0,6.959183673469388
aleatorias,190.0,7.738520408163266
aleatorias,65.0,2.9630102040816326
aleatorias,61.0,2.4323979591836737
aleatorias,97.0,3.8877551020408165
aleatorias,42.0,2.534438775510204
aleatorias,172.0,4.229591836734694
aleatorias,12.0,0.30994897959183676
aleatorias,140.0,7.218112244897959
aleatorias,145.0,9.372448979591837
aleatorias,63.0,3.1875
aleatorias,17.0,0.836734693877551
aleatorias,53.0,3.8877551020408165
aleatorias,120.0,11.02423469387755
aleatorias,152.0,5.178571428571429
aleatorias,41.0,3.622448979591837
aleatorias,115.0,5.780612244897959
