metrica,solapamiento,homogeneidad,grados_de_libertad,etiqueta
196,0.3646374946847494,154.48979591836732,11.67142857142857,simulada
34,0.4523809523809524,11.26530612244898,3.4571428571428573,simulada
234,0.38058567302959534,240.1670918367347,12.028571428571428,simulada
168,0.36374262194607654,119.05102040816327,9.957142857142857,simulada
214,0.2797756191572253,323.6466836734694,15.4,simulada
210,0.35489609210493334,103.28954081632652,12.185714285714285,simulada
165,0.21614140778372173,283.16836734693874,13.571428571428571,simulada
236,0.2219915718795377,1423.6875,28.285714285714285,simulada
199,0.07546225804846678,217.78954081632654,46.34285714285714,simulada
31,0.08112745098039212,6.357142857142857,5.6571428571428575,simulada
183,0.07152784498164455,209.00382653061226,28.985714285714284,simulada
35,0.0734811165845649,6.704081632653062,6.9714285714285715,simulada
148,0.27186139332365805,273.75892857142856,10.285714285714286,simulada
185,0.3860806364012911,124.83673469387756,10.457142857142857,simulada
25,0.12683150183150182,4.964285714285714,5.9714285714285715,simulada
42,0.31040300782148583,64.87244897959184,6.114285714285714,simulada
52,0.16447550034506556,28.952806122448976,7.742857142857143,simulada
237,0.3208973939658502,204.58673469387756,14.057142857142857,simulada
136,0.07169457526600397,109.02423469387757,17.15714285714286,simulada
116,0.3842241831695943,34.95280612244898,8.32857142857143,simulada
199,0.07546225804846678,217.78954081632654,46.34285714285714,simulada
55,0.26611811391223156,29.642857142857142,7.6,simulada
200,0.3507490072208161,231.5752551020408,11.571428571428571,simulada
48,0.39682539682539647,30.678571428571427,4.0285714285714285,simulada
75,0.11286638112034926,31.667091836734695,16.057142857142857,simulada
71,0.3514663087457206,33.642857142857146,6.6571428571428575,simulada
71,0.09388308168795977,33.57525510204081,16.557142857142857,simulada
246,0.29763419338325436,921.2857142857143,13.985714285714286,simulada
28,0.07705314009661839,8.964285714285714,8.457142857142857,simulada
249,0.3471793416080785,291.61607142857144,13.214285714285714,simulada
108,0.3670554445633075,44.830357142857146,8.857142857142858,simulada
44,0.3748524623524624,13.463010204081632,5.457142857142857,simulada
248,0.20202294897145734,1433.3099489795918,22.7,simulada
26,0.14666666666666664,23.066326530612248,7.9714285714285715,simulada
236,0.3104913757767863,301.8915816326531,15.971428571428572,simulada
189,0.36133309745474773,128.88137755102042,10.014285714285714,simulada
161,0.1416379840560169,155.33673469387756,24.3,simulada
207,0.20100727817554145,453.54464285714283,21.642857142857142,simulada
124,0.39822172982890963,40.71811224489796,8.142857142857142,simulada
231,0.3545227757954237,127.41836734693878,14.014285714285714,simulada
176,0.23440539161693044,275.8609693877551,15.228571428571428,simulada
130,0.39172519943649964,80.43239795918369,8.014285714285714,simulada
48,0.13581780538302282,15.075255102040815,8.82857142857143,simulada
138,0.3982946908602158,159.53061224489798,6.685714285714286,simulada
202,0.2457457554682294,411.52423469387753,18.6,simulada
29,0.056447368421052614,4.88265306122449,10.357142857142858,simulada
211,0.10349806217622048,600.6772959183673,32.6,simulada
217,0.18228680370056863,1116.6772959183675,23.385714285714286,simulada
87,0.16435185185185164,50.92346938775511,11.8,simulada
29,0.44642857142857145,12.244897959183675,3.3714285714285714,simulada
221,0.13369516302204018,698.7181122448981,28.62857142857143,simulada
176,0.23440539161693028,275.8609693877551,15.32857142857143,simulada
199,0.37412567917405337,174.62244897959184,11.571428571428571,simulada
150,0.39046250225746765,46.891581632653065,8.571428571428571,simulada
31,0.1096491228070175,8.709183673469388,5.8428571428571425,simulada
48,0.4482748538011695,16.19387755102041,3.914285714285714,simulada
163,0.37459506741058324,142.01530612244898,10.17142857142857,simulada
50,0.12963821892393332,16.066326530612244,10.071428571428571,simulada
204,0.34981921528774074,173.6670918367347,11.557142857142857,simulada
54,0.4288888888888884,45.38775510204082,4.271428571428571,simulada
241,0.3167480396328414,1054.561224489796,16.114285714285714,simulada
129,0.38618511859358506,64.71811224489797,7.885714285714286,simulada
27,0.21527777777777768,10.034438775510205,3.8857142857142857,simulada
53,0.085249042145594,18.677295918367346,14.67142857142857,simulada
170,0.3845398453655373,78.97321428571429,10.214285714285714,simulada
104,0.38642482383151355,41.78954081632653,7.628571428571429,simulada
127,0.3867146132659656,70.32015306122449,7.9,simulada
224,0.2668417634899823,620.5357142857143,15.9,simulada
124,0.3918837355454997,94.59693877551021,7.085714285714285,simulada
166,0.3758793899396696,160.30994897959184,8.542857142857143,simulada
28,0.29623015873015873,15.116071428571429,5.242857142857143,simulada
215,0.3581305943365145,177.38137755102042,11.928571428571429,simulada
28,0.451578947368421,5.7397959183673475,3.2142857142857144,simulada
113,0.2042011692011695,94.1734693877551,13.042857142857143,simulada
215,0.1448691969355823,270.2448979591837,22.97142857142857,simulada
167,0.07056481481481434,94.96301020408164,30.32857142857143,simulada
86,0.3929142209550068,20.596938775510203,7.128571428571429,simulada
189,0.0931088288353717,294.06632653061223,35.68571428571428,simulada
26,0.14666666666666664,23.066326530612248,7.9714285714285715,simulada
198,0.3666340608362359,151.59566326530611,12.285714285714286,simulada
191,0.3464647309212532,272.67729591836735,11.771428571428572,simulada
61,0.13033509700176374,24.309948979591837,12.028571428571428,simulada
165,0.3389479815371972,121.1670918367347,12.142857142857142,simulada
167,0.08701004211208263,177.91836734693877,26.4,simulada
179,0.18438580588226172,552.7589285714286,25.7,simulada
105,0.07999999999999995,87.33035714285714,12.2,simulada
113,0.38494617730132946,54.285714285714285,8.385714285714286,simulada
185,0.07523446513108152,221.1326530612245,40.42857142857143,simulada
52,0.07991551459293399,30.381377551020403,10.428571428571429,simulada
191,0.24031432926068022,598.4017857142857,20.428571428571427,simulada
37,0.08678571428571427,9.59566326530612,8.357142857142858,simulada
229,0.3541525929238194,181.03443877551018,13.32857142857143,simulada
214,0.09901984599413396,455.015306122449,35.27142857142857,simulada
112,0.31036682615629996,194.03571428571428,9.014285714285714,simulada
169,0.13492967470240175,132.87244897959184,34.41428571428571,simulada
203,0.36603536623052785,218.23979591836732,11.057142857142857,simulada
29,0.07298474945533767,5.952806122448979,10.414285714285715,simulada
184,0.3495065692627609,145.60586734693877,11.7,simulada
131,0.35730169480072677,71.53443877551021,9.528571428571428,simulada
28,0.45535714285714285,12.816326530612246,3.242857142857143,simulada
41,0.30242003367003356,18.28061224489796,5.628571428571429,simulada
45,0.16600000000000026,28.503826530612248,7.271428571428571,simulada
54,0.3802761341222879,31.78061224489796,5.114285714285714,simulada
232,0.3713227888621339,188.23852040816328,13.928571428571429,simulada
222,0.308842319539434,525.2895408163265,13.071428571428571,simulada
47,0.09441468253968259,13.503826530612246,12.657142857142857,simulada
192,0.09721658731753867,273.9438775510204,31.114285714285714,simulada
67,0.36812612338928136,16.275510204081634,6.171428571428572,simulada
37,0.0753795721187026,12.392857142857142,12.814285714285715,simulada
209,0.11992704560961472,444.7448979591837,30.857142857142858,simulada
87,0.16435185185185164,50.92346938775511,11.8,simulada
203,0.36603536623052785,218.23979591836732,11.057142857142857,simulada
97,0.35796721394547465,84.13775510204081,7.171428571428572,simulada
139,0.3263572662823632,99.33035714285714,12.3,simulada
30,0.18257575757575759,6.003826530612245,4.485714285714286,simulada
88,0.32084833933573453,120.73852040816325,6.242857142857143,simulada
178,0.06342780735984624,115.74489795918366,33.285714285714285,simulada
236,0.384108599386224,169.76530612244898,11.685714285714285,simulada
200,0.13050638617784516,316.28061224489795,37.82857142857143,simulada
218,0.16467799015062576,844.4948979591837,22.514285714285716,simulada
166,0.37876747707629926,223.38265306122452,9.385714285714286,simulada
173,0.3374431076701452,128.45280612244898,12.114285714285714,simulada
185,0.33992589906225,140.60714285714286,12.32857142857143,simulada
66,0.12480052627111451,44.96301020408163,9.457142857142857,simulada
226,0.3453540240075489,167.04464285714286,14.82857142857143,simulada
42,0.17960573476702502,46.09566326530612,10.214285714285714,simulada
192,0.36201550355452927,153.56632653061226,11.557142857142857,simulada
28,0.451578947368421,5.7397959183673475,3.2142857142857144,simulada
181,0.08034676763787223,146.5,39.97142857142857,simulada
43,0.09453514739229033,8.846938775510203,12.428571428571429,simulada
113,0.2346785995722164,225.0612244897959,12.757142857142858,simulada
159,0.35129492750068486,63.25,11.17142857142857,simulada
94,0.2826666132221685,89.71811224489795,8.514285714285714,simulada
171,0.09165324463118564,359.1683673469388,32.371428571428574,simulada
211,0.3797840794491323,189.81632653061226,10.914285714285715,simulada
93,0.31348626500461657,43.06122448979592,8.157142857142857,simulada
174,0.35096604434268003,108.20918367346938,10.414285714285715,simulada
111,0.1346863476030141,84.23852040816327,18.87142857142857,simulada
165,0.3389479815371972,121.1670918367347,12.142857142857142,simulada
189,0.23599921974793323,1766.6772959183675,21.84285714285714,simulada
63,0.11976307764485117,25.96301020408163,11.528571428571428,simulada
150,0.3720384060056769,87.97321428571429,8.928571428571429,simulada
43,0.09920512820512836,18.44387755102041,13.085714285714285,simulada
199,0.09230676991976267,415.3201530612245,36.32857142857143,simulada
169,0.13658258156557368,410.1938775510204,17.557142857142857,simulada
118,0.14791498490773877,116.61607142857143,16.685714285714287,simulada
95,0.34783186178955006,39.28061224489796,8.3,simulada
157,0.369569122310308,103.45918367346938,10.271428571428572,simulada
208,0.3544884266327632,179.21811224489798,13.485714285714286,simulada
63,0.24398214285714276,49.93239795918368,8.9,simulada
203,0.0915317637867953,443.71811224489795,37.15714285714286,simulada
74,0.09970012626262637,27.973214285714285,14.185714285714285,simulada
226,0.37736900562379405,152.92857142857142,11.814285714285715,simulada
129,0.38618511859358506,64.71811224489797,7.885714285714286,simulada
183,0.37555552769559175,107.3609693877551,11.657142857142857,simulada
246,0.32332458700894323,284.4323979591837,13.885714285714286,simulada
132,0.19631147312726244,297.63265306122446,17.414285714285715,simulada
165,0.0772609780289144,163.88137755102042,27.4,simulada
56,0.4126957545378598,12.891581632653061,5.871428571428571,simulada
142,0.36875071053315484,93.10204081632652,9.514285714285714,simulada
237,0.23091622103331885,1332.6466836734694,26.214285714285715,simulada
80,0.0747292250233428,23.336734693877553,14.857142857142858,simulada
65,0.22838293650793637,49.57525510204082,12.114285714285714,simulada
27,0.057638888888888885,5.214285714285714,7.828571428571428,simulada
117,0.09941707474952151,43.45918367346939,21.82857142857143,simulada
181,0.38713389254337266,156.54464285714286,9.614285714285714,simulada
119,0.4094715939635724,68.06122448979592,6.571428571428571,simulada
185,0.08702663361788261,406.65816326530614,30.514285714285716,simulada
154,0.3512988305729691,60.360969387755105,11.0,simulada
242,0.3780931839968255,154.77551020408166,11.114285714285714,simulada
62,0.08950021450021432,27.13265306122449,8.32857142857143,simulada
33,0.05395256916996048,6.178571428571429,12.114285714285714,simulada
214,0.27357411969380563,1197.6670918367347,14.471428571428572,simulada
179,0.11902520041939992,379.1058673469388,24.12857142857143,simulada
54,0.16172335600907053,65.06122448979592,10.128571428571428,simulada
136,0.38433894887212905,77.1670918367347,8.685714285714285,simulada
35,0.07433084344849046,4.836734693877552,11.228571428571428,simulada
142,0.3772240707349063,63.28061224489796,9.971428571428572,simulada
222,0.37352598763571776,175.59693877551018,11.357142857142858,simulada
123,0.24559468309468283,153.38137755102042,10.042857142857143,simulada
37,0.1307578586990352,11.738520408163264,7.257142857142857,simulada
159,0.35129492750068486,63.25,11.17142857142857,simulada
212,0.24330339484229638,1243.6938775510205,21.52857142857143,simulada
48,0.39682539682539647,30.678571428571427,4.0285714285714285,simulada
37,0.23585600907029486,17.503826530612248,5.371428571428571,simulada
117,0.09941707474952151,43.45918367346939,21.82857142857143,simulada
81,0.04419552669552668,18.95280612244898,19.557142857142857,simulada
200,0.32328505428505266,751.5306122448981,9.2,simulada
114,0.385476905134034,84.87244897959184,7.985714285714286,simulada
84,0.3450863503296054,18.238520408163264,8.371428571428572,simulada
210,0.33601398352374306,167.82015306122452,13.257142857142858,simulada
51,0.1407106782106782,22.248724489795922,8.142857142857142,simulada
65,0.06071428571428568,13.26530612244898,15.014285714285714,simulada
81,0.24895572263993318,125.67729591836736,10.028571428571428,simulada
58,0.4136029411764701,40.38775510204082,5.3428571428571425,simulada
230,0.21861282309010985,810.9642857142857,20.12857142857143,simulada
33,0.10238095238095236,8.566326530612246,6.328571428571428,simulada
118,0.14791498490773877,116.61607142857143,16.685714285714287,simulada
58,0.1754906616017727,30.238520408163264,8.571428571428571,simulada
35,0.052282051282051274,6.030612244897959,12.67142857142857,simulada
25,0.30808080808080807,15.673469387755103,3.757142857142857,simulada
183,0.33344882881296595,225.6466836734694,12.585714285714285,simulada
189,0.3464898018078591,273.23852040816325,9.614285714285714,simulada
131,0.1954797979797983,139.58673469387756,12.285714285714286,simulada
32,0.3376623376623376,17.428571428571427,4.457142857142857,simulada
234,0.37472701067190056,177.98979591836732,13.528571428571428,simulada
65,0.042513227513227524,10.248724489795919,17.085714285714285,simulada
167,0.08701004211208263,177.91836734693877,26.4,simulada
77,0.09415844415844417,18.320153061224488,20.042857142857144,simulada
183,0.07265484157902503,236.53443877551018,43.371428571428574,simulada
177,0.08536539011576234,245.0752551020408,29.65714285714286,simulada
125,0.3413690013042246,104.6670918367347,10.1,simulada
161,0.3458793195756448,73.21811224489795,10.657142857142857,simulada
216,0.16968555549133973,836.265306122449,22.97142857142857,simulada
168,0.08200380427653134,324.00382653061223,31.67142857142857,simulada
57,0.37036891679748823,32.60204081632653,6.185714285714286,simulada
114,0.385476905134034,84.87244897959184,7.985714285714286,simulada
172,0.12383808587725689,135.00382653061223,19.9,simulada
84,0.3585184552289817,26.14668367346939,6.685714285714286,simulada
189,0.07852434759214363,238.52423469387756,35.05714285714286,simulada
228,0.3712245925060064,460.3724489795918,8.771428571428572,simulada
241,0.37724624572050913,555.3469387755102,8.257142857142858,simulada
233,0.3775952485851774,247.51530612244898,12.928571428571429,simulada
222,0.37352598763571776,175.59693877551018,11.357142857142858,simulada
210,0.23066975268955467,761.6938775510205,18.571428571428573,simulada
111,0.1346863476030141,84.23852040816327,18.87142857142857,simulada
37,0.09389978213507623,7.6683673469387745,7.985714285714286,simulada
136,0.38258722961687447,103.33035714285714,7.785714285714286,simulada
26,0.2957894736842105,34.857142857142854,4.771428571428571,simulada
42,0.358695652173913,72.97959183673468,4.8428571428571425,simulada
68,0.16990005878894784,28.881377551020403,10.742857142857142,simulada
169,0.1032989755122435,365.952806122449,27.385714285714286,simulada
152,0.18097684563201655,366.94387755102036,20.685714285714287,simulada
32,0.3376623376623376,17.428571428571427,4.457142857142857,simulada
196,0.3137042325430111,169.8469387755102,12.442857142857143,simulada
74,0.14708747135217717,50.382653061224495,13.042857142857143,simulada
54,0.4288888888888884,45.38775510204082,4.271428571428571,simulada
200,0.13050638617784516,316.28061224489795,37.82857142857143,simulada
50,0.2535763888888889,27.816326530612248,5.914285714285715,simulada
55,0.16715388007054674,49.66836734693877,12.957142857142857,simulada
211,0.3647030341827574,236.52423469387756,11.442857142857143,simulada
203,0.366960070384595,123.66836734693878,12.657142857142857,simulada
169,0.1032989755122435,365.952806122449,27.385714285714286,simulada
28,0.4206349206349208,11.102040816326532,3.157142857142857,simulada
186,0.07407772304324077,244.71428571428572,41.97142857142857,simulada
166,0.3461507297795515,117.09693877551021,11.128571428571428,simulada
184,0.36837833839897804,147.67346938775512,10.571428571428571,simulada
37,0.2002158173210806,22.677295918367346,6.385714285714286,simulada
53,0.0997289377289378,17.418367346938773,9.357142857142858,simulada
134,0.36797586340388144,75.57525510204081,9.771428571428572,simulada
243,0.37225498995717865,312.03443877551024,12.157142857142857,simulada
246,0.387332520810535,187.4183673469388,11.757142857142858,simulada
32,0.44444444444444425,11.83673469387755,3.5,simulada
188,0.08622491512469027,137.02551020408163,39.08571428571429,simulada
46,0.25467687074829964,64.88265306122449,9.4,simulada
31,0.1096491228070175,8.709183673469388,5.8428571428571425,simulada
37,0.1307578586990352,11.738520408163264,7.257142857142857,simulada
249,0.3398432541816524,199.50382653061226,14.8,simulada
59,0.14792241775937442,26.963010204081634,10.7,simulada
207,0.34304755910610907,183.59566326530611,13.471428571428572,simulada
204,0.10049993250476842,398.5,34.885714285714286,simulada
41,0.2835356364768129,32.32015306122449,4.942857142857143,simulada
228,0.3712245925060065,460.3724489795918,8.771428571428572,simulada
71,0.09388308168795977,33.57525510204081,16.557142857142857,simulada
233,0.3453111737237495,206.86096938775512,13.242857142857142,simulada
166,0.2932462213712216,294.0255102040816,12.385714285714286,simulada
113,0.38883738277919844,86.82015306122449,7.714285714285714,simulada
195,0.3675067400316421,132.30102040816328,11.928571428571429,simulada
215,0.1448691969355823,270.2448979591837,22.97142857142857,simulada
77,0.09415844415844417,18.320153061224488,20.042857142857144,simulada
132,0.3568393713168503,55.16709183673469,10.871428571428572,simulada
51,0.40475288600288606,9.158163265306124,5.5285714285714285,simulada
179,0.18438580588226172,552.7589285714286,25.7,simulada
32,0.29227994227994236,13.320153061224492,4.328571428571428,simulada
233,0.3453111737237495,206.86096938775512,13.242857142857142,simulada
32,0.12708333333333335,9.744897959183675,5.642857142857143,simulada
239,0.21540041281535152,658.9795918367347,26.12857142857143,simulada
240,0.3712687958565303,254.01530612244898,12.485714285714286,simulada
209,0.3705000246733848,176.7091836734694,12.257142857142858,simulada
61,0.3500000000000001,60.382653061224495,5.414285714285715,simulada
41,0.0772707231040565,12.146683673469388,12.114285714285714,simulada
231,0.2911774818403917,289.53443877551024,15.871428571428572,simulada
186,0.3543375941338045,160.1466836734694,11.228571428571428,simulada
233,0.3062827985034602,559.6938775510205,14.457142857142857,simulada
106,0.40160273873088487,34.89158163265306,7.5,simulada
68,0.06600796863954764,28.765306122448976,12.357142857142858,simulada
146,0.08388125036723622,93.9438775510204,27.071428571428573,simulada
105,0.22454906204906183,178.90178571428572,7.757142857142857,simulada
28,0.451578947368421,5.7397959183673475,3.2142857142857144,simulada
143,0.07955760310212388,92.02551020408164,31.228571428571428,simulada
218,0.16467799015062576,844.4948979591837,22.514285714285716,simulada
200,0.06908917597693083,241.23852040816328,47.48571428571429,simulada
99,0.07861801242236037,47.142857142857146,25.314285714285713,simulada
231,0.3545227757954237,127.41836734693878,14.014285714285714,simulada
133,0.3617528749107701,208.64285714285714,7.585714285714285,simulada
94,0.3905884151619595,43.901785714285715,6.885714285714286,simulada
196,0.3646374946847494,154.48979591836732,11.67142857142857,simulada
168,0.08200380427653134,324.00382653061223,31.67142857142857,simulada
213,0.345660281430643,160.19387755102042,11.014285714285714,simulada
96,0.35934685062836313,68.31122448979592,6.928571428571429,simulada
160,0.35283650578633957,65.07525510204081,11.742857142857142,simulada
180,0.3732017644547546,100.38265306122449,9.414285714285715,simulada
172,0.19110695335583744,269.53061224489795,18.3,simulada
68,0.16990005878894784,28.881377551020403,10.742857142857142,simulada
78,0.11749208808867899,49.401785714285715,13.9,simulada
234,0.37472701067190056,177.98979591836732,13.528571428571428,simulada
27,0.04191033138401559,2.2385204081632653,8.571428571428571,simulada
207,0.20100727817554145,453.54464285714283,21.642857142857142,simulada
158,0.3818005885739868,71.50382653061224,9.757142857142858,simulada
41,0.30242003367003356,18.28061224489796,5.628571428571429,simulada
96,0.13871332371332354,82.60586734693877,12.757142857142858,simulada
117,0.09941707474952151,43.45918367346939,21.82857142857143,simulada
167,0.3872531460403315,97.55102040816327,9.871428571428572,simulada
73,0.15386851710381105,47.94387755102041,12.728571428571428,simulada
28,0.451578947368421,5.7397959183673475,3.2142857142857144,simulada
153,0.3827253478523897,105.24872448979592,7.9714285714285715,simulada
191,0.3269276088433509,79.62244897959184,13.514285714285714,simulada
166,0.37876747707629926,223.38265306122452,9.385714285714286,simulada
219,0.10246220090852678,346.9183673469388,36.42857142857143,simulada
134,0.06195026046884424,124.28061224489797,34.25714285714286,simulada
171,0.32786575395270934,154.0752551020408,11.67142857142857,simulada
194,0.366402521984952,209.47321428571428,9.342857142857143,simulada
45,0.2165692007797273,19.408163265306122,6.142857142857143,simulada
36,0.24597069597069587,16.566326530612244,4.957142857142857,simulada
180,0.331168431380297,487.1670918367346,9.057142857142857,simulada
26,0.4340659340659342,12.489795918367347,3.3285714285714287,simulada
61,0.3500000000000001,60.382653061224495,5.414285714285715,simulada
50,0.07233201581027668,8.693877551020408,12.357142857142858,simulada
173,0.2365526913173967,212.09566326530611,17.17142857142857,simulada
222,0.14530274601830687,854.9642857142857,27.857142857142858,simulada
69,0.12769326866549105,31.16709183673469,11.457142857142857,simulada
60,0.09246828752642704,48.23852040816327,15.642857142857142,simulada
27,0.17492784992785,21.173469387755098,7.857142857142857,simulada
196,0.3660412831142963,107.93239795918366,11.914285714285715,simulada
25,0.20310846560846563,5.360969387755103,4.985714285714286,simulada
33,0.1317460317460317,5.10204081632653,4.171428571428572,simulada
66,0.09505997474747482,23.602040816326532,16.557142857142857,simulada
190,0.10463748022538523,194.50382653061226,31.2,simulada
73,0.20174844629209732,53.035714285714285,10.17142857142857,simulada
65,0.4155228981544771,14.809948979591836,5.457142857142857,simulada
214,0.3469550672681118,160.55102040816328,11.157142857142857,simulada
33,0.05395256916996048,6.178571428571429,12.114285714285714,simulada
179,0.3671736874564757,137.96301020408163,10.0,simulada
177,0.19121128871128926,284.452806122449,18.857142857142858,simulada
214,0.3469550672681118,160.55102040816328,11.157142857142857,simulada
236,0.384108599386224,169.76530612244898,11.685714285714285,simulada
212,0.3481613458780646,162.55102040816328,11.614285714285714,simulada
86,0.3992166474432909,51.5344387755102,6.828571428571428,simulada
209,0.2271183463640464,713.718112244898,15.157142857142857,simulada
229,0.3773398522768541,163.46301020408166,12.571428571428571,simulada
180,0.331168431380297,487.1670918367346,9.057142857142857,simulada
196,0.3660412831142963,107.93239795918366,11.914285714285715,simulada
129,0.297841553287982,150.81632653061226,11.928571428571429,simulada
81,0.40957820375113607,22.891581632653065,6.414285714285715,simulada
53,0.41588235294117654,16.034438775510203,4.928571428571429,simulada
52,0.19376361655773416,24.38137755102041,7.4,simulada
133,0.07373932906495964,140.21811224489798,23.84285714285714,simulada
103,0.36417624521072794,143.05102040816328,7.0,simulada
207,0.20100727817554145,453.54464285714283,21.642857142857142,simulada
40,0.08330314009661838,14.401785714285714,9.771428571428572,simulada
114,0.385476905134034,84.87244897959184,7.985714285714286,simulada
239,0.32000907080856705,1167.3469387755101,14.057142857142857,simulada
172,0.18380875418048456,412.88137755102036,15.428571428571429,simulada
74,0.09936696900982632,28.561224489795922,15.857142857142858,simulada
33,0.10238095238095236,8.566326530612246,6.328571428571428,simulada
186,0.3737444588329834,120.89158163265306,11.728571428571428,simulada
32,0.07076923076923082,9.204081632653061,9.82857142857143,simulada
169,0.11981733848510191,323.37244897959187,18.314285714285713,simulada
175,0.10386271726513926,424.12244897959187,26.34285714285714,simulada
211,0.3654923697807053,235.96301020408166,11.628571428571428,simulada
51,0.16733082706766927,20.586734693877553,8.628571428571428,simulada
176,0.2192358998503072,298.5867346938776,13.471428571428572,simulada
35,0.3958333333333332,10.122448979591837,4.328571428571428,simulada
54,0.2574404761904762,26.372448979591834,5.957142857142857,simulada
240,0.3712687958565303,254.01530612244898,12.485714285714286,simulada
37,0.06320346320346319,6.309948979591837,14.185714285714285,simulada
138,0.26606720024989233,162.53443877551018,12.028571428571428,simulada
38,0.1490362811791384,18.714285714285715,9.942857142857143,simulada
154,0.13537976301631752,280.7091836734694,22.985714285714284,simulada
202,0.2457457554682294,411.52423469387753,18.6,simulada
195,0.36045939028967333,115.95408163265306,11.314285714285715,simulada
241,0.37724624572050913,555.3469387755102,8.257142857142858,simulada
164,0.07701113582399119,166.15816326530611,27.428571428571427,simulada
198,0.09260919106338823,324.6326530612245,33.3,simulada
44,0.41315789473684206,9.158163265306124,4.714285714285714,simulada
81,0.24895572263993318,125.67729591836736,10.028571428571428,simulada
179,0.18285952261964214,830.8520408163265,26.814285714285713,simulada
144,0.18697932657374122,146.21811224489798,11.957142857142857,simulada
194,0.10053711236746704,310.21811224489795,33.142857142857146,simulada
67,0.1288943623426383,37.75,8.17142857142857,simulada
112,0.3723985325124199,42.515306122448976,9.271428571428572,simulada
235,0.2971260862753682,763.5,11.885714285714286,simulada
234,0.3314374497434989,313.7142857142857,13.571428571428571,simulada
33,0.39853896103896097,10.994897959183673,3.942857142857143,simulada
161,0.3458793195756448,73.21811224489795,10.657142857142857,simulada
207,0.112816472808896,344.66709183673476,27.857142857142858,simulada
210,0.12962675750767885,552.952806122449,32.25714285714286,simulada
48,0.40030991735537175,24.994897959183675,4.0285714285714285,simulada
212,0.24330339484229638,1243.6938775510205,21.52857142857143,simulada
86,0.05172789744945153,22.729591836734695,18.2,simulada
27,0.057638888888888885,5.214285714285714,7.828571428571428,simulada
29,0.2967171717171716,18.301020408163264,4.742857142857143,simulada
87,0.2457829301075266,95.98979591836736,11.82857142857143,simulada
81,0.24895572263993318,125.67729591836736,10.028571428571428,simulada
52,0.42074592074592054,26.102040816326532,4.228571428571429,simulada
195,0.08729567673173894,370.67729591836735,40.4,simulada
197,0.18054399763975149,468.98979591836735,21.057142857142857,simulada
43,0.152473716759431,23.01530612244898,5.642857142857143,simulada
194,0.33635464236801565,121.24872448979592,13.357142857142858,simulada
197,0.37273794072039645,128.02423469387756,11.871428571428572,simulada
226,0.32619858793469697,866.6160714285714,10.085714285714285,simulada
227,0.11812365320809605,539.6466836734694,36.957142857142856,simulada
32,0.07056530214424947,7.8609693877551035,16.214285714285715,simulada
173,0.36709484337876275,136.73852040816328,9.728571428571428,simulada
207,0.18902000682868988,260.67729591836735,20.928571428571427,simulada
210,0.36874781719848154,185.10586734693877,11.5,simulada
147,0.36590853468801987,79.32015306122449,9.614285714285714,simulada
183,0.09047733790100328,417.9591836734694,29.17142857142857,simulada
171,0.32786575395270934,154.0752551020408,11.67142857142857,simulada
174,0.1173631518522014,470.39285714285717,31.042857142857144,simulada
212,0.35498759221393617,173.89158163265304,12.514285714285714,simulada
169,0.13658258156557368,410.1938775510204,17.557142857142857,simulada
75,0.11286638112034926,31.667091836734695,16.057142857142857,simulada
203,0.16728293402429384,1006.7589285714286,25.614285714285714,simulada
83,0.12266433099766424,41.52423469387755,11.785714285714286,simulada
49,0.32182539682539674,34.464285714285715,5.314285714285714,simulada
227,0.14857995320376166,639.6377551020408,25.614285714285714,simulada
230,0.3501634031828274,178.3112244897959,12.5,simulada
46,0.176748120300752,26.75,7.1571428571428575,simulada
78,0.10654761904761918,40.16709183673469,16.271428571428572,simulada
181,0.1121267375381293,190.78954081632654,26.042857142857144,simulada
52,0.08526272577996721,16.158163265306122,10.4,simulada
244,0.29621552020671016,284.37244897959187,13.957142857142857,simulada
193,0.35696745224099763,156.35204081632654,11.057142857142857,simulada
225,0.3133024734173569,764.218112244898,12.242857142857142,simulada
156,0.3555138138362121,65.09566326530611,10.157142857142857,simulada
33,0.125,9.071428571428571,5.542857142857143,simulada
202,0.23013873213133001,913.8915816326531,17.885714285714286,simulada
40,0.38480975723622785,10.63265306122449,4.642857142857143,simulada
194,0.10053711236746704,310.21811224489795,33.142857142857146,simulada
243,0.34922588579240643,193.23852040816328,14.714285714285714,simulada
65,0.06071428571428568,13.26530612244898,15.014285714285714,simulada
153,0.3713577121243019,55.78061224489796,9.971428571428572,simulada
191,0.3269276088433509,79.62244897959184,13.514285714285714,simulada
167,0.0826341295717167,298.60714285714283,30.8,simulada
230,0.27742300695547767,367.4642857142857,16.385714285714286,simulada
38,0.43917937545388536,14.392857142857142,4.228571428571429,simulada
48,0.41463656169538504,23.102040816326532,4.6,simulada
185,0.08702663361788261,406.65816326530614,30.514285714285716,simulada
209,0.3574095857449595,170.0752551020408,10.642857142857142,simulada
50,0.16250000000000014,19.71811224489796,10.742857142857142,simulada
55,0.4296166341780377,14.051020408163266,5.457142857142857,simulada
39,0.15088522588522588,9.357142857142858,7.114285714285714,simulada
201,0.3915581356466174,120.82015306122449,10.414285714285715,simulada
28,0.4234375,12.387755102040817,3.7857142857142856,simulada
159,0.3345118418775542,92.95280612244899,12.2,simulada
29,0.22202380952380954,18.738520408163264,5.0,simulada
155,0.3653061796223004,66.82142857142857,11.085714285714285,simulada
239,0.32000907080856694,1167.3469387755101,14.057142857142857,simulada
157,0.3665653539287803,113.63265306122449,9.628571428571428,simulada
51,0.2994107744107744,35.53061224489796,6.257142857142857,simulada
125,0.37877141421674665,49.1875,7.185714285714286,simulada
58,0.4136029411764701,40.38775510204082,5.3428571428571425,simulada
248,0.20202294897145734,1433.3099489795918,22.7,simulada
219,0.3437139713798095,225.3112244897959,12.528571428571428,simulada
40,0.1397177419354839,30.53061224489796,13.428571428571429,simulada
159,0.36483815946676645,107.37244897959184,10.571428571428571,simulada
28,0.295422335600907,7.918367346938775,4.542857142857143,simulada
195,0.08224326368830227,232.3826530612245,36.48571428571429,simulada
49,0.20378151260504254,44.20918367346939,5.742857142857143,simulada
207,0.3712095588949578,214.15816326530611,11.971428571428572,simulada
232,0.34640574754399983,189.55102040816328,14.114285714285714,simulada
240,0.2896831353771518,501.9323979591836,14.614285714285714,simulada
49,0.32182539682539674,34.464285714285715,5.314285714285714,simulada
201,0.11259261810019293,343.59693877551024,27.84285714285714,simulada
27,0.3121212121212121,14.33673469387755,4.171428571428572,simulada
31,0.1096491228070175,8.709183673469388,5.8428571428571425,simulada
40,0.35497835497835495,18.918367346938776,3.8,simulada
187,0.07650972452934608,281.1670918367347,30.17142857142857,simulada
195,0.08224326368830227,232.3826530612245,36.48571428571429,simulada
47,0.12455357142857149,22.678571428571427,11.8,simulada
147,0.12116814915322409,186.75892857142858,22.742857142857144,simulada
159,0.36483815946676645,107.37244897959184,10.571428571428571,simulada
83,0.12266433099766424,41.52423469387755,11.785714285714286,simulada
45,0.11890873015873024,21.258928571428573,12.128571428571428,simulada
38,0.2576543209876543,10.02423469387755,5.8428571428571425,simulada
199,0.07946387989505795,248.50382653061226,42.72857142857143,simulada
63,0.17617592592592624,27.27551020408163,9.357142857142858,simulada
208,0.1871171251609005,511.1326530612245,20.82857142857143,simulada
231,0.2911774818403917,289.53443877551024,15.871428571428572,simulada
37,0.06320346320346319,6.309948979591837,14.185714285714285,simulada
172,0.12383808587725689,135.00382653061223,19.9,simulada
169,0.1032989755122435,365.952806122449,27.385714285714286,simulada
38,0.20162835249042121,42.56122448979591,5.914285714285715,simulada
125,0.3413690013042246,104.6670918367347,10.1,simulada
149,0.3777426006244787,123.59566326530613,8.142857142857142,simulada
224,0.3206568843076079,217.50382653061226,12.885714285714286,simulada
57,0.09586489898989911,28.748724489795915,18.8,simulada
151,0.06662491432574842,75.95918367346938,25.357142857142858,simulada
229,0.3773398522768541,163.46301020408166,12.571428571428571,simulada
131,0.3182817072698025,86.24489795918366,10.1,simulada
225,0.3676469803058782,255.07142857142858,12.3,simulada
51,0.12335843169176505,26.38137755102041,7.014285714285714,simulada
58,0.11918915343915351,25.872448979591837,14.742857142857142,simulada
25,0.19646464646464648,8.285714285714286,4.371428571428571,simulada
56,0.4126957545378598,12.891581632653061,5.871428571428571,simulada
38,0.3439393939393939,22.667091836734695,4.9714285714285715,simulada
181,0.1121267375381293,190.78954081632654,26.042857142857144,simulada
78,0.21881097560975493,93.47321428571429,7.114285714285714,simulada
198,0.1647211304777098,502.9630102040816,25.071428571428573,simulada
196,0.10560994893784538,213.44387755102042,31.0,simulada
117,0.18452164894996195,132.78061224489798,16.928571428571427,simulada
223,0.1451041914863804,463.28954081632656,30.042857142857144,simulada
153,0.14776231358538122,353.30994897959187,17.714285714285715,simulada
26,0.25555555555555554,9.943877551020407,3.4714285714285715,simulada
155,0.12495817327438354,177.59566326530611,18.442857142857143,simulada
31,0.11666666666666665,10.718112244897958,7.9714285714285715,simulada
231,0.3545227757954237,127.41836734693878,14.014285714285714,simulada
150,0.06937002151287883,98.6875,22.228571428571428,simulada
123,0.3458062248545486,64.74872448979592,8.985714285714286,simulada
31,0.0825805322128851,9.58673469387755,9.628571428571428,simulada
222,0.13189035404371416,546.3099489795918,31.085714285714285,simulada
180,0.109768703727601,170.89158163265307,28.885714285714286,simulada
148,0.3105073398380205,183.0752551020408,9.985714285714286,simulada
173,0.08977891445399104,173.56632653061226,36.57142857142857,simulada
174,0.34847361228617624,150.6875,10.7,simulada
228,0.1504896929253364,421.66709183673464,29.8,simulada
203,0.34953897805352635,180.2487244897959,11.957142857142857,simulada
143,0.29000497398224695,227.8609693877551,11.957142857142857,simulada
230,0.384382110671204,189.00382653061226,12.071428571428571,simulada
224,0.21150198491293543,1091.452806122449,29.314285714285713,simulada
84,0.3585184552289817,26.14668367346939,6.685714285714286,simulada
31,0.06633454106280191,7.321428571428571,8.714285714285714,simulada
130,0.14516937371963726,204.40816326530611,17.228571428571428,simulada
65,0.11672824302134659,28.789540816326532,7.914285714285715,simulada
36,0.10870098039215684,7.801020408163265,8.257142857142858,simulada
56,0.4126957545378598,12.891581632653061,5.871428571428571,simulada
223,0.36700170755903416,252.67729591836732,11.757142857142858,simulada
183,0.1641434917782599,513.8367346938775,18.52857142857143,simulada
177,0.06359396634760088,161.78571428571428,29.042857142857144,simulada
25,0.4523809523809525,13.061224489795919,3.2,simulada
154,0.17006957328385913,180.01530612244898,14.357142857142858,simulada
223,0.36700170755903416,252.67729591836732,11.757142857142858,simulada
136,0.08954090998638878,47.24872448979592,17.87142857142857,simulada
51,0.051092117758784424,10.244897959183675,15.1,simulada
29,0.15447303921568628,15.738520408163264,5.8,simulada
245,0.3273418743453742,197.95280612244898,12.757142857142858,simulada
51,0.16733082706766927,20.586734693877553,8.628571428571428,simulada
173,0.3467024994030923,147.46301020408166,10.4,simulada
28,0.4538888888888889,5.173469387755103,3.1714285714285713,simulada
87,0.13405997578411394,46.132653061224495,15.728571428571428,simulada
57,0.03705882352941176,8.811224489795919,16.8,simulada
176,0.2192358998503072,298.5867346938776,13.471428571428572,simulada
41,0.42994652406417094,21.503826530612248,3.9285714285714284,simulada
173,0.1282325984224537,355.1938775510204,33.52857142857143,simulada
27,0.05484126984126984,2.6058673469387754,7.928571428571429,simulada
247,0.3472268037961721,170.07142857142858,14.571428571428571,simulada
28,0.10640692640692642,3.4323979591836737,8.114285714285714,simulada
200,0.06908917597693083,241.23852040816328,47.48571428571429,simulada
210,0.33601398352374306,167.82015306122452,13.257142857142858,simulada
237,0.20607063979180135,815.3826530612245,22.67142857142857,simulada
119,0.3881512889925859,73.91836734693878,7.1571428571428575,simulada
169,0.35827871561529945,111.21428571428571,10.7,simulada
33,0.125,9.071428571428571,5.542857142857143,simulada
100,0.38010256399587644,44.38137755102041,6.485714285714286,simulada
186,0.3581550644601179,92.56122448979592,12.471428571428572,simulada
214,0.2797756191572253,323.6466836734694,15.4,simulada
222,0.4002550702998646,250.69387755102042,8.242857142857142,simulada
200,0.13050638617784516,316.28061224489795,37.82857142857143,simulada
74,0.09970012626262635,27.973214285714285,14.185714285714285,simulada
154,0.13537976301631752,280.7091836734694,22.985714285714284,simulada
228,0.3712245925060065,460.3724489795918,8.771428571428572,simulada
175,0.08818169378514128,129.66836734693877,36.15714285714286,simulada
198,0.33693310337843496,130.60586734693877,12.971428571428572,simulada
159,0.36483815946676645,107.37244897959184,10.571428571428571,simulada
38,0.21905458089668614,14.908163265306124,4.514285714285714,simulada
54,0.05185091106143739,10.6875,15.285714285714286,simulada
159,0.35129492750068486,63.25,11.17142857142857,simulada
102,0.4055077127804024,52.66836734693878,6.957142857142857,simulada
94,0.10342687074829904,64.95280612244898,14.485714285714286,simulada
146,0.07268604220659027,62.14668367346939,21.214285714285715,simulada
44,0.41315789473684206,9.158163265306124,4.714285714285714,simulada
130,0.3257968107161653,130.23979591836735,8.657142857142857,simulada
234,0.37472701067190056,177.98979591836732,13.528571428571428,simulada
200,0.39773165167902125,144.93239795918367,10.657142857142857,simulada
98,0.38637723198196317,38.14668367346939,7.914285714285715,simulada
247,0.3472268037961721,170.07142857142858,14.571428571428571,simulada
35,0.10600490196078435,7.901785714285714,9.214285714285714,simulada
37,0.08678571428571427,9.59566326530612,8.357142857142858,simulada
122,0.3886843404553082,54.98979591836735,8.228571428571428,simulada
165,0.1618085306441473,252.51530612244898,14.542857142857143,simulada
163,0.2652523434047291,693.1938775510205,14.32857142857143,simulada
210,0.36874781719848154,185.10586734693877,11.5,simulada
54,0.4288888888888884,45.38775510204082,4.271428571428571,simulada
38,0.11146825396825395,12.311224489795919,9.928571428571429,simulada
104,0.21925699572758428,102.57525510204081,9.957142857142857,simulada
223,0.2848858052321246,1104.1772959183675,13.871428571428572,simulada
177,0.37939219073119934,166.99489795918367,9.485714285714286,simulada
102,0.4055077127804024,52.66836734693878,6.957142857142857,simulada
180,0.08867072858516467,339.7385204081633,34.67142857142857,simulada
191,0.35890184972555117,164.31122448979593,10.414285714285715,simulada
34,0.26067821067821073,23.311224489795922,5.685714285714286,simulada
206,0.16146188161749586,979.6683673469388,28.142857142857142,simulada
150,0.0632425851696613,187.3112244897959,39.34285714285714,simulada
105,0.09235796882855697,55.882653061224495,16.142857142857142,simulada
33,0.4037414965986396,11.979591836734695,3.7285714285714286,simulada
28,0.03265107212475635,3.2857142857142856,10.971428571428572,simulada
74,0.14708747135217717,50.382653061224495,13.042857142857143,simulada
59,0.14792241775937442,26.963010204081634,10.7,simulada
78,0.21881097560975493,93.47321428571429,7.114285714285714,simulada
184,0.3495065692627609,145.60586734693877,11.7,simulada
209,0.11992704560961472,444.7448979591837,30.857142857142858,simulada
177,0.11477317888674608,379.0038265306122,30.714285714285715,simulada
117,0.39447093393980026,40.17729591836735,7.9714285714285715,simulada
137,0.11488408338203748,83.45408163265306,9.371428571428572,simulada
73,0.20174844629209732,53.035714285714285,10.17142857142857,simulada
39,0.09249011857707518,9.096938775510205,8.214285714285714,simulada
244,0.3737663090127298,193.27551020408166,12.971428571428572,simulada
102,0.06881633798300478,35.432397959183675,18.414285714285715,simulada
45,0.4132478632478633,17.989795918367346,4.228571428571429,simulada
41,0.11954191033138403,9.204081632653061,6.771428571428571,simulada
85,0.40419381787802805,25.39158163265306,6.228571428571429,simulada
190,0.14260622229372452,302.38775510204084,22.885714285714286,simulada
218,0.16467799015062576,844.4948979591837,22.514285714285716,simulada
67,0.39654589906137877,16.586734693877553,5.8,simulada
209,0.3574095857449595,170.0752551020408,10.642857142857142,simulada
32,0.44957983193277323,11.83673469387755,3.257142857142857,simulada
192,0.36201550355452927,153.56632653061226,11.557142857142857,simulada
123,0.14195286195286205,73.1466836734694,14.071428571428571,simulada
28,0.4419642857142857,12.816326530612246,3.657142857142857,simulada
185,0.07523446513108152,221.1326530612245,40.42857142857143,simulada
166,0.06282057128264969,99.45280612244899,26.071428571428573,simulada
226,0.37753453812130827,221.83035714285714,12.957142857142857,simulada
27,0.21527777777777768,10.034438775510205,3.8857142857142857,simulada
166,0.2935562387523825,249.71811224489798,13.585714285714285,simulada
207,0.18902000682868988,260.67729591836735,20.928571428571427,simulada
154,0.12082386094534477,197.17729591836732,23.257142857142856,simulada
224,0.3790909095395482,198.08673469387756,11.742857142857142,simulada
171,0.06724864945978319,144.43239795918367,38.214285714285715,simulada
246,0.1314655249381623,476.1058673469388,35.77142857142857,simulada
44,0.2785087719298246,34.860969387755105,5.385714285714286,simulada
111,0.38839421733605695,57.01530612244898,7.214285714285714,simulada
71,0.173279569892473,36.51530612244898,10.1,simulada
194,0.09827633556285185,425.8099489795918,33.44285714285714,simulada
68,0.06600796863954764,28.765306122448976,12.357142857142858,simulada
194,0.33635464236801565,121.24872448979592,13.357142857142858,simulada
125,0.11418279959263519,111.74489795918369,16.785714285714285,simulada
53,0.25135566188197755,40.66709183673469,7.285714285714286,simulada
173,0.3374431076701452,128.45280612244898,12.114285714285714,simulada
162,0.1272474823513669,254.5344387755102,17.428571428571427,simulada
189,0.32577489048304875,104.28061224489797,13.67142857142857,simulada
125,0.35682824550906106,56.5344387755102,8.228571428571428,simulada
227,0.32725005738781204,143.10204081632654,12.942857142857143,simulada
218,0.31237426168301635,507.92346938775506,12.785714285714286,simulada
28,0.4419642857142857,12.816326530612246,3.657142857142857,simulada
227,0.14857995320376166,639.6377551020408,25.614285714285714,simulada
157,0.3665653539287803,113.63265306122449,9.628571428571428,simulada
174,0.34847361228617624,150.6875,10.7,simulada
170,0.3845398453655373,78.97321428571429,10.214285714285714,simulada
71,0.4066299620338329,44.81122448979592,6.2,simulada
78,0.2174316696375522,83.78061224489795,8.685714285714285,simulada
129,0.11857145914349325,113.9438775510204,29.314285714285713,simulada
100,0.2397731064397733,110.45408163265306,8.1,simulada
162,0.1176169749317899,202.5,21.84285714285714,simulada
94,0.1727836879432623,116.07525510204083,10.185714285714285,simulada
172,0.18380875418048456,412.88137755102036,15.428571428571429,simulada
164,0.12281113667477266,128.28954081632654,30.242857142857144,simulada
148,0.3105073398380205,183.0752551020408,9.985714285714286,simulada
28,0.08000700280112047,3.9017857142857144,6.8,simulada
189,0.36726840778698294,141.17729591836735,11.314285714285715,simulada
191,0.24031432926068022,598.4017857142857,20.428571428571427,simulada
27,0.3224837662337662,16.99489795918367,4.014285714285714,simulada
169,0.09683624159821592,187.11607142857142,35.07142857142857,simulada
161,0.32392289762891563,95.28061224489797,11.657142857142857,simulada
195,0.09444923652914086,433.7385204081633,36.68571428571428,simulada
155,0.12495817327438354,177.59566326530611,18.442857142857143,simulada
203,0.16728293402429384,1006.7589285714286,25.614285714285714,simulada
203,0.28017204068486296,832.908163265306,12.728571428571428,simulada
75,0.3863880855986117,66.13775510204081,5.0285714285714285,simulada
238,0.3896882559201418,189.08673469387756,11.442857142857143,simulada
222,0.22056659909102863,878.8877551020407,23.37142857142857,simulada
183,0.1641434917782599,513.8367346938775,18.52857142857143,simulada
43,0.22114252645502644,20.561224489795915,6.828571428571428,simulada
121,0.1700885570800826,196.08673469387756,18.257142857142856,simulada
102,0.06881633798300478,35.432397959183675,18.414285714285715,simulada
168,0.11038846066802338,610.4081632653061,31.5,simulada
230,0.384382110671204,189.00382653061226,12.071428571428571,simulada
123,0.24305194805194802,112.11607142857143,14.142857142857142,simulada
203,0.3663844618448,177.8112244897959,11.228571428571428,simulada
121,0.22347921550579367,141.39158163265307,13.3,simulada
119,0.3881512889925859,73.91836734693878,7.1571428571428575,simulada
28,0.07705314009661839,8.964285714285714,8.457142857142857,simulada
29,0.09238473167044596,6.258928571428571,7.371428571428571,simulada
212,0.3623390863710662,198.06632653061226,10.757142857142858,simulada
225,0.2844173312442548,1113.857142857143,18.17142857142857,simulada
58,0.1754906616017727,30.238520408163264,8.571428571428571,simulada
30,0.2571252204585538,10.602040816326532,4.6,simulada
53,0.085249042145594,18.677295918367346,14.67142857142857,simulada
153,0.09429246336215741,104.54464285714286,24.185714285714287,simulada
29,0.025054466230936816,1.7448979591836733,7.242857142857143,simulada
228,0.12407455736418918,668.5242346938775,40.77142857142857,simulada
37,0.2002158173210806,22.677295918367346,6.385714285714286,simulada
150,0.39046250225746765,46.891581632653065,8.571428571428571,simulada
151,0.35441071493703163,202.6377551020408,8.414285714285715,simulada
49,0.06944444444444445,8.51530612244898,8.885714285714286,simulada
150,0.36052618931585173,88.28061224489795,10.17142857142857,simulada
223,0.1960924950970721,941.765306122449,21.514285714285716,simulada
225,0.11199849768551651,520.7755102040817,34.68571428571428,simulada
93,0.39448529411764693,66.21428571428571,6.114285714285714,simulada
33,0.44957983193277323,11.83673469387755,3.2857142857142856,simulada
148,0.3563137391708835,170.0969387755102,8.742857142857142,simulada
141,0.35401835019798356,62.452806122448976,10.357142857142858,simulada
25,0.4523809523809525,13.061224489795919,3.2,simulada
34,0.055749999999999994,6.989795918367347,15.8,simulada
51,0.12335843169176505,26.38137755102041,7.014285714285714,simulada
148,0.27186139332365805,273.75892857142856,10.285714285714286,simulada
203,0.34953897805352635,180.2487244897959,11.957142857142857,simulada
152,0.3675605536332169,164.83035714285714,8.928571428571429,simulada
64,0.08506750871080132,33.673469387755105,13.285714285714286,simulada
81,0.24895572263993318,125.67729591836736,10.028571428571428,simulada
227,0.15004410546952648,618.8813775510205,25.857142857142858,simulada
193,0.11114148387949246,416.0306122448979,34.55714285714286,simulada
85,0.40419381787802805,25.39158163265306,6.228571428571429,simulada
174,0.35096604434268003,108.20918367346938,10.414285714285715,simulada
166,0.29355623875238246,249.71811224489798,13.6,simulada
200,0.39773165167902125,144.93239795918367,10.657142857142857,simulada
98,0.3865552918145561,40.61607142857143,7.6571428571428575,simulada
54,0.4288888888888884,45.38775510204082,4.271428571428571,simulada
173,0.3374431076701452,128.45280612244898,12.114285714285714,simulada
154,0.13537976301631752,280.7091836734694,22.985714285714284,simulada
93,0.13639332365747436,81.53443877551021,13.742857142857142,simulada
34,0.22354788069073786,16.28061224489796,5.142857142857143,simulada
32,0.10218253968253964,8.88265306122449,8.085714285714285,simulada
137,0.11488408338203748,83.45408163265306,9.371428571428572,simulada
27,0.301388888888889,12.301020408163266,4.357142857142857,simulada
49,0.20378151260504254,44.20918367346939,5.742857142857143,simulada
165,0.0772609780289144,163.88137755102042,27.4,simulada
128,0.35638486420331156,45.78061224489796,10.242857142857142,simulada
45,0.11890873015873024,21.258928571428573,12.128571428571428,simulada
229,0.3541525929238194,181.03443877551018,13.32857142857143,simulada
117,0.18452164894996195,132.78061224489798,16.928571428571427,simulada
248,0.3188104605812899,1363.6020408163265,15.028571428571428,simulada
77,0.2856776556776561,68.42857142857143,8.414285714285715,simulada
73,0.4063186813186813,26.602040816326532,5.8428571428571425,simulada
87,0.18147361431131614,56.382653061224495,12.971428571428572,simulada
58,0.08030913978494629,16.602040816326532,16.314285714285713,simulada
230,0.384382110671204,189.00382653061226,12.071428571428571,simulada
169,0.1032989755122435,365.952806122449,27.385714285714286,simulada
48,0.39682539682539647,30.678571428571427,4.0285714285714285,simulada
153,0.3713577121243019,55.78061224489796,9.971428571428572,simulada
159,0.37524143146016425,77.59566326530613,9.4,simulada
163,0.09044226435430147,100.56632653061224,33.02857142857143,simulada
151,0.06662491432574842,75.95918367346938,25.357142857142858,simulada
77,0.2856776556776561,68.42857142857143,8.414285714285715,simulada
190,0.14260622229372452,302.38775510204084,22.885714285714286,simulada
51,0.16733082706766927,20.586734693877553,8.628571428571428,simulada
58,0.0748924731182796,14.27551020408163,11.814285714285715,simulada
27,0.1895604395604396,11.887755102040817,4.414285714285715,simulada
149,0.35401160944998866,94.71811224489797,8.3,simulada
225,0.36782828337048185,246.76530612244898,12.014285714285714,simulada
29,0.22202380952380954,18.738520408163264,5.0,simulada
95,0.1296587467971113,66.51530612244898,11.628571428571428,simulada
48,0.19613997113997142,22.391581632653065,8.257142857142858,simulada
93,0.13639332365747436,81.53443877551021,13.742857142857142,simulada
196,0.3646374946847494,154.48979591836732,11.67142857142857,simulada
193,0.11114148387949246,416.0306122448979,34.55714285714286,simulada
183,0.0967814710042434,196.39158163265304,26.15714285714286,simulada
175,0.3472569437238803,76.11607142857143,12.3,simulada
241,0.29263146794725514,639.7589285714286,15.842857142857143,simulada
221,0.3584942797117511,243.44387755102042,11.5,simulada
36,0.45096491228070174,5.908163265306122,3.357142857142857,simulada
62,0.11282010582010595,21.963010204081634,6.171428571428572,simulada
204,0.34981921528774074,173.6670918367347,11.557142857142857,simulada
249,0.3398432541816524,199.50382653061226,14.8,simulada
43,0.152473716759431,23.01530612244898,5.642857142857143,simulada
30,0.03899868247694334,3.979591836734694,9.842857142857143,simulada
211,0.3654923697807053,235.96301020408166,11.628571428571428,simulada
84,0.141571497285783,50.60586734693877,17.142857142857142,simulada
204,0.34981921528774074,173.6670918367347,11.557142857142857,simulada
193,0.35696745224099763,156.35204081632654,11.057142857142857,simulada
66,0.3902414235231571,22.248724489795922,5.457142857142857,simulada
61,0.20297435897435914,37.94387755102041,5.242857142857143,simulada
167,0.3740465962621336,68.56122448979592,10.014285714285714,simulada
184,0.08225057415198211,385.84693877551024,36.75714285714286,simulada
225,0.3676469803058782,255.07142857142858,12.3,simulada
190,0.14061687011686974,211.06122448979593,20.457142857142856,simulada
60,0.11176470588235286,39.67857142857143,14.857142857142858,simulada
193,0.1172843660874864,391.7857142857143,25.97142857142857,simulada
25,0.23555555555555563,8.10204081632653,4.928571428571429,simulada
36,0.0591238471673254,5.38265306122449,11.471428571428572,simulada
207,0.13177891854610893,274.57142857142856,21.942857142857143,simulada
112,0.11100182149362463,79.1670918367347,20.214285714285715,simulada
96,0.13871332371332354,82.60586734693877,12.757142857142858,simulada
74,0.09970012626262637,27.973214285714285,14.185714285714285,simulada
66,0.08895758303321334,22.872448979591837,17.15714285714286,simulada
202,0.36829284132756945,165.00382653061226,11.657142857142857,simulada
51,0.12335843169176505,26.38137755102041,7.014285714285714,simulada
167,0.08701004211208263,177.91836734693877,26.4,simulada
83,0.3684286890449032,24.75,7.585714285714285,simulada
41,0.10570728291316522,9.177295918367347,8.67142857142857,simulada
225,0.36782828337048185,246.76530612244898,12.014285714285714,simulada
108,0.18586274509803954,139.95918367346937,8.67142857142857,simulada
239,0.32000907080856705,1167.3469387755101,14.057142857142857,simulada
210,0.3596539155034765,191.62244897959184,11.571428571428571,simulada
136,0.38365424592957226,102.7295918367347,7.828571428571428,simulada
203,0.16728293402429384,1006.7589285714286,25.614285714285714,simulada
134,0.2589319332559571,146.05102040816328,13.842857142857143,simulada
208,0.3661600088621185,166.39285714285714,12.342857142857143,simulada
32,0.24974747474747477,12.137755102040815,5.3,simulada
49,0.23240740740740745,23.973214285714285,6.228571428571429,simulada
67,0.39654589906137877,16.586734693877553,5.8,simulada
28,0.4419642857142857,12.816326530612246,3.657142857142857,simulada
194,0.366402521984952,209.47321428571428,9.342857142857143,simulada
228,0.11175292871721214,620.0242346938776,33.25714285714286,simulada
29,0.09401709401709399,6.173469387755103,7.9714285714285715,simulada
112,0.11100182149362463,79.1670918367347,20.214285714285715,simulada
236,0.36921863083351447,277.98979591836735,12.657142857142857,simulada
163,0.2652523434047291,693.1938775510205,14.32857142857143,simulada
211,0.34712511220751313,202.10204081632654,12.014285714285714,simulada
124,0.39822172982890963,40.71811224489796,8.142857142857142,simulada
120,0.37880245278195823,71.6938775510204,8.657142857142857,simulada
213,0.345660281430643,160.19387755102042,11.014285714285714,simulada
60,0.11176470588235286,39.67857142857143,14.857142857142858,simulada
188,0.3071497086673537,429.952806122449,12.157142857142857,simulada
154,0.13537976301631752,280.7091836734694,22.985714285714284,simulada
231,0.17304942451395597,749.2857142857143,28.82857142857143,simulada
194,0.10053711236746704,310.21811224489795,33.142857142857146,simulada
68,0.10792352502878816,39.75892857142857,11.614285714285714,simulada
39,0.11432178932178942,17.239795918367346,10.042857142857143,simulada
33,0.44957983193277323,11.83673469387755,3.2857142857142856,simulada
46,0.16666196122717863,26.952806122448976,5.0,simulada
215,0.35019061656017425,268.4795918367347,11.957142857142857,simulada
94,0.2826666132221685,89.71811224489795,8.514285714285714,simulada
222,0.14530274601830687,854.9642857142857,27.857142857142858,simulada
93,0.39448529411764693,66.21428571428571,6.114285714285714,simulada
28,0.3584656084656086,12.60204081632653,3.6857142857142855,simulada
183,0.33344882881296595,225.6466836734694,12.585714285714285,simulada
220,0.3698051015657896,245.3469387755102,11.814285714285715,simulada
226,0.36544775099889615,268.7091836734694,11.585714285714285,simulada
87,0.18147361431131614,56.382653061224495,12.971428571428572,simulada
53,0.3429398148148144,34.525510204081634,4.714285714285714,simulada
173,0.3374431076701452,128.45280612244898,12.114285714285714,simulada
105,0.15311841998704265,98.75892857142857,16.0,simulada
217,0.23651765535327332,1581.9234693877552,26.214285714285715,simulada
193,0.1172843660874864,391.7857142857143,25.97142857142857,simulada
27,0.04603174603174603,3.4323979591836733,10.714285714285714,simulada
32,0.21622023809523805,18.575255102040817,6.671428571428572,simulada
28,0.4206349206349208,11.102040816326532,3.157142857142857,simulada
106,0.40160273873088487,34.89158163265306,7.5,simulada
41,0.11594202898550734,10.204081632653061,4.214285714285714,simulada
28,0.07705314009661839,8.964285714285714,8.457142857142857,simulada
169,0.13492967470240175,132.87244897959184,34.41428571428571,simulada
29,0.44642857142857145,12.244897959183675,3.3714285714285714,simulada
216,0.16968555549133973,836.265306122449,22.97142857142857,simulada
170,0.3712514580782482,143.94387755102042,10.071428571428571,simulada
187,0.3394972545876017,116.1670918367347,12.285714285714286,simulada
41,0.42994652406417094,21.503826530612248,3.9285714285714284,simulada
31,0.06633454106280191,7.321428571428571,8.714285714285714,simulada
209,0.2134207346260923,936.7295918367346,24.942857142857143,simulada
206,0.2759801434101554,878.9081632653061,14.728571428571428,simulada
230,0.36334036172948575,297.952806122449,11.885714285714286,simulada
118,0.14791498490773877,116.61607142857143,16.685714285714287,simulada
107,0.054842300556586204,23.95280612244898,26.62857142857143,simulada
170,0.3917916964356594,235.02423469387756,8.32857142857143,simulada
177,0.0644949853905083,176.42857142857142,40.55714285714286,simulada
26,0.14666666666666664,23.066326530612248,7.9714285714285715,simulada
104,0.37157309715206477,51.73852040816326,8.471428571428572,simulada
71,0.05914779326364693,19.27551020408163,17.82857142857143,simulada
112,0.31036682615629996,194.03571428571428,9.014285714285714,simulada
93,0.13639332365747436,81.53443877551021,13.742857142857142,simulada
184,0.36837833839897804,147.67346938775512,10.571428571428571,simulada
56,0.10845648604269299,19.122448979591837,9.728571428571428,simulada
198,0.38212646033295555,139.41836734693877,10.614285714285714,simulada
100,0.38010256399587644,44.38137755102041,6.485714285714286,simulada
125,0.3738663314295966,73.13265306122449,8.585714285714285,simulada
73,0.35514748409485225,63.525510204081634,7.0285714285714285,simulada
63,0.24398214285714276,49.93239795918368,8.9,simulada
180,0.10333567875940744,441.88137755102036,29.185714285714287,simulada
41,0.43980331262939965,6.952806122448979,4.085714285714285,simulada
238,0.3362945462178367,1916.6875,15.185714285714285,simulada
71,0.40042735042735045,18.534438775510203,6.414285714285715,simulada
174,0.09291357334409935,535.9591836734693,32.72857142857143,simulada
209,0.2271183463640464,713.718112244898,15.157142857142857,simulada
211,0.3420655603107737,137.03061224489795,13.2,simulada
67,0.42057925461035495,17.959183673469386,5.314285714285714,simulada
128,0.3665074926718482,57.73852040816326,8.528571428571428,simulada
199,0.3266641830435216,88.14668367346938,12.885714285714286,simulada
199,0.07946387989505795,248.50382653061226,42.72857142857143,simulada
55,0.26611811391223156,29.642857142857142,7.6,simulada
121,0.096426209372638,70.88775510204081,23.32857142857143,simulada
238,0.16979164544156172,811.6938775510205,27.385714285714286,simulada
233,0.2546365082657963,1029.6938775510205,19.214285714285715,simulada
108,0.42206526417052614,65.08673469387756,6.285714285714286,simulada
127,0.3727984132374392,100.1670918367347,8.642857142857142,simulada
184,0.3172170150454057,269.265306122449,13.914285714285715,simulada
96,0.1959529773541868,74.01530612244899,11.714285714285714,simulada
60,0.09246828752642704,48.23852040816327,15.642857142857142,simulada
195,0.08746672216140522,371.74872448979596,40.4,simulada
191,0.3660789001101856,157.5752551020408,11.0,simulada
200,0.13050638617784516,316.28061224489795,37.82857142857143,simulada
127,0.3867146132659656,70.32015306122449,7.9,simulada
242,0.36346366192060287,290.74872448979596,12.428571428571429,simulada
40,0.08267457180500659,13.391581632653061,9.928571428571429,simulada
29,0.09238473167044596,6.258928571428571,7.371428571428571,simulada
168,0.354015115547623,186.26530612244898,11.428571428571429,simulada
42,0.0888690476190476,15.667091836734693,7.871428571428571,simulada
86,0.13356973995271873,54.401785714285715,7.785714285714286,simulada
155,0.3820481192532006,96.65816326530613,9.7,simulada
225,0.3133024734173569,764.218112244898,12.242857142857142,simulada
46,0.16666196122717863,26.952806122448976,5.0,simulada
160,0.36251312657422186,104.17729591836735,10.428571428571429,simulada
160,0.35283650578633957,65.07525510204081,11.742857142857142,simulada
62,0.08950021450021432,27.13265306122449,8.32857142857143,simulada
241,0.27907489009926545,541.1071428571429,17.2,simulada
39,0.1093073593073593,16.658163265306122,9.257142857142858,simulada
232,0.17945064010138057,876.3724489795919,24.042857142857144,simulada
223,0.2848858052321246,1104.1772959183675,13.871428571428572,simulada
165,0.1618085306441473,252.51530612244898,14.542857142857143,simulada
165,0.3389479815371972,121.1670918367347,12.142857142857142,simulada
210,0.18014696234366556,507.45918367346934,19.385714285714286,simulada
180,0.309135238754804,276.32142857142856,12.214285714285714,simulada
179,0.16743664191184998,868.3163265306123,31.285714285714285,simulada
159,0.36483815946676645,107.37244897959184,10.571428571428571,simulada
195,0.08224326368830227,232.3826530612245,36.48571428571429,simulada
194,0.09827633556285185,425.8099489795918,33.44285714285714,simulada
39,0.1610969387755103,20.809948979591837,7.7,simulada
217,0.23651765535327332,1581.9234693877552,26.214285714285715,simulada
127,0.3867146132659656,70.32015306122449,7.9,simulada
244,0.3737663090127298,193.27551020408166,12.971428571428572,simulada
212,0.3623390863710662,198.06632653061226,10.757142857142858,simulada
206,0.16146188161749586,979.6683673469388,28.142857142857142,simulada
213,0.36790092526841656,272.6683673469388,10.928571428571429,simulada
93,0.09309708379475809,38.47959183673469,12.971428571428572,simulada
59,0.14792241775937442,26.963010204081634,10.7,simulada
242,0.36346366192060287,290.74872448979596,12.428571428571429,simulada
70,0.2461901326187046,113.95280612244899,10.942857142857143,simulada
209,0.3705000246733848,176.7091836734694,12.257142857142858,simulada
168,0.37980159714929557,87.33035714285714,10.642857142857142,simulada
85,0.24738372093023359,116.11607142857143,8.371428571428572,simulada
242,0.36346366192060287,290.74872448979596,12.428571428571429,simulada
38,0.2576543209876543,10.02423469387755,5.8428571428571425,simulada
198,0.09260919106338823,324.6326530612245,33.3,simulada
151,0.10399150781570905,153.43239795918365,34.4,simulada
216,0.38041404281010777,308.4183673469388,10.685714285714285,simulada
63,0.09394499178981955,19.075255102040817,13.928571428571429,simulada
101,0.11406800563777286,57.544642857142854,14.914285714285715,simulada
89,0.20335887231048508,84.60586734693878,11.128571428571428,simulada
34,0.050094966761633414,5.816326530612245,15.985714285714286,simulada
36,0.08486842105263154,4.70408163265306,4.4714285714285715,simulada
230,0.21861282309010985,810.9642857142857,20.12857142857143,simulada
136,0.0843835472333258,142.43239795918367,20.62857142857143,simulada
245,0.38044345047568573,185.9591836734694,12.228571428571428,simulada
152,0.3787222013225534,110.71811224489795,8.7,simulada
198,0.3666340608362359,151.59566326530611,12.285714285714286,simulada
56,0.10845648604269299,19.122448979591837,9.728571428571428,simulada
86,0.05172789744945153,22.729591836734695,18.2,simulada
193,0.09209352499352369,394.3826530612245,33.08571428571429,simulada
233,0.3775952485851774,247.51530612244898,12.928571428571429,simulada
196,0.3646374946847494,154.48979591836732,11.67142857142857,simulada
177,0.0644949853905083,176.42857142857142,40.55714285714286,simulada
207,0.13502266608491317,823.1670918367347,25.771428571428572,simulada
212,0.38053676814117426,133.05102040816328,11.585714285714285,simulada
40,0.08267457180500659,13.391581632653061,9.928571428571429,simulada
108,0.3670554445633075,44.830357142857146,8.857142857142858,simulada
37,0.07789855072463768,9.418367346938776,10.785714285714286,simulada
170,0.11200244758927004,229.3520408163265,25.557142857142857,simulada
66,0.08895758303321334,22.872448979591837,17.15714285714286,simulada
95,0.34783186178955006,39.28061224489796,8.3,simulada
191,0.24031432926068022,598.4017857142857,20.428571428571427,simulada
32,0.10218253968253964,8.88265306122449,8.085714285714285,simulada
53,0.15184873949579822,47.28954081632653,15.742857142857142,simulada
125,0.35682824550906106,56.5344387755102,8.228571428571428,simulada
111,0.1346863476030141,84.23852040816327,18.87142857142857,simulada
200,0.06908917597693083,241.23852040816328,47.48571428571429,simulada
177,0.11477317888674608,379.0038265306122,30.714285714285715,simulada
88,0.16202380952380915,58.13265306122448,8.8,simulada
224,0.3304601384413409,279.56122448979596,11.942857142857143,simulada
200,0.13050638617784516,316.28061224489795,37.82857142857143,simulada
131,0.39717662373684803,53.382653061224495,8.514285714285714,simulada
55,0.23058905380333983,38.80102040816326,5.9714285714285715,simulada
154,0.17006957328385922,180.01530612244898,14.314285714285715,simulada
31,0.08112745098039212,6.357142857142857,5.6571428571428575,simulada
48,0.40030991735537175,24.994897959183675,4.0285714285714285,simulada
215,0.1448691969355823,270.2448979591837,22.97142857142857,simulada
32,0.2560457516339871,23.60204081632653,4.828571428571428,simulada
54,0.3802761341222879,31.78061224489796,5.114285714285714,simulada
179,0.3626646041647268,106.95280612244899,11.771428571428572,simulada
30,0.4666666666666667,3.6875,3.157142857142857,simulada
119,0.4094715939635724,68.06122448979592,6.571428571428571,simulada
233,0.2546365082657963,1029.6938775510205,19.214285714285715,simulada
194,0.10053711236746704,310.21811224489795,33.142857142857146,simulada
247,0.3472268037961721,170.07142857142858,14.571428571428571,simulada
172,0.3610146851985992,166.17857142857142,10.971428571428572,simulada
241,0.27907489009926545,541.1071428571429,17.2,simulada
225,0.36782828337048185,246.76530612244898,12.014285714285714,simulada
212,0.3481613458780646,162.55102040816328,11.614285714285714,simulada
244,0.37180077194408445,183.17729591836738,11.2,simulada
229,0.3773398522768541,163.46301020408166,12.571428571428571,simulada
132,0.10920274170274187,71.58673469387755,20.67142857142857,simulada
72,0.06933563748079885,18.051020408163264,15.271428571428572,simulada
35,0.40040703781512615,11.443877551020408,4.5285714285714285,simulada
66,0.37759583253004303,26.887755102040817,6.257142857142857,simulada
31,0.1556372549019608,15.494897959183673,6.728571428571429,simulada
30,0.40352807789782585,8.605867346938776,4.142857142857143,simulada
171,0.32786575395270934,154.0752551020408,11.67142857142857,simulada
165,0.19471650123165235,176.46301020408163,19.2,simulada
26,0.27666666666666667,9.309948979591837,3.5142857142857142,simulada
128,0.3665074926718482,57.73852040816326,8.528571428571428,simulada
98,0.38637723198196317,38.14668367346939,7.914285714285715,simulada
128,0.3829446459551104,55.03061224489796,8.271428571428572,simulada
181,0.08034676763787223,146.5,39.97142857142857,simulada
245,0.38044345047568573,185.9591836734694,12.228571428571428,simulada
31,0.20795454545454542,8.575255102040815,5.871428571428571,simulada
196,0.2207012791735018,546.7385204081633,15.414285714285715,simulada
212,0.16098226529072812,535.3609693877551,28.2,simulada
163,0.3678278493829363,90.03061224489797,9.871428571428572,simulada
169,0.12381114710182028,281.3609693877551,27.514285714285716,simulada
190,0.3356650192471131,198.87244897959184,12.514285714285714,simulada
204,0.09394772532320964,426.53443877551024,37.81428571428572,simulada
33,0.44957983193277323,11.83673469387755,3.2857142857142856,simulada
27,0.11047794117647057,5.534438775510204,8.814285714285715,simulada
160,0.06314279777887363,77.10586734693878,25.7,simulada
167,0.08701004211208263,177.91836734693877,26.4,simulada
107,0.054842300556586204,23.95280612244898,26.62857142857143,simulada
67,0.36812612338928136,16.275510204081634,6.171428571428572,simulada
176,0.08329072591290712,249.96301020408163,37.542857142857144,simulada
167,0.07750890075656339,167.40816326530611,28.785714285714285,simulada
188,0.31906428318941465,169.01530612244898,12.271428571428572,simulada
187,0.3754568557885668,115.75892857142857,9.442857142857143,simulada
147,0.12116814915322409,186.75892857142858,22.742857142857144,simulada
223,0.3450938150560737,224.27551020408163,12.4,simulada
42,0.0888690476190476,15.667091836734693,7.871428571428571,simulada
150,0.3675160582818413,69.32015306122449,10.471428571428572,simulada
25,0.2369047619047619,6.423469387755101,4.185714285714286,simulada
69,0.40012134330316135,11.01530612244898,6.1,simulada
193,0.1172843660874864,391.7857142857143,25.97142857142857,simulada
215,0.27948238833394223,324.6466836734694,15.357142857142858,simulada
34,0.2222222222222222,10.551020408163264,4.057142857142857,simulada
207,0.20100727817554145,453.54464285714283,21.642857142857142,simulada
47,0.14431560502989077,20.102040816326532,6.6571428571428575,simulada
25,0.3080808080808081,15.673469387755103,3.8142857142857145,simulada
232,0.3568904137503365,196.48979591836732,12.0,simulada
37,0.0753795721187026,12.392857142857142,12.814285714285715,simulada
71,0.3514663087457206,33.642857142857146,6.6571428571428575,simulada
200,0.314435976689057,172.1670918367347,13.071428571428571,simulada
70,0.11916623997269157,39.860969387755105,19.414285714285715,simulada
160,0.3556914980582964,116.40816326530613,11.742857142857142,simulada
130,0.2160348188478856,228.03061224489792,14.32857142857143,simulada
139,0.3263572662823632,99.33035714285714,12.3,simulada
217,0.11303364390099044,651.1377551020407,35.58571428571429,simulada
98,0.38637723198196317,38.14668367346939,7.914285714285715,simulada
29,0.2967171717171716,18.301020408163264,4.742857142857143,simulada
169,0.09683624159821592,187.11607142857142,35.07142857142857,simulada
217,0.3457434017339454,234.02423469387756,11.971428571428572,simulada
31,0.0825805322128851,9.58673469387755,9.628571428571428,simulada
33,0.1317460317460317,5.10204081632653,4.171428571428572,simulada
100,0.2397731064397733,110.45408163265306,8.1,simulada
172,0.2263275233760325,275.7487244897959,17.085714285714285,simulada
136,0.38433894887212905,77.1670918367347,8.685714285714285,simulada
61,0.0833553791887126,29.693877551020403,19.614285714285714,simulada
58,0.18933316080055224,35.872448979591844,7.1,simulada
193,0.3748806226519816,154.41836734693877,11.1,simulada
210,0.37529085946174273,199.36096938775512,11.614285714285714,simulada
155,0.09087510827552768,62.5969387755102,19.514285714285716,simulada
193,0.09209352499352369,394.3826530612245,33.08571428571429,simulada
42,0.08950000000000008,15.443877551020407,9.085714285714285,simulada
134,0.06195026046884424,124.28061224489797,34.25714285714286,simulada
167,0.13647668133323848,123.17346938775509,18.12857142857143,simulada
224,0.22422935213827652,783.8469387755102,22.314285714285713,simulada
234,0.38058567302959534,240.1670918367347,12.028571428571428,simulada
177,0.11477317888674608,379.0038265306122,30.714285714285715,simulada
241,0.27907489009926545,541.1071428571429,17.2,simulada
219,0.36659483683124416,126.52423469387756,12.885714285714286,simulada
98,0.3918738079796088,30.94387755102041,7.257142857142857,simulada
214,0.28968740280209,1435.280612244898,11.914285714285715,simulada
198,0.1647211304777098,502.9630102040816,25.071428571428573,simulada
28,0.08000700280112047,3.9017857142857144,6.8,simulada
176,0.23440539161693028,275.8609693877551,15.32857142857143,simulada
58,0.12928476946334103,23.8609693877551,11.128571428571428,simulada
204,0.10049993250476842,398.5,34.885714285714286,simulada
170,0.3845398453655373,78.97321428571429,10.214285714285714,simulada
143,0.35080525894290787,54.14668367346939,11.385714285714286,simulada
58,0.0748924731182796,14.27551020408163,11.814285714285715,simulada
164,0.06450495092204502,132.45280612244898,38.214285714285715,simulada
76,0.37849960497019297,53.932397959183675,5.957142857142857,simulada
64,0.17230286738351266,49.94387755102041,13.3,simulada
159,0.35129492750068486,63.25,11.17142857142857,simulada
82,0.41929824561403495,33.55102040816327,5.0285714285714285,simulada
203,0.28017204068486307,832.908163265306,12.728571428571428,simulada
58,0.08086770981507818,23.177295918367346,9.514285714285714,simulada
39,0.15088522588522588,9.357142857142858,7.114285714285714,simulada
97,0.35796721394547465,84.13775510204081,7.171428571428572,simulada
47,0.14431560502989077,20.102040816326532,6.6571428571428575,simulada
135,0.16424902534113042,247.17729591836732,15.985714285714286,simulada
178,0.08850054600054633,177.56632653061226,37.714285714285715,simulada
206,0.36300443285204476,244.59566326530611,11.528571428571428,simulada
36,0.24597069597069587,16.566326530612244,4.957142857142857,simulada
155,0.09133054483054572,115.45918367346938,24.985714285714284,simulada
36,0.07976190476190474,6.758928571428571,8.585714285714285,simulada
30,0.10774853801169591,8.596938775510203,7.542857142857143,simulada
33,0.26,21.55102040816326,4.1,simulada
94,0.10300655976676348,53.91836734693878,23.34285714285714,simulada
211,0.3420655603107737,137.03061224489795,13.2,simulada
230,0.37362623325090055,227.71428571428572,12.742857142857142,simulada
201,0.07655935513653853,232.40178571428572,46.67142857142857,simulada
178,0.06342780735984624,115.74489795918366,33.285714285714285,simulada
50,0.12963821892393332,16.066326530612244,10.071428571428571,simulada
233,0.2546365082657963,1029.6938775510205,19.214285714285715,simulada
138,0.26606720024989233,162.53443877551018,12.028571428571428,simulada
47,0.14431560502989077,20.102040816326532,6.6571428571428575,simulada
193,0.3748806226519816,154.41836734693877,11.1,simulada
33,0.125,9.071428571428571,5.542857142857143,simulada
214,0.3469550672681118,160.55102040816328,11.157142857142857,simulada
42,0.0888690476190476,15.667091836734693,7.871428571428571,simulada
40,0.10128446115288221,12.586734693877549,12.657142857142857,simulada
26,0.4340659340659342,12.489795918367347,3.3285714285714287,simulada
245,0.38044345047568573,185.9591836734694,12.228571428571428,simulada
45,0.08650000000000006,10.605867346938776,10.142857142857142,simulada
240,0.3470571572036297,189.20408163265304,16.042857142857144,simulada
54,0.16172335600907053,65.06122448979592,10.128571428571428,simulada
36,0.21001683501683502,9.034438775510205,6.3428571428571425,simulada
63,0.24398214285714276,49.93239795918368,8.9,simulada
53,0.1678078638862953,21.372448979591837,7.9,simulada
135,0.3754956760009213,91.45408163265306,8.6,simulada
50,0.08034537925842276,9.758928571428571,7.814285714285714,simulada
30,0.40352807789782585,8.605867346938776,4.142857142857143,simulada
34,0.07555555555555557,5.3520408163265305,7.571428571428571,simulada
83,0.4046388366999678,22.14668367346939,6.9,simulada
104,0.37157309715206477,51.73852040816326,8.471428571428572,simulada
200,0.242554514995845,1286.9234693877552,19.5,simulada
99,0.18999194847020986,117.60204081632652,8.485714285714286,simulada
66,0.2694207848428625,51.59566326530612,7.042857142857143,simulada
224,0.3206568843076079,217.50382653061226,12.885714285714286,simulada
178,0.08850054600054633,177.56632653061226,37.714285714285715,simulada
84,0.3585184552289817,26.14668367346939,6.685714285714286,simulada
159,0.37524143146016425,77.59566326530613,9.4,simulada
42,0.358695652173913,72.97959183673468,4.8428571428571425,simulada
116,0.3842241831695943,34.95280612244898,8.32857142857143,simulada
136,0.2888372931977586,208.80994897959184,11.914285714285715,simulada
162,0.1176169749317899,202.5,21.84285714285714,simulada
202,0.07968676521703584,258.9630102040816,43.32857142857143,simulada
222,0.37352598763571776,175.59693877551018,11.357142857142858,simulada
131,0.13459767240229442,251.39158163265304,26.3,simulada
192,0.3107843855260428,156.02551020408163,13.371428571428572,simulada
112,0.3942172722358476,65.26530612244899,8.1,simulada
85,0.40419381787802805,25.39158163265306,6.228571428571429,simulada
247,0.3184777935274487,1383.7385204081634,16.685714285714287,simulada
241,0.33176975302975614,267.83035714285717,12.571428571428571,simulada
157,0.19902110357984115,272.17729591836735,13.242857142857142,simulada
182,0.37250987949984843,74.74489795918366,11.242857142857142,simulada
68,0.16990005878894784,28.881377551020403,10.742857142857142,simulada
228,0.1504896929253364,421.66709183673464,29.8,simulada
119,0.4094715939635724,68.06122448979592,6.571428571428571,simulada
195,0.08729567673173894,370.67729591836735,40.4,simulada
230,0.3501634031828274,178.3112244897959,12.5,simulada
26,0.20781053162005553,43.346938775510196,6.1,simulada
25,0.0784313725490196,3.607142857142857,4.828571428571428,simulada
187,0.3394972545876018,116.1670918367347,12.285714285714286,simulada
157,0.3841140501722754,130.5969387755102,8.414285714285715,simulada
223,0.2848858052321246,1104.1772959183675,13.871428571428572,simulada
128,0.3829446459551104,55.03061224489796,8.271428571428572,simulada
81,0.39421212344586937,37.357142857142854,6.371428571428571,simulada
225,0.3704998186310941,130.67729591836735,12.728571428571428,simulada
99,0.18999194847020986,117.60204081632652,8.485714285714286,simulada
145,0.3796458782027327,89.30994897959184,8.471428571428572,simulada
121,0.096426209372638,70.88775510204081,23.32857142857143,simulada
164,0.12281113667477266,128.28954081632654,30.242857142857144,simulada
196,0.10560994893784538,213.44387755102042,31.0,simulada
153,0.23911378744712058,160.96301020408166,14.557142857142857,simulada
33,0.26,21.55102040816326,4.1,simulada
190,0.16577249378973247,580.6875,30.414285714285715,simulada
154,0.17006957328385913,180.01530612244898,14.357142857142858,simulada
236,0.15115952508995206,643.5344387755102,33.371428571428574,simulada
81,0.13328558696205745,43.39158163265306,16.257142857142856,simulada
98,0.38637723198196317,38.14668367346939,7.914285714285715,simulada
132,0.10920274170274187,71.58673469387755,20.67142857142857,simulada
33,0.44957983193277323,11.83673469387755,3.2857142857142856,simulada
31,0.338112244897959,27.667091836734695,5.3428571428571425,simulada
168,0.164019186139002,239.53443877551018,17.271428571428572,simulada
192,0.3107843855260428,156.02551020408163,13.371428571428572,simulada
210,0.3596539155034765,191.62244897959184,11.571428571428571,simulada
54,0.3378024753024753,27.49489795918367,5.085714285714285,simulada
36,0.07976190476190474,6.758928571428571,8.585714285714285,simulada
188,0.14647711276151387,538.218112244898,24.514285714285716,simulada
185,0.07523446513108152,221.1326530612245,40.42857142857143,simulada
153,0.37707239971278567,102.82142857142857,9.957142857142857,simulada
28,0.4206349206349208,11.102040816326532,3.157142857142857,simulada
150,0.3762295924621103,114.73852040816327,8.0,simulada
36,0.07976190476190474,6.758928571428571,8.585714285714285,simulada
246,0.28675639502956285,1977.2142857142858,18.314285714285713,simulada
49,0.09492307692307703,15.58673469387755,13.9,simulada
227,0.32725005738781204,143.10204081632654,12.942857142857143,simulada
44,0.19609440267335018,26.6734693877551,6.3,simulada
50,0.038858784893267655,7.360969387755103,15.2,simulada
175,0.3529189695891731,92.32015306122449,11.385714285714286,simulada
33,0.37384259259259245,14.248724489795919,4.142857142857143,simulada
197,0.08485310265630706,211.15816326530611,29.928571428571427,simulada
150,0.3720384060056769,87.97321428571429,8.928571428571429,simulada
124,0.39822172982890963,40.71811224489796,8.142857142857142,simulada
54,0.05185091106143739,10.6875,15.285714285714286,simulada
150,0.3762295924621103,114.73852040816327,8.0,simulada
216,0.36853516866349656,369.6734693877551,12.3,simulada
44,0.3748524623524624,13.463010204081632,5.457142857142857,simulada
36,0.21001683501683502,9.034438775510205,6.3428571428571425,simulada
143,0.36895270453860496,85.24872448979592,9.814285714285715,simulada
132,0.19631147312726244,297.63265306122446,17.414285714285715,simulada
224,0.2668417634899823,620.5357142857143,15.9,simulada
218,0.34256665265599073,152.17729591836732,13.285714285714286,simulada
44,0.04266381766381766,4.860969387755103,17.414285714285715,simulada
203,0.0915317637867953,443.71811224489795,37.15714285714286,simulada
155,0.1106410056620445,263.56632653061223,23.885714285714286,simulada
37,0.13333333333333333,10.336734693877549,10.042857142857143,simulada
28,0.4419642857142857,12.816326530612246,3.657142857142857,simulada
146,0.07268604220659027,62.14668367346939,21.214285714285715,simulada
28,0.451578947368421,5.7397959183673475,3.2142857142857144,simulada
127,0.28209292132369074,208.38137755102042,10.157142857142857,simulada
158,0.3818005885739868,71.50382653061224,9.757142857142858,simulada
67,0.1288943623426383,37.75,8.17142857142857,simulada
159,0.36483815946676645,107.37244897959184,10.571428571428571,simulada
87,0.18147361431131614,56.382653061224495,12.971428571428572,simulada
64,0.08506750871080132,33.673469387755105,13.285714285714286,simulada
26,0.15705128205128205,9.891581632653061,4.357142857142857,simulada
27,0.3121212121212121,14.33673469387755,4.171428571428572,simulada
32,0.07056530214424947,7.8609693877551035,16.214285714285715,simulada
167,0.17338815218534293,311.23979591836735,14.257142857142858,simulada
94,0.10300655976676348,53.91836734693878,23.34285714285714,simulada
28,0.29623015873015873,15.116071428571429,5.242857142857143,simulada
86,0.2725600600600603,156.19387755102042,8.385714285714286,simulada
243,0.37225498995717865,312.03443877551024,12.157142857142857,simulada
142,0.38885329485329445,59.72959183673469,8.542857142857143,simulada
145,0.3700942840530937,48.173469387755105,9.7,simulada
207,0.18902000682868988,260.67729591836735,20.928571428571427,simulada
37,0.07789855072463768,9.418367346938776,10.785714285714286,simulada
27,0.1895604395604396,11.887755102040817,4.414285714285715,simulada
76,0.3747991608924269,39.785714285714285,6.957142857142857,simulada
45,0.4132478632478633,17.989795918367346,4.228571428571429,simulada
155,0.3820481192532006,96.65816326530613,9.7,simulada
215,0.3618460882244925,201.69387755102042,11.471428571428572,simulada
32,0.24974747474747477,12.137755102040815,5.3,simulada
194,0.08673559797482125,365.03443877551024,40.4,simulada
67,0.42057925461035495,17.959183673469386,5.314285714285714,simulada
169,0.11981733848510191,323.37244897959187,18.314285714285713,simulada
99,0.07861801242236037,47.142857142857146,25.314285714285713,simulada
57,0.23559780814682763,34.95408163265306,8.728571428571428,simulada
32,0.3376623376623376,17.428571428571427,4.457142857142857,simulada
31,0.0945238095238095,5.605867346938775,8.657142857142857,simulada
157,0.3665653539287803,113.63265306122449,9.628571428571428,simulada
203,0.16728293402429384,1006.7589285714286,25.614285714285714,simulada
248,0.3188104605812899,1363.6020408163265,15.028571428571428,simulada
210,0.3596539155034765,191.62244897959184,11.571428571428571,simulada
70,0.11916623997269157,39.860969387755105,19.414285714285715,simulada
228,0.09976525024562248,300.73852040816325,35.614285714285714,simulada
190,0.3356650192471131,198.87244897959184,12.514285714285714,simulada
212,0.359705533719367,198.0344387755102,11.785714285714286,simulada
40,0.08122529644268772,10.381377551020407,9.542857142857143,simulada
85,0.24738372093023359,116.11607142857143,8.371428571428572,simulada
236,0.2919351280001954,1293.575255102041,15.357142857142858,simulada
49,0.20378151260504254,44.20918367346939,5.742857142857143,simulada
53,0.33105783105783093,27.454081632653065,5.442857142857143,simulada
121,0.3736379717733193,45.632653061224495,9.571428571428571,simulada
124,0.3906060834590243,94.98979591836735,6.942857142857143,simulada
66,0.2694207848428625,51.59566326530612,7.042857142857143,simulada
185,0.33992589906225,140.60714285714286,12.32857142857143,simulada
78,0.08451178451178452,34.10586734693878,18.17142857142857,simulada
29,0.44642857142857145,12.244897959183675,3.3714285714285714,simulada
138,0.26606720024989233,162.53443877551018,12.028571428571428,simulada
33,0.2403846153846154,37.19387755102041,4.485714285714286,simulada
28,0.10640692640692642,3.4323979591836737,8.114285714285714,simulada
85,0.33942924308878253,33.0969387755102,7.871428571428571,simulada
151,0.06662491432574842,75.95918367346938,25.357142857142858,simulada
177,0.37939219073119934,166.99489795918367,9.485714285714286,simulada
104,0.38642482383151355,41.78954081632653,7.628571428571429,simulada
226,0.1472763287360608,752.6875,32.72857142857143,simulada
150,0.36052618931585173,88.28061224489795,10.17142857142857,simulada
107,0.054842300556586204,23.95280612244898,26.62857142857143,simulada
54,0.3802761341222879,31.78061224489796,5.114285714285714,simulada
167,0.3591711662965505,65.03061224489797,11.17142857142857,simulada
248,0.276434316867903,1917.8163265306123,22.32857142857143,simulada
40,0.08122529644268772,10.381377551020407,9.542857142857143,simulada
90,0.21703963341894386,79.24872448979592,11.485714285714286,simulada
121,0.096426209372638,70.88775510204081,23.32857142857143,simulada
106,0.40160273873088487,34.89158163265306,7.5,simulada
40,0.08330314009661838,14.401785714285714,9.771428571428572,simulada
34,0.26067821067821073,23.311224489795922,5.685714285714286,simulada
226,0.2839800241427876,1188.0956632653063,14.82857142857143,simulada
74,0.1463956713637838,103.92857142857143,11.914285714285715,simulada
205,0.36257705006387136,201.28061224489798,10.785714285714286,simulada
152,0.38606771844749943,118.35204081632654,8.842857142857143,simulada
67,0.42057925461035495,17.959183673469386,5.314285714285714,simulada
112,0.11100182149362463,79.1670918367347,20.214285714285715,simulada
87,0.13405997578411394,46.132653061224495,15.728571428571428,simulada
193,0.08121401983708539,323.6875,39.6,simulada
61,0.3500000000000001,60.382653061224495,5.414285714285715,simulada
142,0.36875071053315484,93.10204081632652,9.514285714285714,simulada
147,0.3531816874364955,231.12244897959184,8.028571428571428,simulada
228,0.3712245925060065,460.3724489795918,8.771428571428572,simulada
170,0.28988596211045214,302.5255102040816,12.885714285714286,simulada
201,0.11259261810019293,343.59693877551024,27.84285714285714,simulada
136,0.07169457526600397,109.02423469387757,17.15714285714286,simulada
63,0.24398214285714276,49.93239795918368,8.9,simulada
194,0.09827633556285185,425.8099489795918,33.44285714285714,simulada
116,0.39076706457494553,75.52423469387756,7.485714285714286,simulada
197,0.3506428861464695,213.49489795918367,12.428571428571429,simulada
51,0.051092117758784424,10.244897959183675,15.1,simulada
166,0.37876747707629926,223.38265306122452,9.385714285714286,simulada
222,0.21216381821389418,1345.9234693877552,21.814285714285713,simulada
129,0.38618511859358506,64.71811224489797,7.885714285714286,simulada
74,0.37051900825689743,49.90816326530612,6.685714285714286,simulada
222,0.4002550702998646,250.69387755102042,8.242857142857142,simulada
61,0.2699853801169592,39.95280612244898,8.771428571428572,simulada
42,0.358695652173913,72.97959183673468,4.8428571428571425,simulada
180,0.331168431380297,487.1670918367346,9.057142857142857,simulada
28,0.4538888888888889,5.173469387755103,3.1714285714285713,simulada
171,0.20682884599622778,447.59693877551024,18.442857142857143,simulada
54,0.06493772893772896,9.372448979591836,13.957142857142857,simulada
44,0.0907581453634085,8.372448979591836,6.914285714285715,simulada
45,0.11890873015873024,21.258928571428573,12.128571428571428,simulada
58,0.12928476946334103,23.8609693877551,11.128571428571428,simulada
146,0.08388125036723622,93.9438775510204,27.071428571428573,simulada
169,0.11981733848510191,323.37244897959187,18.314285714285713,simulada
32,0.12708333333333335,9.744897959183675,5.642857142857143,simulada
80,0.1246530989824237,52.59566326530612,13.728571428571428,simulada
225,0.2996929057170622,918.515306122449,12.457142857142857,simulada
54,0.3223639455782313,52.90816326530612,6.3,simulada
225,0.37387584896525555,344.56122448979596,10.014285714285714,simulada
207,0.13502266608491317,823.1670918367347,25.771428571428572,simulada
44,0.19609440267335018,26.6734693877551,6.3,simulada
196,0.3646374946847494,154.48979591836732,11.67142857142857,simulada
31,0.08112745098039212,6.357142857142857,5.6571428571428575,simulada
58,0.0748924731182796,14.27551020408163,11.814285714285715,simulada
124,0.3918837355454997,94.59693877551021,7.085714285714285,simulada
33,0.44957983193277323,11.83673469387755,3.2857142857142856,simulada
243,0.37225498995717865,312.03443877551024,12.157142857142857,simulada
48,0.36732804232804217,32.003826530612244,5.571428571428571,simulada
125,0.37291019581646123,68.30994897959184,8.228571428571428,simulada
161,0.28348444085732266,429.54464285714283,9.0,simulada
189,0.07776800156228568,248.00382653061226,35.27142857142857,simulada
228,0.3787225620678572,191.0612244897959,11.942857142857143,simulada
112,0.3942172722358476,65.26530612244899,8.1,simulada
33,0.44957983193277323,11.83673469387755,3.2857142857142856,simulada
185,0.37907360076284224,199.2091836734694,10.2,simulada
38,0.08218050065876153,13.963010204081636,8.3,simulada
135,0.3754956760009213,91.45408163265306,8.6,simulada
39,0.1610969387755103,20.809948979591837,7.7,simulada
145,0.35939412802157783,86.8813775510204,10.257142857142858,simulada
186,0.1846427813042721,325.50382653061223,20.014285714285716,simulada
76,0.3269230769230768,97.94387755102039,6.714285714285714,simulada
238,0.3528131387275384,261.2091836734694,12.657142857142857,simulada
72,0.10612824675324689,30.387755102040817,12.228571428571428,simulada
126,0.13890304006246043,77.45280612244899,21.585714285714285,simulada
212,0.359705533719367,198.0344387755102,11.785714285714286,simulada
164,0.12381156930126005,385.6466836734694,20.271428571428572,simulada
27,0.32233918128654965,6.168367346938775,3.9285714285714284,simulada
135,0.16424902534113042,247.17729591836732,15.985714285714286,simulada
242,0.2623494482367345,1253.748724489796,19.614285714285714,simulada
200,0.332870761449761,184.17346938775512,12.457142857142857,simulada
236,0.15188262074803818,920.718112244898,28.814285714285713,simulada
28,0.451578947368421,5.7397959183673475,3.2142857142857144,simulada
40,0.41378330084470444,13.667091836734695,4.285714285714286,simulada
86,0.05172789744945153,22.729591836734695,18.2,simulada
113,0.2346785995722164,225.0612244897959,12.757142857142858,simulada
241,0.37724624572050913,555.3469387755102,8.257142857142858,simulada
49,0.05956625074272135,12.146683673469386,13.6,simulada
41,0.42994652406417094,21.503826530612248,3.9285714285714284,simulada
62,0.08950021450021432,27.13265306122449,8.32857142857143,simulada
34,0.050094966761633414,5.816326530612245,15.985714285714286,simulada
167,0.13647668133323848,123.17346938775509,18.12857142857143,simulada
120,0.1363534219658005,149.53443877551018,12.571428571428571,simulada
34,0.0853174603174603,12.167091836734693,7.728571428571429,simulada
44,0.04266381766381766,4.860969387755103,17.414285714285715,simulada
44,0.04266381766381766,4.860969387755103,17.414285714285715,simulada
86,0.36909362185419975,49.423469387755105,7.514285714285714,simulada
210,0.28744666257887397,486.9234693877551,13.428571428571429,simulada
205,0.3254994937313217,207.74872448979593,12.285714285714286,simulada
165,0.3389479815371972,121.1670918367347,12.142857142857142,simulada
63,0.11480213626952762,17.051020408163264,12.285714285714286,simulada
167,0.17338815218534293,311.23979591836735,14.257142857142858,simulada
197,0.16125365583230725,529.9438775510204,21.4,simulada
44,0.0907581453634085,8.372448979591836,6.914285714285715,simulada
94,0.1727836879432623,116.07525510204083,10.185714285714285,simulada
216,0.16968555549133973,836.265306122449,22.97142857142857,simulada
194,0.10053711236746704,310.21811224489795,33.142857142857146,simulada
37,0.0908730158730159,9.785714285714286,11.928571428571429,simulada
166,0.06282057128264969,99.45280612244899,26.071428571428573,simulada
72,0.057945736434108504,15.765306122448978,17.814285714285713,simulada
224,0.34307300667700386,134.3877551020408,14.257142857142858,simulada
98,0.3959401178198601,39.882653061224495,6.9714285714285715,simulada
117,0.18452164894996195,132.78061224489798,16.928571428571427,simulada
195,0.35178668503175453,159.14668367346937,12.657142857142857,simulada
169,0.1032989755122435,365.952806122449,27.385714285714286,simulada
43,0.3802513227513229,17.43239795918367,4.514285714285714,simulada
225,0.3704998186310941,130.67729591836735,12.728571428571428,simulada
144,0.18697932657374122,146.21811224489798,11.957142857142857,simulada
48,0.41463656169538504,23.102040816326532,4.6,simulada
154,0.17006957328385922,180.01530612244898,14.314285714285715,simulada
210,0.11169427806893996,296.9630102040816,34.385714285714286,simulada
232,0.348243578302581,200.33035714285714,12.9,simulada
44,0.12868906455862983,16.76530612244898,6.242857142857143,simulada
55,0.3048919334633619,26.887755102040817,5.871428571428571,simulada
183,0.07152784498164455,209.00382653061226,28.985714285714284,simulada
32,0.24974747474747477,12.137755102040815,5.3,simulada
192,0.36184478925639013,153.8112244897959,11.9,simulada
45,0.13352130325814537,18.473214285714285,17.17142857142857,simulada
150,0.39046250225746765,46.891581632653065,8.571428571428571,simulada
44,0.04266381766381766,4.860969387755103,17.414285714285715,simulada
129,0.297841553287982,150.81632653061226,11.928571428571429,simulada
248,0.3689554534574003,262.6466836734694,14.4,simulada
59,0.1536043956043956,30.381377551020403,12.128571428571428,simulada
33,0.2403846153846154,37.19387755102041,4.485714285714286,simulada
61,0.3500000000000001,60.382653061224495,5.414285714285715,simulada
58,0.1754906616017727,30.238520408163264,8.571428571428571,simulada
209,0.2134207346260923,936.7295918367346,24.942857142857143,simulada
210,0.33601398352374306,167.82015306122452,13.257142857142858,simulada
34,0.22354788069073786,16.28061224489796,5.142857142857143,simulada
113,0.3888373827791985,86.82015306122449,7.714285714285714,simulada
187,0.3394972545876018,116.1670918367347,12.285714285714286,simulada
231,0.3545227757954237,127.41836734693878,14.014285714285714,simulada
51,0.12335843169176505,26.38137755102041,7.014285714285714,simulada
43,0.3802513227513229,17.43239795918367,4.514285714285714,simulada
195,0.08729567673173894,370.67729591836735,40.4,simulada
44,0.09245631720430118,30.52423469387755,9.82857142857143,simulada
58,0.12928476946334103,23.8609693877551,11.128571428571428,simulada
75,0.11286638112034926,31.667091836734695,16.057142857142857,simulada
190,0.10463748022538523,194.50382653061226,31.2,simulada
197,0.1657167518013475,202.24872448979593,25.271428571428572,simulada
216,0.36853516866349656,369.6734693877551,12.3,simulada
221,0.3584942797117511,243.44387755102042,11.5,simulada
219,0.3437139713798095,225.3112244897959,12.528571428571428,simulada
225,0.37387584896525555,344.56122448979596,10.014285714285714,simulada
211,0.3647030341827574,236.52423469387756,11.442857142857143,simulada
244,0.37180077194408445,183.17729591836738,11.2,simulada
27,0.1534090909090909,6.095663265306122,4.042857142857143,simulada
36,0.07976190476190474,6.758928571428571,8.585714285714285,simulada
150,0.39046250225746765,46.891581632653065,8.571428571428571,simulada
41,0.22816764132553602,25.887755102040817,6.214285714285714,simulada
121,0.22347921550579367,141.39158163265307,13.3,simulada
34,0.4523809523809524,11.26530612244898,3.4571428571428573,simulada
187,0.3394972545876017,116.1670918367347,12.285714285714286,simulada
95,0.1296587467971113,66.51530612244898,11.628571428571428,simulada
175,0.10386271726513926,424.12244897959187,26.34285714285714,simulada
177,0.37939219073119934,166.99489795918367,9.485714285714286,simulada
32,0.44957983193277323,11.83673469387755,3.257142857142857,simulada
225,0.3704998186310941,130.67729591836735,12.728571428571428,simulada
25,0.0784313725490196,3.607142857142857,4.828571428571428,simulada
160,0.3713161294709642,250.67729591836732,9.9,simulada
215,0.36143648123542366,208.1670918367347,11.085714285714285,simulada
58,0.08030913978494629,16.602040816326532,16.314285714285713,simulada
235,0.2971260862753682,763.5,11.885714285714286,simulada
94,0.10300655976676348,53.91836734693878,23.34285714285714,simulada
172,0.15289755383505316,170.59566326530611,24.414285714285715,simulada
236,0.3104913757767863,301.8915816326531,15.971428571428572,simulada
123,0.3458062248545486,64.74872448979592,8.985714285714286,simulada
109,0.3654129236685861,44.23979591836735,8.957142857142857,simulada
96,0.13871332371332354,82.60586734693877,12.757142857142858,simulada
40,0.27234788359788364,24.0,5.571428571428571,simulada
213,0.345660281430643,160.19387755102042,11.014285714285714,simulada
206,0.33446411909224155,174.60714285714286,13.557142857142857,simulada
185,0.33992589906225,140.60714285714286,12.32857142857143,simulada
237,0.2774810721239273,1390.452806122449,18.02857142857143,simulada
32,0.07056530214424947,7.8609693877551035,16.214285714285715,simulada
32,0.17585034013605447,13.70408163265306,5.271428571428571,simulada
206,0.33446411909224155,174.60714285714286,13.557142857142857,simulada
71,0.05914779326364693,19.27551020408163,17.82857142857143,simulada
200,0.3731372533824638,124.28061224489797,11.114285714285714,simulada
249,0.1312850060915918,484.21811224489795,36.128571428571426,simulada
197,0.3506428861464695,213.49489795918367,12.428571428571429,simulada
121,0.22347921550579367,141.39158163265307,13.3,simulada
28,0.08000700280112047,3.9017857142857144,6.8,simulada
132,0.3568393713168503,55.16709183673469,10.871428571428572,simulada
28,0.07096171802054155,7.830357142857143,11.17142857142857,simulada
206,0.35561593776636585,98.71811224489795,12.32857142857143,simulada
110,0.13713023088023063,78.31632653061226,12.271428571428572,simulada
228,0.3726765497564329,187.21811224489798,12.771428571428572,simulada
143,0.35080525894290787,54.14668367346939,11.385714285714286,simulada
180,0.309135238754804,276.32142857142856,12.214285714285714,simulada
125,0.3738663314295966,73.13265306122449,8.585714285714285,simulada
205,0.3493348251265928,234.71811224489798,11.971428571428572,simulada
222,0.22056659909102863,878.8877551020407,23.37142857142857,simulada
181,0.08034676763787223,146.5,39.97142857142857,simulada
117,0.3695804841132997,48.11607142857143,9.17142857142857,simulada
202,0.3698431715418844,182.21428571428572,10.471428571428572,simulada
166,0.2935562387523825,249.71811224489798,13.585714285714285,simulada
126,0.32067699792467563,80.75,10.385714285714286,simulada
159,0.35732588929490866,68.6875,10.985714285714286,simulada
179,0.3626646041647268,106.95280612244899,11.771428571428572,simulada
54,0.06493772893772896,9.372448979591836,13.957142857142857,simulada
246,0.32332458700894323,284.4323979591837,13.885714285714286,simulada
222,0.37352598763571776,175.59693877551018,11.357142857142858,simulada
73,0.20174844629209732,53.035714285714285,10.17142857142857,simulada
196,0.10560994893784538,213.44387755102042,31.0,simulada
175,0.14951036404569426,188.23852040816328,17.442857142857143,simulada
149,0.16120096340141124,346.61607142857144,22.857142857142858,simulada
80,0.0747292250233428,23.336734693877553,14.857142857142858,simulada
155,0.3820481192532006,96.65816326530613,9.7,simulada
90,0.24286359530262028,142.4795918367347,10.142857142857142,simulada
112,0.3942172722358476,65.26530612244899,8.1,simulada
121,0.1700885570800826,196.08673469387756,18.257142857142856,simulada
166,0.2932462213712216,294.0255102040816,12.385714285714286,simulada
43,0.3802513227513229,17.43239795918367,4.514285714285714,simulada
241,0.33176975302975614,267.83035714285717,12.571428571428571,simulada
168,0.37980159714929557,87.33035714285714,10.642857142857142,simulada
106,0.3894709097089122,61.66709183673469,7.0285714285714285,simulada
76,0.10781540649961704,47.372448979591844,14.5,simulada
51,0.12335843169176505,26.38137755102041,7.014285714285714,simulada
70,0.2461901326187046,113.95280612244899,10.942857142857143,simulada
66,0.3902414235231571,22.248724489795922,5.457142857142857,simulada
65,0.4155228981544771,14.809948979591836,5.457142857142857,simulada
31,0.08112745098039212,6.357142857142857,5.6571428571428575,simulada
159,0.35732588929490866,68.6875,10.985714285714286,simulada
199,0.09230676991976267,415.3201530612245,36.32857142857143,simulada
242,0.12583515384304847,414.4948979591837,40.92857142857143,simulada
86,0.36909362185419964,49.423469387755105,7.585714285714285,simulada
201,0.3915581356466174,120.82015306122449,10.414285714285715,simulada
172,0.2263275233760325,275.7487244897959,17.085714285714285,simulada
236,0.2219915718795377,1423.6875,28.285714285714285,simulada
57,0.37036891679748823,32.60204081632653,6.185714285714286,simulada
104,0.1195606239160245,52.61607142857143,14.785714285714286,simulada
28,0.45535714285714285,12.816326530612246,3.242857142857143,simulada
40,0.27234788359788364,24.0,5.571428571428571,simulada
218,0.22293722935626442,1399.6670918367347,18.814285714285713,simulada
224,0.2668417634899823,620.5357142857143,15.9,simulada
90,0.2755350844041314,142.10586734693877,10.714285714285714,simulada
146,0.08388125036723622,93.9438775510204,27.071428571428573,simulada
173,0.36709484337876275,136.73852040816328,9.728571428571428,simulada
242,0.357851167297866,212.01530612244898,14.214285714285714,simulada
118,0.1393109668109667,64.63775510204081,16.65714285714286,simulada
155,0.12495817327438354,177.59566326530611,18.442857142857143,simulada
28,0.451578947368421,5.7397959183673475,3.2142857142857144,simulada
27,0.3121212121212121,14.33673469387755,4.171428571428572,simulada
105,0.15311841998704265,98.75892857142857,16.0,simulada
175,0.3529189695891731,92.32015306122449,11.385714285714286,simulada
70,0.2628284072249591,84.02551020408164,8.0,simulada
173,0.3581622649466357,272.4732142857143,10.157142857142857,simulada
66,0.08895758303321334,22.872448979591837,17.15714285714286,simulada
156,0.3369047619047624,274.4630102040816,11.085714285714285,simulada
183,0.07976653254042278,279.3813775510204,32.25714285714286,simulada
26,0.14666666666666664,23.066326530612248,7.9714285714285715,simulada
43,0.22114252645502644,20.561224489795915,6.828571428571428,simulada
39,0.08748387285948869,18.45918367346939,8.114285714285714,simulada
58,0.1754906616017727,30.238520408163264,8.571428571428571,simulada
34,0.07555555555555557,5.3520408163265305,7.571428571428571,simulada
64,0.08506750871080132,33.673469387755105,13.285714285714286,simulada
116,0.39076706457494553,75.52423469387756,7.485714285714286,simulada
188,0.3071497086673535,429.952806122449,12.157142857142857,simulada
205,0.3493348251265928,234.71811224489798,11.971428571428572,simulada
66,0.08895758303321334,22.872448979591837,17.15714285714286,simulada
180,0.331168431380297,487.1670918367346,9.057142857142857,simulada
188,0.07136011092103399,159.15816326530611,43.98571428571429,simulada
234,0.22937050177154256,1110.1224489795918,24.985714285714284,simulada
238,0.15390091870074138,674.2806122448981,28.885714285714286,simulada
246,0.32332458700894323,284.4323979591837,13.885714285714286,simulada
58,0.08030913978494629,16.602040816326532,16.314285714285713,simulada
224,0.36256159320897435,221.87244897959184,12.614285714285714,simulada
33,0.26,21.55102040816326,4.1,simulada
163,0.1147816325089054,136.24872448979593,29.814285714285713,simulada
196,0.2207012791735018,546.7385204081633,15.414285714285715,simulada
33,0.39853896103896097,10.994897959183673,3.942857142857143,simulada
59,0.14792241775937442,26.963010204081634,10.7,simulada
206,0.33446411909224155,174.60714285714286,13.557142857142857,simulada
248,0.37420627552230235,239.69387755102042,12.042857142857143,simulada
203,0.36603536623052785,218.23979591836732,11.057142857142857,simulada
66,0.2694207848428625,51.59566326530612,7.042857142857143,simulada
51,0.051092117758784424,10.244897959183675,15.1,simulada
158,0.3818005885739868,71.50382653061224,9.757142857142858,simulada
206,0.12145825879813305,430.0357142857143,40.48571428571429,simulada
171,0.06724864945978319,144.43239795918367,38.214285714285715,simulada
246,0.29763419338325436,921.2857142857143,13.985714285714286,simulada
200,0.314435976689057,172.1670918367347,13.071428571428571,simulada
55,0.3048919334633619,26.887755102040817,5.871428571428571,simulada
135,0.3754956760009213,91.45408163265306,8.6,simulada
246,0.3645128368393868,181.23852040816328,13.742857142857142,simulada
181,0.38713389254337266,156.54464285714286,9.614285714285714,simulada
177,0.37533746083194286,93.02423469387756,9.514285714285714,simulada
223,0.1451041914863804,463.28954081632656,30.042857142857144,simulada
55,0.16715388007054674,49.66836734693877,12.957142857142857,simulada
200,0.3672663250973483,108.45408163265306,11.557142857142857,simulada
83,0.4046388366999678,22.14668367346939,6.9,simulada
196,0.09310163370695454,413.61607142857144,35.27142857142857,simulada
158,0.3818005885739868,71.50382653061224,9.757142857142858,simulada
86,0.36909362185419975,49.423469387755105,7.514285714285714,simulada
235,0.18241267420126608,1270.4438775510205,25.1,simulada
119,0.3881512889925859,73.91836734693878,7.1571428571428575,simulada
81,0.39421212344586937,37.357142857142854,6.371428571428571,simulada
157,0.3665653539287803,113.63265306122449,9.628571428571428,simulada
220,0.1906900420987113,540.5956632653061,22.814285714285713,simulada
212,0.24330339484229638,1243.6938775510205,21.52857142857143,simulada
105,0.07999999999999995,87.33035714285714,12.2,simulada
238,0.15390091870074138,674.2806122448981,28.885714285714286,simulada
207,0.3712095588949578,214.15816326530611,11.971428571428572,simulada
195,0.08224326368830227,232.3826530612245,36.48571428571429,simulada
226,0.2839800241427876,1188.0956632653063,14.82857142857143,simulada
63,0.17617592592592624,27.27551020408163,9.357142857142858,simulada
28,0.451578947368421,5.7397959183673475,3.2142857142857144,simulada
84,0.3585184552289817,26.14668367346939,6.685714285714286,simulada
177,0.37939219073119934,166.99489795918367,9.485714285714286,simulada
53,0.15184873949579822,47.28954081632653,15.742857142857142,simulada
43,0.07705026455026455,11.463010204081632,12.014285714285714,simulada
26,0.2957894736842105,34.857142857142854,4.771428571428571,simulada
84,0.3585184552289817,26.14668367346939,6.685714285714286,simulada
90,0.21703963341894386,79.24872448979592,11.485714285714286,simulada
48,0.36732804232804217,32.003826530612244,5.571428571428571,simulada
114,0.385476905134034,84.87244897959184,7.985714285714286,simulada
143,0.2637797322934515,168.99489795918367,12.014285714285714,simulada
176,0.08329072591290712,249.96301020408163,37.542857142857144,simulada
56,0.10845648604269299,19.122448979591837,9.728571428571428,simulada
184,0.3172170150454057,269.265306122449,13.914285714285715,simulada
193,0.35696745224099763,156.35204081632654,11.057142857142857,simulada
165,0.35241476299508995,78.23852040816327,10.82857142857143,simulada
35,0.3958333333333332,10.122448979591837,4.328571428571428,simulada
179,0.16743664191184998,868.3163265306123,31.285714285714285,simulada
93,0.39448529411764693,66.21428571428571,6.114285714285714,simulada
192,0.35417922205997887,205.93239795918367,12.428571428571429,simulada
151,0.3585953604067153,87.28954081632652,9.942857142857143,simulada
179,0.3461821953478213,123.25892857142857,11.771428571428572,simulada
152,0.30581655125680335,344.06632653061223,8.8,simulada
201,0.07655935513653853,232.40178571428572,46.67142857142857,simulada
158,0.36058779560230847,46.1875,10.8,simulada
143,0.07955760310212388,92.02551020408164,31.228571428571428,simulada
157,0.369569122310308,103.45918367346938,10.271428571428572,simulada
47,0.12455357142857149,22.678571428571427,11.8,simulada
164,0.06450495092204502,132.45280612244898,38.214285714285715,simulada
191,0.3269276088433509,79.62244897959184,13.514285714285714,simulada
32,0.44957983193277323,11.83673469387755,3.257142857142857,simulada
55,0.08593869731800773,16.428571428571427,12.857142857142858,simulada
155,0.3820481192532006,96.65816326530613,9.7,simulada
27,0.04603174603174603,3.4323979591836733,10.714285714285714,simulada
55,0.08593869731800773,16.428571428571427,12.857142857142858,simulada
31,0.0589110644257703,2.729591836734694,7.385714285714286,simulada
48,0.4210144096625004,12.718112244897958,4.957142857142857,simulada
123,0.39052204787330663,72.53571428571429,7.057142857142857,simulada
160,0.06314279777887363,77.10586734693878,25.7,simulada
128,0.35638486420331156,45.78061224489796,10.242857142857142,simulada
229,0.3773398522768541,163.46301020408166,12.571428571428571,simulada
210,0.35489609210493334,103.28954081632652,12.185714285714285,simulada
90,0.21079343971631298,115.88137755102039,8.8,simulada
31,0.20795454545454542,8.575255102040815,5.871428571428571,simulada
38,0.3439393939393939,22.667091836734695,4.9714285714285715,simulada
195,0.08746672216140522,371.74872448979596,40.4,simulada
166,0.2935562387523825,249.71811224489798,13.585714285714285,simulada
204,0.34667639510303183,217.67729591836738,10.9,simulada
84,0.141571497285783,50.60586734693877,17.142857142857142,simulada
115,0.402270828586618,62.642857142857146,7.057142857142857,simulada
41,0.17599924585218707,15.122448979591836,6.928571428571429,simulada
246,0.3645128368393868,181.23852040816328,13.742857142857142,simulada
49,0.05956625074272135,12.146683673469386,13.6,simulada
211,0.3797840794491323,189.81632653061226,10.914285714285715,simulada
53,0.085249042145594,18.677295918367346,14.67142857142857,simulada
185,0.09852914310987937,314.5956632653061,33.871428571428574,simulada
248,0.276434316867903,1917.8163265306123,22.32857142857143,simulada
174,0.1173631518522014,470.39285714285717,31.042857142857144,simulada
59,0.2311739847454132,40.45918367346939,5.371428571428571,simulada
46,0.25467687074829964,64.88265306122449,9.4,simulada
105,0.07999999999999995,87.33035714285714,12.2,simulada
155,0.06488519974758537,193.86096938775512,36.614285714285714,simulada
198,0.3666340608362359,151.59566326530611,12.285714285714286,simulada
171,0.06724864945978319,144.43239795918367,38.214285714285715,simulada
181,0.08034676763787223,146.5,39.97142857142857,simulada
210,0.23066975268955467,761.6938775510205,18.571428571428573,simulada
73,0.15386851710381105,47.94387755102041,12.728571428571428,simulada
120,0.1363534219658005,149.53443877551018,12.571428571428571,simulada
85,0.3194085275281852,106.24489795918365,7.328571428571428,simulada
81,0.04419552669552668,18.95280612244898,19.557142857142857,simulada
127,0.10755119075349678,92.67857142857143,14.485714285714286,simulada
232,0.3713227888621339,188.23852040816328,13.928571428571429,simulada
40,0.35497835497835495,18.918367346938776,3.8,simulada
151,0.35441071493703163,202.6377551020408,8.414285714285715,simulada
210,0.3769520707053414,182.54464285714286,11.442857142857143,simulada
87,0.16435185185185164,50.92346938775511,11.8,simulada
183,0.37555552769559175,107.3609693877551,11.657142857142857,simulada
138,0.2936084348269225,152.3469387755102,12.485714285714286,simulada
58,0.18933316080055224,35.872448979591844,7.1,simulada
164,0.35509012092675957,136.4234693877551,9.457142857142857,simulada
61,0.09297052154194996,26.479591836734695,7.5,simulada
52,0.19376361655773416,24.38137755102041,7.4,simulada
29,0.44642857142857145,12.244897959183675,3.3714285714285714,simulada
239,0.21540041281535152,658.9795918367347,26.12857142857143,simulada
160,0.3556914980582964,116.40816326530613,11.742857142857142,simulada
96,0.1959529773541868,74.01530612244899,11.714285714285714,simulada
190,0.0956244064577389,184.38137755102042,33.0,simulada
43,0.39251430387794023,20.729591836734695,4.8428571428571425,simulada
184,0.06493768564972306,131.90178571428572,44.44285714285714,simulada
58,0.0748924731182796,14.27551020408163,11.814285714285715,simulada
190,0.14260622229372452,302.38775510204084,22.885714285714286,simulada
154,0.17006957328385913,180.01530612244898,14.357142857142858,simulada
115,0.402270828586618,62.642857142857146,7.057142857142857,simulada
68,0.19221555288782155,92.32015306122449,9.528571428571428,simulada
37,0.09389978213507623,7.6683673469387745,7.985714285714286,simulada
149,0.04996424210709928,63.775510204081634,25.65714285714286,simulada
131,0.13459767240229442,251.39158163265304,26.3,simulada
214,0.27357411969380563,1197.6670918367347,14.471428571428572,simulada
40,0.41378330084470444,13.667091836734695,4.285714285714286,simulada
165,0.21614140778372173,283.16836734693874,13.571428571428571,simulada
165,0.0772609780289144,163.88137755102042,27.4,simulada
39,0.2173076923076924,11.994897959183675,5.714285714285714,simulada
78,0.11749208808867899,49.401785714285715,13.9,simulada
226,0.1133560576263653,470.75892857142856,34.128571428571426,simulada
246,0.29763419338325436,921.2857142857143,13.985714285714286,simulada
28,0.10640692640692642,3.4323979591836737,8.114285714285714,simulada
246,0.3645128368393868,181.23852040816328,13.742857142857142,simulada
232,0.3568904137503365,196.48979591836732,12.0,simulada
193,0.09209352499352369,394.3826530612245,33.08571428571429,simulada
78,0.14350403034613562,57.88775510204082,10.2,simulada
31,0.4068627450980392,6.534438775510204,3.9285714285714284,simulada
40,0.08122529644268772,10.381377551020407,9.542857142857143,simulada
191,0.24031432926068022,598.4017857142857,20.428571428571427,simulada
244,0.37180077194408445,183.17729591836738,11.2,simulada
45,0.2742673992673996,65.77551020408163,7.128571428571429,simulada
40,0.3923611111111112,15.463010204081632,3.8714285714285714,simulada
88,0.32084833933573453,120.73852040816325,6.242857142857143,simulada
47,0.10600000000000014,11.5,5.571428571428571,simulada
172,0.18380875418048456,412.88137755102036,15.428571428571429,simulada
153,0.14776231358538122,353.30994897959187,17.714285714285715,simulada
44,0.04266381766381766,4.860969387755103,17.414285714285715,simulada
188,0.08388874220109963,215.3877551020408,33.92857142857143,simulada
167,0.08701004211208263,177.91836734693877,26.4,simulada
212,0.3623390863710662,198.06632653061226,10.757142857142858,simulada
191,0.3464647309212532,272.67729591836735,11.771428571428572,simulada
121,0.3736379717733193,45.632653061224495,9.571428571428571,simulada
214,0.3469550672681118,160.55102040816328,11.157142857142857,simulada
76,0.15734610917537717,66.78954081632654,11.842857142857143,simulada
224,0.3562687404288353,136.3826530612245,12.571428571428571,simulada
248,0.2822941658567485,264.73852040816325,16.942857142857143,simulada
177,0.19121128871128926,284.452806122449,18.857142857142858,simulada
206,0.2759801434101554,878.9081632653061,14.728571428571428,simulada
65,0.22838293650793637,49.57525510204082,12.114285714285714,simulada
103,0.3746697626418985,51.452806122448976,7.814285714285714,simulada
120,0.37880245278195823,71.6938775510204,8.657142857142857,simulada
45,0.11890873015873024,21.258928571428573,12.128571428571428,simulada
132,0.10920274170274187,71.58673469387755,20.67142857142857,simulada
160,0.06314279777887363,77.10586734693878,25.7,simulada
224,0.2668417634899823,620.5357142857143,15.9,simulada
248,0.276434316867903,1917.8163265306123,22.32857142857143,simulada
74,0.15056483614951371,36.64668367346939,12.142857142857142,simulada
41,0.30242003367003356,18.28061224489796,5.628571428571429,simulada
238,0.3528131387275384,261.2091836734694,12.657142857142857,simulada
81,0.04419552669552668,18.95280612244898,19.557142857142857,simulada
176,0.08329072591290712,249.96301020408163,37.542857142857144,simulada
153,0.37707239971278567,102.82142857142857,9.957142857142857,simulada
198,0.3666340608362359,151.59566326530611,12.285714285714286,simulada
228,0.11175292871721214,620.0242346938776,33.25714285714286,simulada
27,0.04191033138401559,2.2385204081632653,8.571428571428571,simulada
187,0.09045673678938085,301.53443877551024,46.47142857142857,simulada
189,0.07776800156228568,248.00382653061226,35.27142857142857,simulada
193,0.1172843660874864,391.7857142857143,25.97142857142857,simulada
26,0.15705128205128205,9.891581632653061,4.357142857142857,simulada
25,0.19646464646464648,8.285714285714286,4.371428571428571,simulada
44,0.10361111111111107,11.454081632653061,7.385714285714286,simulada
116,0.3920725120365043,74.27551020408164,7.1,simulada
214,0.17278703558823913,353.8724489795918,25.4,simulada
58,0.4136029411764701,40.38775510204082,5.3428571428571425,simulada
204,0.1933953416096287,1293.5242346938776,31.2,simulada
127,0.3727984132374392,100.1670918367347,8.642857142857142,simulada
87,0.2457829301075266,95.98979591836736,11.82857142857143,simulada
206,0.36300443285204476,244.59566326530611,11.528571428571428,simulada
131,0.1954797979797983,139.58673469387756,12.285714285714286,simulada
218,0.34256665265599073,152.17729591836732,13.285714285714286,simulada
222,0.15019566722377017,916.0752551020407,23.8,simulada
131,0.39717662373684803,53.382653061224495,8.514285714285714,simulada
171,0.06724864945978319,144.43239795918367,38.214285714285715,simulada
58,0.3871304290947147,31.748724489795915,5.5,simulada
156,0.3555138138362121,65.09566326530611,10.157142857142857,simulada
36,0.10870098039215684,7.801020408163265,8.257142857142858,simulada
26,0.08745421245421248,3.1875,4.385714285714286,simulada
101,0.20990617569564932,117.78061224489797,10.542857142857143,simulada
85,0.10753660637381567,41.275510204081634,14.5,simulada
32,0.10218253968253964,8.88265306122449,8.085714285714285,simulada
224,0.21150198491293543,1091.452806122449,29.314285714285713,simulada
38,0.308843537414966,26.177295918367346,5.457142857142857,simulada
157,0.369569122310308,103.45918367346938,10.271428571428572,simulada
150,0.39046250225746765,46.891581632653065,8.571428571428571,simulada
42,0.31040300782148583,64.87244897959184,6.114285714285714,simulada
246,0.2689116156954342,1359.4591836734694,18.885714285714286,simulada
228,0.3528435279281836,255.97321428571428,11.785714285714286,simulada
50,0.06801075268817207,9.352040816326532,9.957142857142857,simulada
58,0.18933316080055224,35.872448979591844,7.1,simulada
205,0.36024702525942004,212.59566326530611,11.185714285714285,simulada
88,0.16202380952380915,58.13265306122448,8.8,simulada
233,0.3718382346736322,191.45280612244898,12.814285714285715,simulada
230,0.370288309646252,167.23852040816328,11.914285714285715,simulada
211,0.3671260442988198,186.19387755102042,10.557142857142857,simulada
222,0.4002550702998646,250.69387755102042,8.242857142857142,simulada
197,0.3506428861464695,213.49489795918367,12.428571428571429,simulada
173,0.36709484337876275,136.73852040816328,9.728571428571428,simulada
166,0.2935562387523825,249.71811224489798,13.585714285714285,simulada
29,0.025054466230936816,1.7448979591836733,7.242857142857143,simulada
173,0.2280980130980139,352.1466836734694,14.357142857142858,simulada
211,0.3704183007469926,184.82015306122452,12.2,simulada
175,0.36993522874327744,157.04464285714286,9.542857142857143,simulada
234,0.37472701067190056,177.98979591836732,13.528571428571428,simulada
62,0.33951589182681624,31.544642857142858,6.985714285714286,simulada
194,0.13394376156901858,359.59693877551024,31.228571428571428,simulada
122,0.3886843404553082,54.98979591836735,8.228571428571428,simulada
28,0.4538888888888889,5.173469387755103,3.1714285714285713,simulada
176,0.0743259183274084,235.73852040816328,31.557142857142857,simulada
207,0.3585166629767014,169.98979591836738,12.385714285714286,simulada
194,0.33635464236801565,121.24872448979592,13.357142857142858,simulada
248,0.37420627552230235,239.69387755102042,12.042857142857143,simulada
137,0.3147342216491151,260.48979591836735,7.671428571428572,simulada
149,0.35036856708687025,58.066326530612244,10.785714285714286,simulada
138,0.3982946908602158,159.53061224489798,6.685714285714286,simulada
101,0.20990617569564932,117.78061224489797,10.542857142857143,simulada
249,0.2502880774902618,2293.0663265306125,18.7,simulada
39,0.1610969387755103,20.809948979591837,7.7,simulada
215,0.36143648123542366,208.1670918367347,11.085714285714285,simulada
178,0.3424162089682429,70.02423469387755,12.442857142857143,simulada
39,0.29411764705882343,39.535714285714285,4.942857142857143,simulada
206,0.16146188161749586,979.6683673469388,28.142857142857142,simulada
88,0.16202380952380915,58.13265306122448,8.8,simulada
32,0.17585034013605447,13.70408163265306,5.271428571428571,simulada
167,0.07056481481481434,94.96301020408164,30.32857142857143,simulada
174,0.09291357334409935,535.9591836734693,32.72857142857143,simulada
173,0.1282325984224537,355.1938775510204,33.52857142857143,simulada
181,0.1121267375381293,190.78954081632654,26.042857142857144,simulada
103,0.09422385790310293,74.17729591836735,19.457142857142856,simulada
177,0.3817134362157847,141.17729591836735,10.185714285714285,simulada
225,0.3133024734173569,764.218112244898,12.242857142857142,simulada
209,0.2271183463640464,713.718112244898,15.157142857142857,simulada
241,0.2405336323494074,1134.9323979591838,23.957142857142856,simulada
112,0.31036682615629996,194.03571428571428,9.014285714285714,simulada
25,0.0784313725490196,3.607142857142857,4.828571428571428,simulada
64,0.14920634920634926,34.3469387755102,8.442857142857143,simulada
248,0.20202294897145734,1433.3099489795918,22.7,simulada
203,0.36956953494031997,208.03443877551018,11.257142857142858,simulada
226,0.32619858793469697,866.6160714285714,10.085714285714285,simulada
30,0.10774853801169591,8.596938775510203,7.542857142857143,simulada
37,0.09389978213507623,7.6683673469387745,7.985714285714286,simulada
37,0.13333333333333333,10.336734693877549,10.042857142857143,simulada
44,0.2785087719298246,34.860969387755105,5.385714285714286,simulada
156,0.3853441495384701,135.70408163265307,8.442857142857143,simulada
163,0.3678278493829363,90.03061224489797,9.871428571428572,simulada
92,0.38622828517371843,37.52423469387755,7.057142857142857,simulada
41,0.30242003367003356,18.28061224489796,5.628571428571429,simulada
50,0.038858784893267655,7.360969387755103,15.2,simulada
130,0.2160348188478856,228.03061224489792,14.32857142857143,simulada
29,0.15447303921568628,15.738520408163264,5.8,simulada
157,0.3841140501722754,130.5969387755102,8.414285714285715,simulada
73,0.15386851710381105,47.94387755102041,12.728571428571428,simulada
67,0.20101951188907705,48.309948979591844,8.885714285714286,simulada
128,0.3829446459551104,55.03061224489796,8.271428571428572,simulada
181,0.38713389254337266,156.54464285714286,9.614285714285714,simulada
186,0.340580692980718,119.21811224489795,12.357142857142858,simulada
146,0.07268604220659027,62.14668367346939,21.214285714285715,simulada
50,0.038858784893267655,7.360969387755103,15.2,simulada
56,0.3679524899204533,8.60204081632653,5.9714285714285715,simulada
33,0.4037414965986396,11.979591836734695,3.7285714285714286,simulada
103,0.3685166380352148,40.98979591836735,8.4,simulada
194,0.08673559797482125,365.03443877551024,40.4,simulada
60,0.11176470588235286,39.67857142857143,14.857142857142858,simulada
33,0.07415552427867711,14.88265306122449,7.771428571428571,simulada
143,0.3688083285823223,68.25892857142857,9.771428571428572,simulada
46,0.176748120300752,26.75,7.1571428571428575,simulada
234,0.27326654096390846,923.015306122449,18.142857142857142,simulada
111,0.1346863476030141,84.23852040816327,18.87142857142857,simulada
189,0.36726840778698294,141.17729591836735,11.314285714285715,simulada
164,0.12281113667477266,128.28954081632654,30.242857142857144,simulada
230,0.27742300695547767,367.4642857142857,16.385714285714286,simulada
175,0.36993522874327744,157.04464285714286,9.542857142857143,simulada
159,0.37524143146016425,77.59566326530613,9.4,simulada
57,0.4061509165069537,12.452806122448978,5.642857142857143,simulada
32,0.07056530214424947,7.8609693877551035,16.214285714285715,simulada
27,0.1895604395604396,11.887755102040817,4.414285714285715,simulada
203,0.28017204068486307,832.908163265306,12.728571428571428,simulada
214,0.12006456585347497,627.1071428571429,32.18571428571428,simulada
57,0.37036891679748823,32.60204081632653,6.185714285714286,simulada
142,0.36875071053315484,93.10204081632652,9.514285714285714,simulada
29,0.056447368421052614,4.88265306122449,10.357142857142858,simulada
90,0.21079343971631298,115.88137755102039,8.8,simulada
221,0.3516418402740404,216.76530612244898,12.242857142857142,simulada
96,0.12327493451186818,77.88775510204083,15.985714285714286,simulada
177,0.3842101545854076,116.60586734693878,10.4,simulada
201,0.3221569803360475,188.9795918367347,12.814285714285715,simulada
172,0.12383808587725689,135.00382653061223,19.9,simulada
148,0.3105073398380205,183.0752551020408,9.985714285714286,simulada
129,0.11782137133699576,141.27551020408163,21.185714285714287,simulada
80,0.0747292250233428,23.336734693877553,14.857142857142858,simulada
162,0.1176169749317899,202.5,21.84285714285714,simulada
34,0.0853174603174603,12.167091836734693,7.728571428571429,simulada
169,0.1032989755122435,365.952806122449,27.385714285714286,simulada
169,0.11981733848510191,323.37244897959187,18.314285714285713,simulada
216,0.16968555549133973,836.265306122449,22.97142857142857,simulada
195,0.3675067400316421,132.30102040816328,11.928571428571429,simulada
173,0.1282325984224537,355.1938775510204,33.52857142857143,simulada
169,0.09024344365577991,162.28954081632654,22.785714285714285,simulada
137,0.3242451641925322,51.360969387755105,11.271428571428572,simulada
213,0.37925988150536455,207.8469387755102,10.185714285714285,simulada
246,0.3631721455460032,204.16836734693877,13.557142857142857,simulada
219,0.36659483683124416,126.52423469387756,12.885714285714286,simulada
63,0.17617592592592624,27.27551020408163,9.357142857142858,simulada
112,0.4018436614411842,62.60204081632653,6.2,simulada
199,0.36329238994293145,170.74872448979593,11.957142857142857,simulada
98,0.3959401178198601,39.882653061224495,6.9714285714285715,simulada
230,0.21861282309010985,810.9642857142857,20.12857142857143,simulada
170,0.3917916964356594,235.02423469387756,8.32857142857143,simulada
112,0.31036682615629996,194.03571428571428,9.014285714285714,simulada
46,0.176748120300752,26.75,7.1571428571428575,simulada
26,0.20900673400673392,10.464285714285714,5.542857142857143,simulada
188,0.3071497086673537,429.952806122449,12.157142857142857,simulada
163,0.3678278493829363,90.03061224489797,9.871428571428572,simulada
65,0.06071428571428568,13.26530612244898,15.014285714285714,simulada
40,0.08267457180500659,13.391581632653061,9.928571428571429,simulada
194,0.32716973718755643,204.35714285714286,13.914285714285715,simulada
58,0.3871304290947147,31.748724489795915,5.5,simulada
54,0.3378024753024753,27.49489795918367,5.085714285714285,simulada
53,0.25135566188197755,40.66709183673469,7.285714285714286,simulada
30,0.40352807789782585,8.605867346938776,4.142857142857143,simulada
50,0.38747425078946823,7.248724489795919,5.4714285714285715,simulada
91,0.1380167218402512,43.86096938775511,15.157142857142857,simulada
208,0.36646997927912606,217.8112244897959,11.014285714285714,simulada
170,0.3712514580782482,143.94387755102042,10.071428571428571,simulada
206,0.12145825879813305,430.0357142857143,40.48571428571429,simulada
207,0.3181713667381917,562.4630102040817,11.185714285714285,simulada
233,0.2546365082657963,1029.6938775510205,19.214285714285715,simulada
230,0.370288309646252,167.23852040816328,11.914285714285715,simulada
189,0.32577489048304875,104.28061224489797,13.67142857142857,simulada
34,0.08115079365079358,7.1058673469387745,5.042857142857143,simulada
38,0.3087662337662337,17.534438775510207,5.385714285714286,simulada
30,0.40352807789782585,8.605867346938776,4.142857142857143,simulada
247,0.212326211901511,1081.8099489795918,21.542857142857144,simulada
152,0.38606771844749943,118.35204081632654,8.842857142857143,simulada
25,0.30808080808080807,15.673469387755103,3.757142857142857,simulada
87,0.13405997578411394,46.132653061224495,15.728571428571428,simulada
167,0.3591711662965505,65.03061224489797,11.17142857142857,simulada
130,0.3257968107161653,130.23979591836735,8.657142857142857,simulada
228,0.1504896929253364,421.66709183673464,29.8,simulada
155,0.1106410056620445,263.56632653061223,23.885714285714286,simulada
84,0.23651329177644972,118.5612244897959,9.114285714285714,simulada
225,0.2844173312442548,1113.857142857143,18.17142857142857,simulada
39,0.08748387285948869,18.45918367346939,8.114285714285714,simulada
35,0.09964285714285713,5.566326530612244,7.542857142857143,simulada
217,0.18228680370056863,1116.6772959183675,23.385714285714286,simulada
193,0.08121401983708539,323.6875,39.6,simulada
184,0.08225057415198211,385.84693877551024,36.75714285714286,simulada
168,0.10113573021181776,183.8826530612245,30.357142857142858,simulada
88,0.16202380952380915,58.13265306122448,8.8,simulada
117,0.3695804841132997,48.11607142857143,9.17142857142857,simulada
96,0.08783308195072902,37.973214285714285,9.157142857142857,simulada
81,0.24895572263993318,125.67729591836736,10.028571428571428,simulada
150,0.3762295924621103,114.73852040816327,8.0,simulada
33,0.24634740259740262,15.989795918367347,5.442857142857143,simulada
189,0.11223528226078994,532.1058673469388,34.77142857142857,simulada
50,0.12809347877081878,35.964285714285715,12.742857142857142,simulada
88,0.32084833933573453,120.73852040816325,6.242857142857143,simulada
151,0.06662491432574842,75.95918367346938,25.357142857142858,simulada
167,0.08701004211208263,177.91836734693877,26.4,simulada
157,0.10979345654345682,282.5752551020408,23.5,simulada
188,0.07136011092103399,159.15816326530611,43.98571428571429,simulada
196,0.3660412831142963,107.93239795918366,11.914285714285715,simulada
192,0.09721658731753867,273.9438775510204,31.114285714285714,simulada
208,0.36646997927912606,217.8112244897959,11.014285714285714,simulada
121,0.3736379717733193,45.632653061224495,9.571428571428571,simulada
28,0.4419642857142857,12.816326530612246,3.657142857142857,simulada
51,0.40475288600288606,9.158163265306124,5.5285714285714285,simulada
110,0.3655616511744127,61.693877551020414,8.942857142857143,simulada
71,0.05914779326364693,19.27551020408163,17.82857142857143,simulada
39,0.09249011857707518,9.096938775510205,8.214285714285714,simulada
62,0.08950021450021432,27.13265306122449,8.32857142857143,simulada
180,0.331168431380297,487.1670918367346,9.057142857142857,simulada
183,0.33344882881296595,225.6466836734694,12.585714285714285,simulada
153,0.3713577121243019,55.78061224489796,9.971428571428572,simulada
117,0.39168746835885226,39.82142857142857,8.657142857142857,simulada
180,0.31247932421845576,273.65816326530614,11.228571428571428,simulada
230,0.21861282309010985,810.9642857142857,20.12857142857143,simulada
180,0.331168431380297,487.1670918367346,9.057142857142857,simulada
134,0.09901566166717689,49.81122448979592,15.371428571428572,simulada
191,0.3660789001101856,157.5752551020408,11.0,simulada
46,0.039417989417989456,8.168367346938776,13.757142857142858,simulada
222,0.4002550702998646,250.69387755102042,8.242857142857142,simulada
164,0.12381156930126005,385.6466836734694,20.271428571428572,simulada
54,0.2574404761904762,26.372448979591834,5.957142857142857,simulada
142,0.3813452921347659,69.1938775510204,7.114285714285714,simulada
212,0.38053676814117426,133.05102040816328,11.585714285714285,simulada
149,0.2289536751347346,235.89158163265307,10.885714285714286,simulada
205,0.36257705006387136,201.28061224489798,10.785714285714286,simulada
135,0.19409831551668305,164.65816326530611,14.457142857142857,simulada
224,0.34307300667700386,134.3877551020408,14.257142857142858,simulada
246,0.3631721455460032,204.16836734693877,13.557142857142857,simulada
148,0.3105073398380205,183.0752551020408,9.985714285714286,simulada
216,0.36853516866349656,369.6734693877551,12.3,simulada
128,0.3829446459551104,55.03061224489796,8.271428571428572,simulada
189,0.37856045330143595,133.78954081632654,10.928571428571429,simulada
148,0.27186139332365805,273.75892857142856,10.285714285714286,simulada
74,0.37051900825689743,49.90816326530612,6.685714285714286,simulada
206,0.16798873387145588,1063.1160714285713,25.014285714285716,simulada
185,0.08670179027321917,98.24872448979592,31.814285714285713,simulada
225,0.2996929057170622,918.515306122449,12.457142857142857,simulada
176,0.07422436381960174,251.01530612244898,32.08571428571429,simulada
129,0.297841553287982,150.81632653061226,11.928571428571429,simulada
174,0.35057000698804464,200.9234693877551,10.6,simulada
115,0.402270828586618,62.642857142857146,7.057142857142857,simulada
74,0.09936696900982632,28.561224489795922,15.857142857142858,simulada
73,0.4063186813186813,26.602040816326532,5.8428571428571425,simulada
31,0.1556372549019608,15.494897959183673,6.728571428571429,simulada
176,0.23440539161693028,275.8609693877551,15.32857142857143,simulada
195,0.33826495500902104,123.35204081632654,12.214285714285714,simulada
32,0.12708333333333335,9.744897959183675,5.642857142857143,simulada
85,0.18481207808794045,59.464285714285715,10.528571428571428,simulada
40,0.22815789473684223,29.616071428571427,6.714285714285714,simulada
205,0.36024702525942004,212.59566326530611,11.185714285714285,simulada
210,0.28744666257887397,486.9234693877551,13.428571428571429,simulada
46,0.176748120300752,26.75,7.1571428571428575,simulada
167,0.3872531460403315,97.55102040816327,9.871428571428572,simulada
67,0.1288943623426383,37.75,8.17142857142857,simulada
91,0.4177236652236651,28.64668367346939,5.742857142857143,simulada
210,0.33601398352374306,167.82015306122452,13.257142857142858,simulada
173,0.3581622649466357,272.4732142857143,10.157142857142857,simulada
169,0.1032989755122435,365.952806122449,27.385714285714286,simulada
166,0.32131546904274255,264.54464285714283,11.128571428571428,simulada
170,0.11200244758927004,229.3520408163265,25.557142857142857,simulada
34,0.07555555555555557,5.3520408163265305,7.571428571428571,simulada
111,0.2688479344729346,160.83673469387756,7.814285714285714,simulada
151,0.10399150781570905,153.43239795918365,34.4,simulada
154,0.3512988305729691,60.360969387755105,11.0,simulada
145,0.10597290640394122,88.70408163265306,24.02857142857143,simulada
31,0.0945238095238095,5.605867346938775,8.657142857142857,simulada
156,0.3473500093817424,93.73979591836735,10.528571428571428,simulada
200,0.10806201821907738,260.9795918367347,31.885714285714286,simulada
51,0.40475288600288606,9.158163265306124,5.5285714285714285,simulada
216,0.36853516866349656,369.6734693877551,12.3,simulada
132,0.19631147312726244,297.63265306122446,17.414285714285715,simulada
43,0.07410282953761212,8.758928571428571,13.528571428571428,simulada
197,0.3506428861464695,213.49489795918367,12.428571428571429,simulada
31,0.2922077922077922,12.116071428571429,5.014285714285714,simulada
47,0.3833634330925353,13.744897959183675,4.828571428571428,simulada
179,0.16743664191184998,868.3163265306123,31.285714285714285,simulada
32,0.3376623376623376,17.428571428571427,4.457142857142857,simulada
63,0.11976307764485117,25.96301020408163,11.528571428571428,simulada
206,0.16235650044710478,1315.0038265306123,31.0,simulada
32,0.44957983193277323,11.83673469387755,3.257142857142857,simulada
195,0.3584260898861057,140.95280612244898,11.4,simulada
143,0.07955760310212388,92.02551020408164,31.228571428571428,simulada
180,0.36051178488094665,111.45918367346938,11.914285714285715,simulada
163,0.09044226435430147,100.56632653061224,33.02857142857143,simulada
28,0.03265107212475635,3.2857142857142856,10.971428571428572,simulada
150,0.06937002151287883,98.6875,22.228571428571428,simulada
240,0.3470571572036297,189.20408163265304,16.042857142857144,simulada
139,0.3652936125717336,89.33673469387756,8.257142857142858,simulada
32,0.05614035087719295,8.575255102040815,9.185714285714285,simulada
248,0.3188104605812899,1363.6020408163265,15.028571428571428,simulada
177,0.06359396634760088,161.78571428571428,29.042857142857144,simulada
242,0.37457526814464753,173.0752551020408,12.857142857142858,simulada
235,0.2971260862753682,763.5,11.885714285714286,simulada
32,0.21622023809523805,18.575255102040817,6.671428571428572,simulada
44,0.0907581453634085,8.372448979591836,6.914285714285715,simulada
242,0.357851167297866,212.01530612244898,14.214285714285714,simulada
35,0.24583333333333332,11.336734693877549,4.614285714285714,simulada
112,0.13640350877192867,101.1875,11.9,simulada
228,0.11175292871721214,620.0242346938776,33.25714285714286,simulada
54,0.11881519274376424,14.561224489795917,10.7,simulada
205,0.36024702525942004,212.59566326530611,11.185714285714285,simulada
162,0.1176169749317899,202.5,21.84285714285714,simulada
28,0.451578947368421,5.7397959183673475,3.2142857142857144,simulada
83,0.4046388366999678,22.14668367346939,6.9,simulada
38,0.17604617604617623,28.107142857142858,5.442857142857143,simulada
90,0.2755350844041314,142.10586734693877,10.714285714285714,simulada
43,0.1877723311546841,21.030612244897956,6.014285714285714,simulada
50,0.0645019157088123,11.204081632653061,12.757142857142858,simulada
180,0.109768703727601,170.89158163265307,28.885714285714286,simulada
143,0.35080525894290787,54.14668367346939,11.385714285714286,simulada
180,0.3732017644547546,100.38265306122449,9.414285714285715,simulada
29,0.44642857142857145,12.244897959183675,3.3714285714285714,simulada
197,0.16125365583230725,529.9438775510204,21.4,simulada
54,0.04089381720430108,8.316326530612246,16.242857142857144,simulada
189,0.11223528226078994,532.1058673469388,34.77142857142857,simulada
25,0.2369047619047619,6.423469387755101,4.185714285714286,simulada
240,0.3470571572036297,189.20408163265304,16.042857142857144,simulada
96,0.13871332371332354,82.60586734693877,12.757142857142858,simulada
143,0.35080525894290787,54.14668367346939,11.385714285714286,simulada
216,0.36853516866349656,369.6734693877551,12.3,simulada
242,0.37457526814464753,173.0752551020408,12.857142857142858,simulada
25,0.1218421052631579,12.096938775510205,7.785714285714286,simulada
59,0.14792241775937442,26.963010204081634,10.7,simulada
185,0.3323564081786159,113.10586734693878,13.857142857142858,simulada
168,0.08200380427653134,324.00382653061223,31.67142857142857,simulada
28,0.451578947368421,5.7397959183673475,3.2142857142857144,simulada
91,0.1380167218402512,43.86096938775511,15.157142857142857,simulada
57,0.1253055555555555,23.677295918367346,5.671428571428572,simulada
208,0.3544884266327632,179.21811224489798,13.485714285714286,simulada
25,0.1218421052631579,12.096938775510205,7.785714285714286,simulada
27,0.0613095238095238,3.9630102040816326,12.32857142857143,simulada
175,0.3472569437238803,76.11607142857143,12.3,simulada
79,0.15802361595044492,67.1670918367347,12.528571428571428,simulada
167,0.08701004211208263,177.91836734693877,26.4,simulada
196,0.3137042325430111,169.8469387755102,12.442857142857143,simulada
203,0.38432964118559704,129.4795918367347,9.028571428571428,simulada
52,0.06593915343915345,18.678571428571427,16.142857142857142,simulada
138,0.36415707933595787,99.64668367346938,10.071428571428571,simulada
216,0.0994069674096619,456.67729591836735,38.3,simulada
215,0.09714120195877761,389.81122448979596,37.31428571428572,simulada
220,0.11352670794634902,419.53061224489795,29.614285714285714,simulada
188,0.3071497086673535,429.952806122449,12.157142857142857,simulada
203,0.28017204068486307,832.908163265306,12.728571428571428,simulada
173,0.37832293178069304,90.67729591836735,10.7,simulada
225,0.2844173312442546,1113.857142857143,18.17142857142857,simulada
197,0.3670646447960582,123.95408163265306,11.471428571428572,simulada
63,0.11976307764485117,25.96301020408163,11.528571428571428,simulada
162,0.1272474823513669,254.5344387755102,17.428571428571427,simulada
169,0.13658258156557368,410.1938775510204,17.557142857142857,simulada
49,0.06944444444444445,8.51530612244898,8.885714285714286,simulada
65,0.22838293650793637,49.57525510204082,12.114285714285714,simulada
215,0.20274149569208094,1331.9795918367347,21.5,simulada
53,0.085249042145594,18.677295918367346,14.67142857142857,simulada
195,0.08224326368830227,232.3826530612245,36.48571428571429,simulada
186,0.3543375941338045,160.1466836734694,11.228571428571428,simulada
186,0.11749009167840219,147.46301020408163,32.714285714285715,simulada
184,0.36837833839897804,147.67346938775512,10.571428571428571,simulada
195,0.20835423924366173,331.60204081632645,14.942857142857143,simulada
210,0.28744666257887397,486.9234693877551,13.428571428571429,simulada
236,0.384108599386224,169.76530612244898,11.685714285714285,simulada
26,0.20781053162005553,43.346938775510196,6.1,simulada
140,0.12953971483917054,115.64285714285714,30.32857142857143,simulada
211,0.10884674100667048,467.9630102040816,40.3,simulada
216,0.16968555549133973,836.265306122449,22.97142857142857,simulada
212,0.35498759221393617,173.89158163265304,12.514285714285714,simulada
43,0.22114252645502644,20.561224489795915,6.828571428571428,simulada
187,0.09045673678938085,301.53443877551024,46.47142857142857,simulada
42,0.358695652173913,72.97959183673468,4.8428571428571425,simulada
137,0.3242451641925322,51.360969387755105,11.271428571428572,simulada
176,0.11951408726306813,374.5255102040816,19.114285714285714,simulada
153,0.3827253478523897,105.24872448979592,7.9714285714285715,simulada
229,0.26037912302579724,1317.830357142857,15.185714285714285,simulada
191,0.3464647309212532,272.67729591836735,11.771428571428572,simulada
77,0.2856776556776561,68.42857142857143,8.414285714285715,simulada
236,0.3104913757767863,301.8915816326531,15.971428571428572,simulada
67,0.1288943623426383,37.75,8.17142857142857,simulada
228,0.11175292871721214,620.0242346938776,33.25714285714286,simulada
189,0.11223528226078994,532.1058673469388,34.77142857142857,simulada
143,0.07955760310212388,92.02551020408164,31.228571428571428,simulada
55,0.1260255617398474,20.03061224489796,8.571428571428571,simulada
61,0.3500000000000001,60.382653061224495,5.414285714285715,simulada
196,0.10560994893784538,213.44387755102042,31.0,simulada
187,0.07650972452934608,281.1670918367347,30.17142857142857,simulada
223,0.1451041914863804,463.28954081632656,30.042857142857144,simulada
41,0.25735294117647056,18.45918367346939,3.942857142857143,simulada
207,0.3585166629767014,169.98979591836738,12.385714285714286,simulada
107,0.11252631578947374,132.33673469387756,10.3,simulada
71,0.4009720127367187,24.132653061224488,5.9714285714285715,simulada
123,0.39052204787330663,72.53571428571429,7.057142857142857,simulada
224,0.3562687404288353,136.3826530612245,12.571428571428571,simulada
48,0.36732804232804217,32.003826530612244,5.571428571428571,simulada
188,0.07136011092103399,159.15816326530611,43.98571428571429,simulada
229,0.2212249891685388,1178.7895408163265,24.542857142857144,simulada
49,0.31666012558869683,25.1734693877551,4.957142857142857,simulada
54,0.11881519274376424,14.561224489795917,10.7,simulada
218,0.31237426168301635,507.92346938775506,12.785714285714286,simulada
38,0.08218050065876153,13.963010204081636,8.3,simulada
197,0.3670646447960582,123.95408163265306,11.471428571428572,simulada
61,0.20297435897435914,37.94387755102041,5.242857142857143,simulada
89,0.20335887231048508,84.60586734693878,11.128571428571428,simulada
202,0.36829284132756945,165.00382653061226,11.657142857142857,simulada
103,0.09422385790310293,74.17729591836735,19.457142857142856,simulada
217,0.18471661447968615,760.1938775510205,30.714285714285715,simulada
224,0.3790909095395482,198.08673469387756,11.742857142857142,simulada
225,0.2996929057170622,918.515306122449,12.457142857142857,simulada
38,0.3087662337662337,17.534438775510207,5.385714285714286,simulada
35,0.24583333333333332,11.336734693877549,4.614285714285714,simulada
137,0.3147342216491151,260.48979591836735,7.671428571428572,simulada
29,0.056447368421052614,4.88265306122449,10.357142857142858,simulada
164,0.07701113582399119,166.15816326530611,27.428571428571427,simulada
96,0.12327493451186818,77.88775510204083,15.985714285714286,simulada
224,0.21150198491293543,1091.452806122449,29.314285714285713,simulada
70,0.07783309625414907,26.668367346938773,16.428571428571427,simulada
188,0.3071497086673537,429.952806122449,12.157142857142857,simulada
200,0.32328505428505266,751.5306122448981,9.2,simulada
196,0.22033055472475951,384.3915816326531,14.871428571428572,simulada
238,0.3666679116944349,145.78061224489795,12.657142857142857,simulada
238,0.3528131387275384,261.2091836734694,12.657142857142857,simulada
155,0.12495817327438354,177.59566326530611,18.428571428571427,simulada
239,0.32000907080856705,1167.3469387755101,14.057142857142857,simulada
27,0.3224837662337662,16.99489795918367,4.014285714285714,simulada
192,0.3615474808250185,150.69387755102042,11.757142857142858,simulada
155,0.09133054483054572,115.45918367346938,24.985714285714284,simulada
190,0.3584553052484194,123.21428571428571,12.571428571428571,simulada
90,0.2755350844041314,142.10586734693877,10.714285714285714,simulada
30,0.1086309523809524,10.275510204081632,5.542857142857143,simulada
152,0.18097684563201655,366.94387755102036,20.685714285714287,simulada
98,0.38637723198196317,38.14668367346939,7.914285714285715,simulada
170,0.28988596211045214,302.5255102040816,12.885714285714286,simulada
69,0.1033298097251586,37.78061224489796,11.285714285714286,simulada
71,0.3931071989710434,18.6875,6.314285714285714,simulada
168,0.36374262194607654,119.05102040816327,9.957142857142857,simulada
117,0.3230764999441368,59.107142857142854,9.557142857142857,simulada
155,0.12495817327438354,177.59566326530611,18.428571428571427,simulada
90,0.2755350844041314,142.10586734693877,10.714285714285714,simulada
207,0.08259543200319035,240.53061224489792,43.6,simulada
180,0.10333567875940744,441.88137755102036,29.185714285714287,simulada
213,0.359701745542169,127.67729591836735,13.071428571428571,simulada
203,0.36956953494031997,208.03443877551018,11.257142857142858,simulada
34,0.4360410830999066,11.0,3.5714285714285716,simulada
222,0.37352598763571776,175.59693877551018,11.357142857142858,simulada
239,0.32000907080856694,1167.3469387755101,14.057142857142857,simulada
121,0.1700885570800826,196.08673469387756,18.257142857142856,simulada
42,0.10977829537612145,17.45280612244898,8.085714285714285,simulada
124,0.39573817322504845,69.71811224489797,6.928571428571429,simulada
201,0.3915581356466174,120.82015306122449,10.414285714285715,simulada
43,0.07410282953761212,8.758928571428571,13.528571428571428,simulada
205,0.10114058320525965,572.3469387755102,31.228571428571428,simulada
190,0.14260622229372452,302.38775510204084,22.885714285714286,simulada
57,0.1253055555555555,23.677295918367346,5.671428571428572,simulada
37,0.06320346320346319,6.309948979591837,14.185714285714285,simulada
166,0.32131546904274255,264.54464285714283,11.128571428571428,simulada
30,0.43224789915966394,11.489795918367347,3.5714285714285716,simulada
144,0.33528650074241956,84.53443877551021,9.728571428571428,simulada
40,0.08267457180500659,13.391581632653061,9.928571428571429,simulada
58,0.4372549019607837,42.775510204081634,4.214285714285714,simulada
207,0.3181713667381917,562.4630102040817,11.185714285714285,simulada
155,0.37766057403353404,179.19387755102042,9.228571428571428,simulada
242,0.12583515384304847,414.4948979591837,40.92857142857143,simulada
177,0.11477317888674608,379.0038265306122,30.714285714285715,simulada
228,0.3787225620678572,191.0612244897959,11.942857142857143,simulada
178,0.3424162089682429,70.02423469387755,12.442857142857143,simulada
67,0.1288943623426383,37.75,8.17142857142857,simulada
243,0.35736309110282677,481.73979591836735,11.82857142857143,simulada
222,0.13189035404371416,546.3099489795918,31.085714285714285,simulada
31,0.0589110644257703,2.729591836734694,7.385714285714286,simulada
172,0.3610146851985992,166.17857142857142,10.971428571428572,simulada
186,0.340580692980718,119.21811224489795,12.357142857142858,simulada
103,0.35914354208064475,47.90816326530613,8.185714285714285,simulada
209,0.2271183463640464,713.718112244898,15.157142857142857,simulada
39,0.1610969387755103,20.809948979591837,7.7,simulada
188,0.07747459301962209,249.2295918367347,32.08571428571429,simulada
152,0.3675605536332169,164.83035714285714,8.928571428571429,simulada
68,0.16990005878894784,28.881377551020403,10.742857142857142,simulada
34,0.07555555555555557,5.3520408163265305,7.571428571428571,simulada
196,0.3646374946847494,154.48979591836732,11.67142857142857,simulada
59,0.23945578231292527,33.6875,6.242857142857143,simulada
66,0.08895758303321334,22.872448979591837,17.15714285714286,simulada
169,0.13658258156557368,410.1938775510204,17.557142857142857,simulada
183,0.07265484157902503,236.53443877551018,43.371428571428574,simulada
117,0.3695804841132997,48.11607142857143,9.17142857142857,simulada
202,0.3641626769916241,188.75892857142858,11.314285714285715,simulada
96,0.1959529773541868,74.01530612244899,11.714285714285714,simulada
66,0.36042295246840717,13.330357142857142,7.114285714285714,simulada
33,0.44957983193277323,11.83673469387755,3.2857142857142856,simulada
189,0.32577489048304875,104.28061224489797,13.67142857142857,simulada
42,0.15716374269005848,11.173469387755102,7.4714285714285715,simulada
54,0.2574404761904762,26.372448979591834,5.957142857142857,simulada
217,0.11303364390099044,651.1377551020407,35.58571428571429,simulada
248,0.20202294897145734,1433.3099489795918,22.7,simulada
93,0.1155328798185941,53.17729591836734,17.02857142857143,simulada
57,0.1484098639455783,17.177295918367346,10.1,simulada
222,0.14530274601830687,854.9642857142857,27.857142857142858,simulada
219,0.10246220090852678,346.9183673469388,36.42857142857143,simulada
233,0.2546365082657963,1029.6938775510205,19.214285714285715,simulada
246,0.1314655249381623,476.1058673469388,35.77142857142857,simulada
238,0.15390091870074138,674.2806122448981,28.885714285714286,simulada
50,0.2535763888888889,27.816326530612248,5.914285714285715,simulada
240,0.3091617527116243,222.40816326530611,15.157142857142857,simulada
105,0.09235796882855697,55.882653061224495,16.142857142857142,simulada
200,0.32328505428505266,751.5306122448981,9.2,simulada
177,0.3817134362157847,141.17729591836735,10.185714285714285,simulada
115,0.402270828586618,62.642857142857146,7.057142857142857,simulada
164,0.12281113667477266,128.28954081632654,30.242857142857144,simulada
37,0.13333333333333333,10.336734693877549,10.042857142857143,simulada
166,0.0689739980259859,176.86096938775512,27.37142857142857,simulada
197,0.16125365583230725,529.9438775510204,21.4,simulada
48,0.4210144096625004,12.718112244897958,4.957142857142857,simulada
212,0.3481613458780646,162.55102040816328,11.614285714285714,simulada
51,0.08399470899470901,11.85204081632653,5.628571428571429,simulada
59,0.14792241775937442,26.963010204081634,10.7,simulada
202,0.36829284132756945,165.00382653061226,11.657142857142857,simulada
132,0.3838089756820403,99.03443877551021,7.957142857142857,simulada
40,0.38480975723622785,10.63265306122449,4.642857142857143,simulada
149,0.37471425597516556,87.78954081632652,9.142857142857142,simulada
200,0.314435976689057,172.1670918367347,13.071428571428571,simulada
203,0.3663844618448,177.8112244897959,11.228571428571428,simulada
71,0.05914779326364693,19.27551020408163,17.82857142857143,simulada
135,0.19409831551668305,164.65816326530611,14.457142857142857,simulada
217,0.35387449424213957,304.4234693877551,12.3,simulada
65,0.4155228981544771,14.809948979591836,5.457142857142857,simulada
166,0.0689739980259859,176.86096938775512,27.37142857142857,simulada
85,0.10753660637381567,41.275510204081634,14.5,simulada
218,0.34256665265599073,152.17729591836732,13.285714285714286,simulada
28,0.08000700280112047,3.9017857142857144,6.8,simulada
49,0.39559731299927386,13.275510204081632,4.814285714285714,simulada
43,0.39251430387794023,20.729591836734695,4.8428571428571425,simulada
117,0.18495936656369197,146.95280612244898,12.714285714285714,simulada
199,0.37412567917405337,174.62244897959184,11.571428571428571,simulada
219,0.36659483683124416,126.52423469387756,12.885714285714286,simulada
154,0.17006957328385913,180.01530612244898,14.357142857142858,simulada
238,0.15390091870074138,674.2806122448981,28.885714285714286,simulada
94,0.3905884151619595,43.901785714285715,6.885714285714286,simulada
77,0.2856776556776561,68.42857142857143,8.414285714285715,simulada
125,0.35682824550906106,56.5344387755102,8.228571428571428,simulada
242,0.2623494482367345,1253.748724489796,19.614285714285714,simulada
36,0.1488899263409068,16.973214285714285,10.514285714285714,simulada
211,0.3704183007469926,184.82015306122452,12.2,simulada
167,0.09395694230439974,92.52423469387755,20.228571428571428,simulada
29,0.09401709401709399,6.173469387755103,7.9714285714285715,simulada
199,0.36329238994293145,170.74872448979593,11.957142857142857,simulada
40,0.08122529644268772,10.381377551020407,9.542857142857143,simulada
121,0.1700885570800826,196.08673469387756,18.257142857142856,simulada
246,0.32332458700894323,284.4323979591837,13.885714285714286,simulada
155,0.3820481192532006,96.65816326530613,9.7,simulada
183,0.1641434917782599,513.8367346938775,18.52857142857143,simulada
54,0.16172335600907053,65.06122448979592,10.128571428571428,simulada
174,0.1173631518522014,470.39285714285717,31.042857142857144,simulada
203,0.34953897805352635,180.2487244897959,11.957142857142857,simulada
32,0.24974747474747477,12.137755102040815,5.3,simulada
55,0.23058905380333983,38.80102040816326,5.9714285714285715,simulada
98,0.23467441878712253,92.08673469387756,9.485714285714286,simulada
91,0.189496151996152,126.76530612244896,12.714285714285714,simulada
223,0.2470619405692693,716.2091836734693,17.585714285714285,simulada
135,0.19409831551668305,164.65816326530611,14.457142857142857,simulada
31,0.1096491228070175,8.709183673469388,5.8428571428571425,simulada
185,0.09852914310987937,314.5956632653061,33.871428571428574,simulada
217,0.23651765535327332,1581.9234693877552,26.214285714285715,simulada
232,0.3713227888621339,188.23852040816328,13.928571428571429,simulada
33,0.26,21.55102040816326,4.1,simulada
241,0.2405336323494074,1134.9323979591838,23.957142857142856,simulada
211,0.3654923697807053,235.96301020408166,11.628571428571428,simulada
56,0.4126957545378598,12.891581632653061,5.871428571428571,simulada
34,0.0853174603174603,12.167091836734693,7.728571428571429,simulada
225,0.3133024734173569,764.218112244898,12.242857142857142,simulada
162,0.059720898367687306,120.09566326530613,36.41428571428571,simulada
237,0.3522359719638598,186.27551020408163,13.757142857142858,simulada
27,0.301388888888889,12.301020408163266,4.357142857142857,simulada
210,0.33601398352374306,167.82015306122452,13.257142857142858,simulada
113,0.2063800540544729,147.62244897959184,12.3,simulada
215,0.37269056741265993,249.95408163265307,11.014285714285714,simulada
43,0.152473716759431,23.01530612244898,5.642857142857143,simulada
177,0.3817134362157847,141.17729591836735,10.185714285714285,simulada
244,0.37180077194408445,183.17729591836738,11.2,simulada
82,0.40754193773971475,21.95280612244898,6.7,simulada
191,0.35890184972555117,164.31122448979593,10.414285714285715,simulada
124,0.39822172982890963,40.71811224489796,8.142857142857142,simulada
195,0.08746672216140522,371.74872448979596,40.4,simulada
210,0.36874781719848154,185.10586734693877,11.5,simulada
102,0.38803783076228887,27.596938775510203,7.828571428571428,simulada
163,0.09044226435430147,100.56632653061224,33.02857142857143,simulada
149,0.16120096340141124,346.61607142857144,22.857142857142858,simulada
38,0.2576543209876543,10.02423469387755,5.8428571428571425,simulada
80,0.1246530989824237,52.59566326530612,13.728571428571428,simulada
187,0.09045673678938085,301.53443877551024,46.47142857142857,simulada
36,0.0591238471673254,5.38265306122449,11.471428571428572,simulada
201,0.3915581356466174,120.82015306122449,10.414285714285715,simulada
132,0.10920274170274187,71.58673469387755,20.67142857142857,simulada
86,0.3929142209550068,20.596938775510203,7.128571428571429,simulada
174,0.35057000698804464,200.9234693877551,10.6,simulada
239,0.32000907080856705,1167.3469387755101,14.057142857142857,simulada
191,0.3464647309212532,272.67729591836735,11.771428571428572,simulada
40,0.38480975723622785,10.63265306122449,4.642857142857143,simulada
66,0.12480052627111451,44.96301020408163,9.457142857142857,simulada
31,0.08112745098039212,6.357142857142857,5.6571428571428575,simulada
130,0.3257968107161653,130.23979591836735,8.657142857142857,simulada
58,0.18933316080055224,35.872448979591844,7.1,simulada
165,0.0827697262479871,165.28061224489792,29.1,simulada
226,0.3453540240075489,167.04464285714286,14.82857142857143,simulada
37,0.1307578586990352,11.738520408163264,7.257142857142857,simulada
215,0.1448691969355823,270.2448979591837,22.97142857142857,simulada
47,0.12318295739348366,16.116071428571427,9.67142857142857,simulada
195,0.3584260898861057,140.95280612244898,11.4,simulada
166,0.29355623875238246,249.71811224489798,13.6,simulada
239,0.3694557825027783,545.5956632653061,11.628571428571428,simulada
50,0.07233201581027668,8.693877551020408,12.357142857142858,simulada
153,0.14776231358538122,353.30994897959187,17.714285714285715,simulada
180,0.33116843138029695,487.1670918367346,9.057142857142857,simulada
72,0.10612824675324689,30.387755102040817,12.228571428571428,simulada
185,0.3323564081786159,113.10586734693878,13.857142857142858,simulada
189,0.37856045330143595,133.78954081632654,10.928571428571429,simulada
43,0.07410282953761212,8.758928571428571,13.528571428571428,simulada
174,0.1173631518522014,470.39285714285717,31.042857142857144,simulada
38,0.21905458089668614,14.908163265306124,4.514285714285714,simulada
226,0.1472763287360608,752.6875,32.72857142857143,simulada
227,0.32725005738781204,143.10204081632654,12.942857142857143,simulada
33,0.10238095238095236,8.566326530612246,6.328571428571428,simulada
219,0.10246220090852678,346.9183673469388,36.42857142857143,simulada
209,0.3496038590291214,167.67729591836732,13.085714285714285,simulada
157,0.3841140501722754,130.5969387755102,8.414285714285715,simulada
167,0.08263412957171673,298.60714285714283,30.8,simulada
212,0.35498759221393617,173.89158163265304,12.514285714285714,simulada
165,0.19471650123165235,176.46301020408163,19.2,simulada
28,0.451578947368421,5.7397959183673475,3.2142857142857144,simulada
216,0.0994069674096619,456.67729591836735,38.3,simulada
172,0.3610146851985992,166.17857142857142,10.971428571428572,simulada
53,0.0997289377289378,17.418367346938773,9.357142857142858,simulada
215,0.3581305943365145,177.38137755102042,11.928571428571429,simulada
192,0.3615474808250185,150.69387755102042,11.757142857142858,simulada
28,0.4538888888888889,5.173469387755103,3.1714285714285713,simulada
206,0.3760641022014684,244.46301020408166,10.67142857142857,simulada
150,0.06937002151287883,98.6875,22.228571428571428,simulada
50,0.08034537925842276,9.758928571428571,7.814285714285714,simulada
35,0.40040703781512615,11.443877551020408,4.5285714285714285,simulada
238,0.16979164544156172,811.6938775510205,27.385714285714286,simulada
77,0.2856776556776561,68.42857142857143,8.414285714285715,simulada
32,0.07076923076923082,9.204081632653061,9.82857142857143,simulada
44,0.2785087719298246,34.860969387755105,5.385714285714286,simulada
204,0.34667639510303183,217.67729591836738,10.9,simulada
216,0.0994069674096619,456.67729591836735,38.3,simulada
224,0.1283787152737009,592.1326530612245,35.0,simulada
145,0.35472281991512816,232.95408163265307,7.9714285714285715,simulada
153,0.3412777938943915,117.28061224489797,10.371428571428572,simulada
32,0.07128446115288219,8.534438775510203,9.857142857142858,simulada
202,0.0946252208089297,444.4642857142857,38.5,simulada
155,0.12495817327438354,177.59566326530611,18.442857142857143,simulada
105,0.09235796882855697,55.882653061224495,16.142857142857142,simulada
103,0.09422385790310293,74.17729591836735,19.457142857142856,simulada
40,0.10128446115288221,12.586734693877549,12.657142857142857,simulada
224,0.381128760205129,239.8201530612245,11.114285714285714,simulada
84,0.23651329177644972,118.5612244897959,9.114285714285714,simulada
31,0.1556372549019608,15.494897959183673,6.728571428571429,simulada
41,0.25735294117647056,18.45918367346939,3.942857142857143,simulada
146,0.07268604220659027,62.14668367346939,21.214285714285715,simulada
202,0.3698431715418844,182.21428571428572,10.471428571428572,simulada
150,0.21247658483683418,368.67729591836735,14.728571428571428,simulada
232,0.17945064010138057,876.3724489795919,24.042857142857144,simulada
165,0.0827697262479871,165.28061224489792,29.1,simulada
50,0.38747425078946823,7.248724489795919,5.4714285714285715,simulada
230,0.37362623325090055,227.71428571428572,12.742857142857142,simulada
210,0.3769520707053414,182.54464285714286,11.442857142857143,simulada
226,0.1472763287360607,752.6875,32.72857142857143,simulada
37,0.08678571428571427,9.59566326530612,8.357142857142858,simulada
66,0.08895758303321334,22.872448979591837,17.15714285714286,simulada
28,0.451578947368421,5.7397959183673475,3.2142857142857144,simulada
145,0.21496512145862684,416.51530612244903,14.528571428571428,simulada
134,0.06195026046884424,124.28061224489797,34.25714285714286,simulada
184,0.3800858185814558,106.1670918367347,10.114285714285714,simulada
165,0.19471650123165235,176.46301020408163,19.2,simulada
221,0.27834891005782814,2151.6466836734694,16.728571428571428,simulada
129,0.07710665863567645,77.75892857142857,21.285714285714285,simulada
183,0.07152784498164455,209.00382653061226,28.985714285714284,simulada
53,0.085249042145594,18.677295918367346,14.67142857142857,simulada
116,0.39076706457494553,75.52423469387756,7.485714285714286,simulada
34,0.050094966761633414,5.816326530612245,15.985714285714286,simulada
28,0.45535714285714285,12.816326530612246,3.242857142857143,simulada
197,0.3670646447960582,123.95408163265306,11.471428571428572,simulada
40,0.06921182266009854,8.78061224489796,10.457142857142857,simulada
177,0.06359396634760088,161.78571428571428,29.042857142857144,simulada
200,0.0822457849573207,228.71428571428572,41.72857142857143,simulada
53,0.23152173913043492,35.17729591836734,5.257142857142857,simulada
31,0.0945238095238095,5.605867346938775,8.657142857142857,simulada
47,0.08807319223985899,17.872448979591837,10.17142857142857,simulada
194,0.366402521984952,209.47321428571428,9.342857142857143,simulada
48,0.19613997113997142,22.391581632653065,8.257142857142858,simulada
185,0.33992589906225,140.60714285714286,12.32857142857143,simulada
53,0.085249042145594,18.677295918367346,14.67142857142857,simulada
173,0.3374431076701452,128.45280612244898,12.114285714285714,simulada
189,0.0931088288353717,294.06632653061223,35.68571428571428,simulada
206,0.2592467988724664,1347.6160714285713,17.642857142857142,simulada
49,0.06944444444444445,8.51530612244898,8.885714285714286,simulada
167,0.08263412957171673,298.60714285714283,30.8,simulada
86,0.36909362185419975,49.423469387755105,7.514285714285714,simulada
44,0.3748524623524624,13.463010204081632,5.457142857142857,simulada
166,0.29355623875238246,249.71811224489798,13.6,simulada
195,0.08170522311390674,291.92857142857144,35.31428571428572,simulada
60,0.11176470588235286,39.67857142857143,14.857142857142858,simulada
91,0.37390951439864434,85.59693877551021,6.828571428571428,simulada
125,0.3738663314295966,73.13265306122449,8.585714285714285,simulada
81,0.40957820375113607,22.891581632653065,6.414285714285715,simulada
155,0.1106410056620445,263.56632653061223,23.885714285714286,simulada
151,0.3585953604067153,87.28954081632652,9.942857142857143,simulada
61,0.3500000000000001,60.382653061224495,5.414285714285715,simulada
179,0.18438580588226172,552.7589285714286,25.7,simulada
191,0.1600887774932606,644.6160714285714,22.9,simulada
39,0.15088522588522588,9.357142857142858,7.114285714285714,simulada
133,0.3970310685249711,273.41836734693874,7.114285714285714,simulada
125,0.37291019581646123,68.30994897959184,8.228571428571428,simulada
152,0.30581655125680335,344.06632653061223,8.8,simulada
101,0.20990617569564932,117.78061224489797,10.542857142857143,simulada
56,0.20876858648597793,37.423469387755105,6.5285714285714285,simulada
177,0.37533746083194286,93.02423469387756,9.514285714285714,simulada
137,0.3866359395964654,60.820153061224495,8.628571428571428,simulada
42,0.4262007833436404,6.13265306122449,4.3,simulada
30,0.3150691900691901,7.524234693877551,4.642857142857143,simulada
71,0.4440853264382671,34.392857142857146,4.628571428571429,simulada
172,0.12383808587725689,135.00382653061223,19.9,simulada
48,0.4482748538011695,16.19387755102041,3.914285714285714,simulada
189,0.14230841889528817,302.38137755102036,25.485714285714284,simulada
225,0.37387584896525555,344.56122448979596,10.014285714285714,simulada
32,0.07128446115288219,8.534438775510203,9.857142857142858,simulada
129,0.297841553287982,150.81632653061226,11.928571428571429,simulada
204,0.34981921528774074,173.6670918367347,11.557142857142857,simulada
145,0.35939412802157783,86.8813775510204,10.257142857142858,simulada
204,0.1106270277644299,540.7487244897959,33.65714285714286,simulada
185,0.09852914310987937,314.5956632653061,33.871428571428574,simulada
167,0.13647668133323848,123.17346938775509,18.12857142857143,simulada
152,0.3787222013225534,110.71811224489795,8.7,simulada
217,0.18228680370056863,1116.6772959183675,23.385714285714286,simulada
182,0.37163759918652123,96.27551020408164,11.6,simulada
207,0.34304755910610907,183.59566326530611,13.471428571428572,simulada
205,0.3493348251265928,234.71811224489798,11.971428571428572,simulada
149,0.3777426006244787,123.59566326530613,8.142857142857142,simulada
43,0.09920512820512836,18.44387755102041,13.085714285714285,simulada
48,0.4482748538011695,16.19387755102041,3.914285714285714,simulada
74,0.14708747135217717,50.382653061224495,13.042857142857143,simulada
185,0.08702663361788261,406.65816326530614,30.514285714285716,simulada
68,0.06600796863954764,28.765306122448976,12.357142857142858,simulada
71,0.4066299620338329,44.81122448979592,6.2,simulada
238,0.3896882559201418,189.08673469387756,11.442857142857143,simulada
85,0.33942924308878253,33.0969387755102,7.871428571428571,simulada
149,0.2289536751347346,235.89158163265307,10.885714285714286,simulada
118,0.1393109668109667,64.63775510204081,16.65714285714286,simulada
83,0.07738724453840734,34.75892857142857,19.785714285714285,simulada
159,0.3345118418775542,92.95280612244899,12.2,simulada
165,0.19471650123165235,176.46301020408163,19.2,simulada
73,0.15386851710381105,47.94387755102041,12.728571428571428,simulada
136,0.07169457526600397,109.02423469387757,17.15714285714286,simulada
40,0.08122529644268772,10.381377551020407,9.542857142857143,simulada
34,0.07555555555555557,5.3520408163265305,7.571428571428571,simulada
234,0.22937050177154256,1110.1224489795918,24.985714285714284,simulada
27,0.3121212121212121,14.33673469387755,4.171428571428572,simulada
29,0.12316849816849818,5.744897959183674,11.014285714285714,simulada
42,0.08950000000000008,15.443877551020407,9.085714285714285,simulada
94,0.10342687074829904,64.95280612244898,14.485714285714286,simulada
242,0.36346366192060287,290.74872448979596,12.428571428571429,simulada
30,0.23869047619047618,12.316326530612244,4.414285714285715,simulada
142,0.38885329485329445,59.72959183673469,8.542857142857143,simulada
134,0.3688350672779732,172.1058673469388,8.685714285714285,simulada
99,0.18999194847020986,117.60204081632652,8.485714285714286,simulada
62,0.33951589182681624,31.544642857142858,6.985714285714286,simulada
173,0.3374431076701452,128.45280612244898,12.114285714285714,simulada
216,0.36899069266280354,220.09566326530611,11.928571428571429,simulada
32,0.12708333333333335,9.744897959183675,5.642857142857143,simulada
47,0.3833634330925353,13.744897959183675,4.828571428571428,simulada
237,0.29506430615588897,1146.9234693877552,15.257142857142858,simulada
25,0.12683150183150182,4.964285714285714,5.9714285714285715,simulada
120,0.1363534219658005,149.53443877551018,12.571428571428571,simulada
191,0.3660789001101856,157.5752551020408,11.0,simulada
159,0.35732588929490866,68.6875,10.985714285714286,simulada
172,0.2263275233760325,275.7487244897959,17.085714285714285,simulada
37,0.1307578586990352,11.738520408163264,7.257142857142857,simulada
202,0.3641626769916241,188.75892857142858,11.314285714285715,simulada
68,0.16990005878894784,28.881377551020403,10.742857142857142,simulada
211,0.3671260442988198,186.19387755102042,10.557142857142857,simulada
195,0.09987832385791444,626.2091836734693,32.3,simulada
246,0.3645128368393868,181.23852040816328,13.742857142857142,simulada
40,0.08122529644268772,10.381377551020407,9.542857142857143,simulada
171,0.20682884599622778,447.59693877551024,18.442857142857143,simulada
215,0.3581305943365145,177.38137755102042,11.928571428571429,simulada
142,0.36875071053315484,93.10204081632652,9.514285714285714,simulada
194,0.13394376156901858,359.59693877551024,31.228571428571428,simulada
50,0.12963821892393332,16.066326530612244,10.071428571428571,simulada
28,0.08000700280112047,3.9017857142857144,6.8,simulada
124,0.35003306878306983,182.13265306122452,9.885714285714286,simulada
181,0.1121267375381293,190.78954081632654,26.042857142857144,simulada
170,0.3249590713986071,66.90816326530611,12.857142857142858,simulada
58,0.0748924731182796,14.27551020408163,11.814285714285715,simulada
168,0.164019186139002,239.53443877551018,17.271428571428572,simulada
121,0.3730510882291026,50.59566326530612,9.442857142857143,simulada
214,0.2797756191572253,323.6466836734694,15.4,simulada
224,0.2668417634899823,620.5357142857143,15.9,simulada
39,0.41898496240601507,6.8520408163265305,4.771428571428571,simulada
145,0.3796458782027327,89.30994897959184,8.471428571428572,simulada
184,0.06493768564972306,131.90178571428572,44.44285714285714,simulada
181,0.38713389254337266,156.54464285714286,9.614285714285714,simulada
228,0.3726765497564329,187.21811224489798,12.771428571428572,simulada
183,0.3887205381925275,126.35204081632654,9.914285714285715,simulada
32,0.07056530214424947,7.8609693877551035,16.214285714285715,simulada
39,0.1610969387755103,20.809948979591837,7.7,simulada
45,0.2742673992673996,65.77551020408163,7.128571428571429,simulada
169,0.13492967470240175,132.87244897959184,34.41428571428571,simulada
222,0.37352598763571776,175.59693877551018,11.357142857142858,simulada
168,0.36374262194607654,119.05102040816327,9.957142857142857,simulada
215,0.27948238833394223,324.6466836734694,15.357142857142858,simulada
165,0.19471650123165235,176.46301020408163,19.2,simulada
130,0.39172519943649964,80.43239795918369,8.014285714285714,simulada
43,0.09453514739229033,8.846938775510203,12.428571428571429,simulada
149,0.3777426006244787,123.59566326530613,8.142857142857142,simulada
226,0.3453540240075489,167.04464285714286,14.82857142857143,simulada
167,0.07546327111702773,177.37244897959184,29.02857142857143,simulada
237,0.29506430615588897,1146.9234693877552,15.257142857142858,simulada
33,0.125,9.071428571428571,5.542857142857143,simulada
249,0.35254094428656574,369.28061224489795,13.2,simulada
28,0.451578947368421,5.7397959183673475,3.2142857142857144,simulada
249,0.35254094428656574,369.28061224489795,13.2,simulada
53,0.33105783105783093,27.454081632653065,5.442857142857143,simulada
179,0.16743664191184998,868.3163265306123,31.285714285714285,simulada
91,0.189496151996152,126.76530612244896,12.714285714285714,simulada
66,0.15478225478225474,36.932397959183675,12.214285714285714,simulada
130,0.1144711105482382,93.78061224489797,23.47142857142857,simulada
125,0.11418279959263519,111.74489795918369,16.785714285714285,simulada
54,0.4288888888888884,45.38775510204082,4.271428571428571,simulada
189,0.36726840778698294,141.17729591836735,11.314285714285715,simulada
200,0.0822457849573207,228.71428571428572,41.72857142857143,simulada
130,0.2953605017505577,73.35204081632654,13.4,simulada
190,0.3356650192471131,198.87244897959184,12.514285714285714,simulada
209,0.2134207346260923,936.7295918367346,24.942857142857143,simulada
185,0.07523446513108152,221.1326530612245,40.42857142857143,simulada
249,0.35254094428656574,369.28061224489795,13.2,simulada
173,0.34674606398732405,187.35204081632654,11.9,simulada
169,0.09024344365577991,162.28954081632654,22.785714285714285,simulada
52,0.4066666666666666,42.77551020408163,4.357142857142857,simulada
177,0.19121128871128926,284.452806122449,18.857142857142858,simulada
38,0.3087662337662337,17.534438775510207,5.385714285714286,simulada
209,0.3496038590291214,167.67729591836732,13.085714285714285,simulada
40,0.06459359605911323,12.177295918367347,10.071428571428571,simulada
224,0.381128760205129,239.8201530612245,11.114285714285714,simulada
224,0.36256159320897435,221.87244897959184,12.614285714285714,simulada
196,0.09752269317644843,249.69387755102042,35.0,simulada
130,0.2160348188478856,228.03061224489792,14.32857142857143,simulada
186,0.3001385338210853,377.50382653061223,13.185714285714285,simulada
163,0.37459506741058324,142.01530612244898,10.17142857142857,simulada
211,0.34712511220751313,202.10204081632654,12.014285714285714,simulada
169,0.13492967470240175,132.87244897959184,34.41428571428571,simulada
244,0.3562393565074519,366.11607142857144,12.82857142857143,simulada
195,0.3584260898861057,140.95280612244898,11.4,simulada
28,0.4538888888888889,5.173469387755103,3.1714285714285713,simulada
38,0.11146825396825395,12.311224489795919,9.928571428571429,simulada
218,0.31237426168301635,507.92346938775506,12.785714285714286,simulada
66,0.12480052627111451,44.96301020408163,9.457142857142857,simulada
201,0.31749320131313064,228.30994897959184,12.571428571428571,simulada
142,0.38885329485329445,59.72959183673469,8.542857142857143,simulada
206,0.16798873387145588,1063.1160714285713,25.014285714285716,simulada
49,0.09492307692307703,15.58673469387755,13.9,simulada
160,0.36251312657422186,104.17729591836735,10.428571428571429,simulada
55,0.16715388007054674,49.66836734693877,12.957142857142857,simulada
97,0.35796721394547465,84.13775510204081,7.171428571428572,simulada
109,0.3654129236685861,44.23979591836735,8.957142857142857,simulada
200,0.314435976689057,172.1670918367347,13.071428571428571,simulada
29,0.3580707282913165,6.551020408163265,4.3,simulada
81,0.40957820375113607,22.891581632653065,6.414285714285715,simulada
84,0.141571497285783,50.60586734693877,17.142857142857142,simulada
165,0.0772609780289144,163.88137755102042,27.4,simulada
61,0.09297052154194996,26.479591836734695,7.5,simulada
170,0.11200244758927004,229.3520408163265,25.557142857142857,simulada
156,0.3499368684053975,120.1938775510204,10.271428571428572,simulada
166,0.2932462213712216,294.0255102040816,12.385714285714286,simulada
32,0.07056530214424947,7.8609693877551035,16.214285714285715,simulada
177,0.37939219073119934,166.99489795918367,9.485714285714286,simulada
51,0.12335843169176505,26.38137755102041,7.014285714285714,simulada
96,0.1286533142783144,85.52423469387756,14.885714285714286,simulada
217,0.23651765535327332,1581.9234693877552,26.214285714285715,simulada
28,0.457983193277311,12.408163265306124,3.2,simulada
213,0.37925988150536455,207.8469387755102,10.185714285714285,simulada
200,0.3731372533824638,124.28061224489797,11.114285714285714,simulada
130,0.2160348188478856,228.03061224489792,14.32857142857143,simulada
59,0.09729487179487184,18.066326530612244,6.685714285714286,simulada
44,0.10361111111111107,11.454081632653061,7.385714285714286,simulada
239,0.32000907080856705,1167.3469387755101,14.057142857142857,simulada
112,0.3610868749413637,66.03061224489797,8.442857142857143,simulada
217,0.23651765535327332,1581.9234693877552,26.214285714285715,simulada
203,0.16728293402429384,1006.7589285714286,25.614285714285714,simulada
32,0.44957983193277323,11.83673469387755,3.257142857142857,simulada
55,0.16715388007054674,49.66836734693877,12.957142857142857,simulada
28,0.451578947368421,5.7397959183673475,3.2142857142857144,simulada
30,0.10774853801169591,8.596938775510203,7.542857142857143,simulada
144,0.18697932657374122,146.21811224489798,11.957142857142857,simulada
31,0.1096491228070175,8.709183673469388,5.8428571428571425,simulada
129,0.11857145914349325,113.9438775510204,29.314285714285713,simulada
246,0.387332520810535,187.4183673469388,11.757142857142858,simulada
59,0.1536043956043956,30.381377551020403,12.128571428571428,simulada
218,0.34256665265599073,152.17729591836732,13.285714285714286,simulada
249,0.37832995777686196,195.39158163265304,12.528571428571428,simulada
145,0.3700942840530937,48.173469387755105,9.7,simulada
204,0.09394772532320964,426.53443877551024,37.81428571428572,simulada
56,0.10845648604269299,19.122448979591837,9.728571428571428,simulada
49,0.05956625074272135,12.146683673469386,13.6,simulada
206,0.12145825879813305,430.0357142857143,40.48571428571429,simulada
166,0.22605211955621723,342.6683673469388,13.957142857142857,simulada
77,0.2856776556776561,68.42857142857143,8.414285714285715,simulada
36,0.19408686551543697,13.428571428571429,5.042857142857143,simulada
172,0.19110695335583744,269.53061224489795,18.3,simulada
166,0.3063229792376456,468.2755102040816,13.242857142857142,simulada
112,0.4018436614411842,62.60204081632653,6.2,simulada
151,0.35441071493703163,202.6377551020408,8.414285714285715,simulada
36,0.07976190476190474,6.758928571428571,8.585714285714285,simulada
34,0.4523809523809524,11.26530612244898,3.4571428571428573,simulada
43,0.07410282953761212,8.758928571428571,13.528571428571428,simulada
51,0.2994107744107744,35.53061224489796,6.257142857142857,simulada
213,0.36790092526841656,272.6683673469388,10.928571428571429,simulada
208,0.1871171251609005,511.1326530612245,20.82857142857143,simulada
184,0.06493768564972306,131.90178571428572,44.44285714285714,simulada
64,0.08506750871080132,33.673469387755105,13.285714285714286,simulada
28,0.25227272727272737,10.301020408163266,4.557142857142857,simulada
43,0.09453514739229033,8.846938775510203,12.428571428571429,simulada
228,0.09976525024562248,300.73852040816325,35.614285714285714,simulada
81,0.39421212344586937,37.357142857142854,6.371428571428571,simulada
191,0.08003057266450046,152.8826530612245,42.357142857142854,simulada
66,0.2694207848428625,51.59566326530612,7.042857142857143,simulada
80,0.07048257786000627,31.320153061224488,20.857142857142858,simulada
125,0.37877141421674665,49.1875,7.185714285714286,simulada
196,0.2786401098901095,347.34693877551024,15.071428571428571,simulada
128,0.3665074926718482,57.73852040816326,8.528571428571428,simulada
185,0.3323564081786159,113.10586734693878,13.857142857142858,simulada
227,0.32725005738781204,143.10204081632654,12.942857142857143,simulada
223,0.36700170755903416,252.67729591836732,11.757142857142858,simulada
113,0.3866730847500076,117.17729591836735,7.185714285714286,simulada
197,0.18054399763975149,468.98979591836735,21.057142857142857,simulada
230,0.370288309646252,167.23852040816328,11.914285714285715,simulada
146,0.08388125036723622,93.9438775510204,27.071428571428573,simulada
154,0.1989897463720827,317.76530612244903,17.085714285714285,simulada
174,0.35057000698804464,200.9234693877551,10.6,simulada
232,0.3713227888621339,188.23852040816328,13.928571428571429,simulada
73,0.20174844629209732,53.035714285714285,10.17142857142857,simulada
62,0.3870525988173047,36.12244897959184,6.057142857142857,simulada
33,0.0517543859649123,3.6058673469387754,11.2,simulada
107,0.054842300556586204,23.95280612244898,26.62857142857143,simulada
74,0.2267082590612004,70.13265306122449,8.642857142857142,simulada
61,0.3500000000000001,60.382653061224495,5.414285714285715,simulada
199,0.3266641830435216,88.14668367346938,12.885714285714286,simulada
199,0.07946387989505795,248.50382653061226,42.72857142857143,simulada
189,0.36726840778698294,141.17729591836735,11.314285714285715,simulada
27,0.3121212121212121,14.33673469387755,4.171428571428572,simulada
225,0.3133024734173569,764.218112244898,12.242857142857142,simulada
39,0.29411764705882343,39.535714285714285,4.942857142857143,simulada
172,0.3610146851985992,166.17857142857142,10.971428571428572,simulada
218,0.31237426168301635,507.92346938775506,12.785714285714286,simulada
132,0.3838089756820403,99.03443877551021,7.957142857142857,simulada
90,0.2755350844041314,142.10586734693877,10.714285714285714,simulada
214,0.09901984599413396,455.015306122449,35.27142857142857,simulada
32,0.44957983193277323,11.83673469387755,3.257142857142857,simulada
230,0.3501634031828274,178.3112244897959,12.5,simulada
71,0.08777169404347089,29.642857142857142,10.1,simulada
80,0.07048257786000627,31.320153061224488,20.857142857142858,simulada
227,0.14857995320376166,639.6377551020408,25.614285714285714,simulada
25,0.2369047619047619,6.423469387755101,4.185714285714286,simulada
145,0.05671920928865371,55.336734693877546,33.27142857142857,simulada
26,0.4340659340659342,12.489795918367347,3.3285714285714287,simulada
176,0.11951408726306813,374.5255102040816,19.114285714285714,simulada
182,0.37250987949984843,74.74489795918366,11.242857142857142,simulada
234,0.3314374497434989,313.7142857142857,13.571428571428571,simulada
224,0.22422935213827652,783.8469387755102,22.314285714285713,simulada
52,0.42074592074592054,26.102040816326532,4.228571428571429,simulada
38,0.3439393939393939,22.667091836734695,4.9714285714285715,simulada
246,0.17607549439784034,1065.1772959183672,28.9,simulada
25,0.3181818181818183,12.551020408163266,3.4714285714285715,simulada
226,0.2839800241427876,1188.0956632653063,14.82857142857143,simulada
215,0.37269056741265993,249.95408163265307,11.014285714285714,simulada
28,0.07705314009661839,8.964285714285714,8.457142857142857,simulada
30,0.3150691900691901,7.524234693877551,4.642857142857143,simulada
92,0.11240528731817895,54.60586734693878,17.442857142857143,simulada
188,0.07747459301962209,249.2295918367347,32.08571428571429,simulada
210,0.35489609210493334,103.28954081632652,12.185714285714285,simulada
212,0.16098226529072812,535.3609693877551,28.2,simulada
113,0.1388376764847352,105.0344387755102,26.785714285714285,simulada
221,0.13369516302204018,698.7181122448981,28.62857142857143,simulada
183,0.09047733790100328,417.9591836734694,29.17142857142857,simulada
194,0.32716973718755643,204.35714285714286,13.914285714285715,simulada
42,0.2838391766963196,20.044642857142858,5.4714285714285715,simulada
174,0.35096604434268003,108.20918367346938,10.414285714285715,simulada
225,0.11199849768551651,520.7755102040817,34.68571428571428,simulada
54,0.04089381720430108,8.316326530612246,16.242857142857144,simulada
235,0.2971260862753682,763.5,11.885714285714286,simulada
48,0.09849415204678359,15.158163265306124,9.928571428571429,simulada
237,0.3208973939658502,204.58673469387756,14.057142857142857,simulada
56,0.10845648604269299,19.122448979591837,9.728571428571428,simulada
168,0.354015115547623,186.26530612244898,11.428571428571429,simulada
150,0.06937002151287883,98.6875,22.228571428571428,simulada
232,0.34640574754399983,189.55102040816328,14.114285714285714,simulada
186,0.3581550644601179,92.56122448979592,12.471428571428572,simulada
54,0.11881519274376424,14.561224489795917,10.7,simulada
37,0.25816498316498315,17.668367346938776,6.314285714285714,simulada
112,0.3779143714902228,67.10204081632654,6.985714285714286,simulada
74,0.09970012626262637,27.973214285714285,14.185714285714285,simulada
185,0.3860806364012911,124.83673469387756,10.457142857142857,simulada
66,0.3902414235231571,22.248724489795922,5.457142857142857,simulada
231,0.3545227757954237,127.41836734693878,14.014285714285714,simulada
98,0.23467441878712253,92.08673469387756,9.485714285714286,simulada
182,0.3891085069666549,112.93239795918366,8.3,simulada
179,0.3626646041647268,106.95280612244899,11.771428571428572,simulada
112,0.31036682615629996,194.03571428571428,9.014285714285714,simulada
58,0.08086770981507818,23.177295918367346,9.514285714285714,simulada
225,0.11199849768551651,520.7755102040817,34.68571428571428,simulada
90,0.24286359530262028,142.4795918367347,10.142857142857142,simulada
249,0.3471793416080785,291.61607142857144,13.214285714285714,simulada
226,0.3453540240075489,167.04464285714286,14.82857142857143,simulada
242,0.357851167297866,212.01530612244898,14.214285714285714,simulada
44,0.41315789473684206,9.158163265306124,4.714285714285714,simulada
195,0.08170522311390674,291.92857142857144,35.31428571428572,simulada
228,0.12407455736418918,668.5242346938775,40.77142857142857,simulada
201,0.11259261810019293,343.59693877551024,27.84285714285714,simulada
208,0.36646997927912606,217.8112244897959,11.014285714285714,simulada
96,0.3988805545795045,25.32015306122449,7.271428571428571,simulada
248,0.2822941658567485,264.73852040816325,16.942857142857143,simulada
69,0.1033298097251586,37.78061224489796,11.285714285714286,simulada
234,0.22937050177154256,1110.1224489795918,24.985714285714284,simulada
74,0.15056483614951371,36.64668367346939,12.142857142857142,simulada
143,0.2637797322934515,168.99489795918367,12.014285714285714,simulada
214,0.17278703558823913,353.8724489795918,25.4,simulada
213,0.36790092526841656,272.6683673469388,10.928571428571429,simulada
193,0.11114148387949246,416.0306122448979,34.55714285714286,simulada
167,0.07056481481481434,94.96301020408164,30.32857142857143,simulada
54,0.2963095238095239,28.30102040816326,6.085714285714285,simulada
217,0.18228680370056863,1116.6772959183675,23.385714285714286,simulada
71,0.3931071989710434,18.6875,6.314285714285714,simulada
190,0.16577249378973247,580.6875,30.414285714285715,simulada
62,0.3870525988173047,36.12244897959184,6.057142857142857,simulada
53,0.085249042145594,18.677295918367346,14.67142857142857,simulada
196,0.3646374946847494,154.48979591836732,11.67142857142857,simulada
124,0.3918837355454997,94.59693877551021,7.085714285714285,simulada
242,0.36346366192060287,290.74872448979596,12.428571428571429,simulada
166,0.2932462213712216,294.0255102040816,12.385714285714286,simulada
118,0.1393109668109667,64.63775510204081,16.65714285714286,simulada
117,0.3230764999441368,59.107142857142854,9.557142857142857,simulada
37,0.0753795721187026,12.392857142857142,12.814285714285715,simulada
57,0.4061509165069537,12.452806122448978,5.642857142857143,simulada
56,0.10845648604269299,19.122448979591837,9.728571428571428,simulada
28,0.451578947368421,5.7397959183673475,3.2142857142857144,simulada
26,0.4340659340659342,12.489795918367347,3.3285714285714287,simulada
54,0.12968253968253987,35.64668367346939,9.271428571428572,simulada
203,0.28017204068486307,832.908163265306,12.728571428571428,simulada
116,0.17301921208454718,195.30994897959184,13.742857142857142,simulada
128,0.3829446459551104,55.03061224489796,8.271428571428572,simulada
71,0.40042735042735045,18.534438775510203,6.414285714285715,simulada
234,0.3164340697548943,107.1938775510204,13.871428571428572,simulada
117,0.18495936656369197,146.95280612244898,12.714285714285714,simulada
177,0.06937042124542125,162.71811224489798,28.457142857142856,simulada
123,0.24559468309468283,153.38137755102042,10.042857142857143,simulada
58,0.3871304290947147,31.748724489795915,5.5,simulada
67,0.39654589906137877,16.586734693877553,5.8,simulada
215,0.3618460882244925,201.69387755102042,11.471428571428572,simulada
61,0.2699853801169592,39.95280612244898,8.771428571428572,simulada
161,0.1416379840560169,155.33673469387756,24.3,simulada
42,0.4285244360902256,9.677295918367347,4.314285714285714,simulada
43,0.3802513227513229,17.43239795918367,4.514285714285714,simulada
248,0.3808501988313119,211.05102040816328,12.1,simulada
96,0.382139425182735,30.8609693877551,7.371428571428571,simulada
155,0.09070426065162901,109.74872448979592,22.571428571428573,simulada
61,0.3500000000000001,60.382653061224495,5.414285714285715,simulada
173,0.2365526913173967,212.09566326530611,17.17142857142857,simulada
204,0.10049993250476842,398.5,34.885714285714286,simulada
162,0.1176169749317899,202.5,21.84285714285714,simulada
173,0.2365526913173967,212.09566326530611,17.17142857142857,simulada
29,0.44642857142857145,12.244897959183675,3.3714285714285714,simulada
176,0.11951408726306813,374.5255102040816,19.114285714285714,simulada
200,0.3232850542850525,751.5306122448981,9.2,simulada
41,0.30242003367003356,18.28061224489796,5.628571428571429,simulada
201,0.3915581356466174,120.82015306122449,10.414285714285715,simulada
142,0.3813452921347659,69.1938775510204,7.114285714285714,simulada
32,0.3376623376623376,17.428571428571427,4.457142857142857,simulada
209,0.3705000246733848,176.7091836734694,12.257142857142858,simulada
61,0.09297052154194996,26.479591836734695,7.5,simulada
249,0.1312850060915918,484.21811224489795,36.128571428571426,simulada
36,0.45096491228070174,5.908163265306122,3.357142857142857,simulada
236,0.2501632876498727,1546.9591836734694,16.142857142857142,simulada
181,0.38713389254337266,156.54464285714286,9.614285714285714,simulada
51,0.12335843169176505,26.38137755102041,7.014285714285714,simulada
44,0.2785087719298246,34.860969387755105,5.385714285714286,simulada
181,0.38713389254337266,156.54464285714286,9.614285714285714,simulada
46,0.039417989417989456,8.168367346938776,13.757142857142858,simulada
196,0.38097141372764637,136.1466836734694,11.214285714285714,simulada
47,0.3833634330925353,13.744897959183675,4.828571428571428,simulada
78,0.08451178451178452,34.10586734693878,18.17142857142857,simulada
107,0.11252631578947374,132.33673469387756,10.3,simulada
165,0.0827697262479871,165.28061224489792,29.1,simulada
38,0.3439393939393939,22.667091836734695,4.9714285714285715,simulada
34,0.050094966761633414,5.816326530612245,15.985714285714286,simulada
66,0.09505997474747482,23.602040816326532,16.557142857142857,simulada
243,0.35736309110282677,481.73979591836735,11.82857142857143,simulada
143,0.2637797322934515,168.99489795918367,12.014285714285714,simulada
71,0.09388308168795977,33.57525510204081,16.557142857142857,simulada
176,0.23440539161693044,275.8609693877551,15.228571428571428,simulada
200,0.39773165167902125,144.93239795918367,10.657142857142857,simulada
235,0.34505588353299194,174.87244897959184,13.985714285714286,simulada
45,0.3288194444444444,43.09566326530613,5.714285714285714,simulada
60,0.19072971781305118,45.40816326530612,8.542857142857143,simulada
199,0.07946387989505795,248.50382653061226,42.72857142857143,simulada
131,0.39717662373684803,53.382653061224495,8.514285714285714,simulada
183,0.07152784498164455,209.00382653061226,28.985714285714284,simulada
85,0.24738372093023359,116.11607142857143,8.371428571428572,simulada
69,0.1033298097251586,37.78061224489796,11.285714285714286,simulada
37,0.14962018140589584,20.605867346938776,11.114285714285714,simulada
197,0.1657167518013475,202.24872448979593,25.271428571428572,simulada
130,0.39172519943649964,80.43239795918369,8.014285714285714,simulada
123,0.22490223142397076,293.1224489795918,13.4,simulada
199,0.36329238994293145,170.74872448979593,11.957142857142857,simulada
229,0.3541525929238194,181.03443877551018,13.32857142857143,simulada
216,0.38041404281010777,308.4183673469388,10.685714285714285,simulada
123,0.14195286195286205,73.1466836734694,14.071428571428571,simulada
209,0.2271183463640464,713.718112244898,15.157142857142857,simulada
28,0.4538888888888889,5.173469387755103,3.1714285714285713,simulada
99,0.18999194847020986,117.60204081632652,8.485714285714286,simulada
76,0.3269230769230768,97.94387755102039,6.714285714285714,simulada
59,0.28798615405758243,49.92857142857143,6.685714285714286,simulada
69,0.14538474810213947,31.28061224489796,12.742857142857142,simulada
163,0.2652523434047291,693.1938775510205,14.32857142857143,simulada
167,0.08701004211208263,177.91836734693877,26.4,simulada
161,0.12215196362232762,675.6466836734693,26.514285714285716,simulada
145,0.3205657063806471,99.02423469387756,11.17142857142857,simulada
226,0.1472763287360607,752.6875,32.72857142857143,simulada
218,0.34256665265599073,152.17729591836732,13.285714285714286,simulada
171,0.32786575395270934,154.0752551020408,11.67142857142857,simulada
48,0.4210144096625004,12.718112244897958,4.957142857142857,simulada
70,0.2461901326187046,113.95280612244899,10.942857142857143,simulada
29,0.09238473167044596,6.258928571428571,7.371428571428571,simulada
88,0.16202380952380915,58.13265306122448,8.8,simulada
112,0.4018436614411842,62.60204081632653,6.2,simulada
138,0.26606720024989233,162.53443877551018,12.028571428571428,simulada
112,0.3779143714902228,67.10204081632654,6.985714285714286,simulada
134,0.3688350672779732,172.1058673469388,8.685714285714285,simulada
50,0.12963821892393332,16.066326530612244,10.071428571428571,simulada
223,0.1451041914863804,463.28954081632656,30.042857142857144,simulada
191,0.10770639293366614,334.452806122449,30.942857142857143,simulada
197,0.07545435885953312,216.03061224489798,46.3,simulada
160,0.35283650578633957,65.07525510204081,11.742857142857142,simulada
166,0.22605211955621723,342.6683673469388,13.957142857142857,simulada
130,0.2953605017505577,73.35204081632654,13.4,simulada
183,0.09047733790100328,417.9591836734694,29.17142857142857,simulada
152,0.3862130884060706,71.06122448979592,9.028571428571428,simulada
241,0.29263146794725514,639.7589285714286,15.842857142857143,simulada
246,0.32332458700894323,284.4323979591837,13.885714285714286,simulada
25,0.12683150183150182,4.964285714285714,5.9714285714285715,simulada
165,0.21614140778372173,283.16836734693874,13.571428571428571,simulada
152,0.30581655125680335,344.06632653061223,8.8,simulada
33,0.26,21.55102040816326,4.1,simulada
187,0.09045673678938085,301.53443877551024,46.47142857142857,simulada
173,0.2280980130980139,352.1466836734694,14.357142857142858,simulada
32,0.07128446115288219,8.534438775510203,9.857142857142858,simulada
66,0.2694207848428625,51.59566326530612,7.042857142857143,simulada
241,0.29263146794725514,639.7589285714286,15.842857142857143,simulada
246,0.29763419338325436,921.2857142857143,13.985714285714286,simulada
155,0.09133054483054572,115.45918367346938,24.985714285714284,simulada
25,0.0784313725490196,3.607142857142857,4.828571428571428,simulada
230,0.21861282309010985,810.9642857142857,20.15714285714286,simulada
186,0.3543375941338045,160.1466836734694,11.228571428571428,simulada
170,0.22378999446668565,485.3724489795918,12.6,simulada
85,0.18481207808794045,59.464285714285715,10.528571428571428,simulada
223,0.2848858052321246,1104.1772959183675,13.871428571428572,simulada
177,0.08361905122956009,171.44387755102042,36.9,simulada
113,0.3888373827791985,86.82015306122449,7.714285714285714,simulada
176,0.3783601087493819,129.45280612244898,9.957142857142857,simulada
183,0.33344882881296595,225.6466836734694,12.585714285714285,simulada
31,0.11666666666666665,10.718112244897958,7.9714285714285715,simulada
31,0.08112745098039212,6.357142857142857,5.6571428571428575,simulada
27,0.04603174603174603,3.4323979591836733,10.714285714285714,simulada
54,0.16172335600907053,65.06122448979592,10.128571428571428,simulada
33,0.07415552427867711,14.88265306122449,7.771428571428571,simulada
173,0.36709484337876275,136.73852040816328,9.728571428571428,simulada
53,0.3429398148148144,34.525510204081634,4.714285714285714,simulada
167,0.3872531460403315,97.55102040816327,9.871428571428572,simulada
130,0.2160348188478856,228.03061224489792,14.32857142857143,simulada
166,0.32131546904274255,264.54464285714283,11.128571428571428,simulada
173,0.2280980130980139,352.1466836734694,14.357142857142858,simulada
145,0.3205657063806471,99.02423469387756,11.17142857142857,simulada
202,0.36829284132756945,165.00382653061226,11.657142857142857,simulada
108,0.18586274509803954,139.95918367346937,8.67142857142857,simulada
225,0.37387584896525555,344.56122448979596,10.014285714285714,simulada
226,0.37753453812130827,221.83035714285714,12.957142857142857,simulada
73,0.35514748409485225,63.525510204081634,7.0285714285714285,simulada
71,0.40042735042735045,18.534438775510203,6.414285714285715,simulada
154,0.17006957328385913,180.01530612244898,14.357142857142858,simulada
193,0.11114148387949246,416.0306122448979,34.55714285714286,simulada
152,0.3862130884060706,71.06122448979592,9.028571428571428,simulada
75,0.1109984984984985,38.57525510204082,13.885714285714286,simulada
110,0.34841263620471946,58.03061224489796,8.8,simulada
174,0.34847361228617624,150.6875,10.7,simulada
65,0.22838293650793637,49.57525510204082,12.114285714285714,simulada
175,0.14951036404569426,188.23852040816328,17.442857142857143,simulada
202,0.3203988882082086,358.63775510204084,15.014285714285714,simulada
119,0.4094715939635724,68.06122448979592,6.571428571428571,simulada
34,0.4360410830999066,11.0,3.5714285714285716,simulada
185,0.09827737932779897,178.26530612244898,32.8,simulada
30,0.43224789915966394,11.489795918367347,3.5714285714285716,simulada
196,0.09224542789097745,340.03443877551024,38.05714285714286,simulada
66,0.09505997474747482,23.602040816326532,16.557142857142857,simulada
28,0.451578947368421,5.7397959183673475,3.2142857142857144,simulada
223,0.1451041914863804,463.28954081632656,30.042857142857144,simulada
235,0.18241267420126608,1270.4438775510205,25.1,simulada
216,0.36853516866349656,369.6734693877551,12.3,simulada
27,0.1534090909090909,6.095663265306122,4.042857142857143,simulada
35,0.25138888888888905,21.979591836734695,4.742857142857143,simulada
161,0.3458793195756448,73.21811224489795,10.657142857142857,simulada
128,0.35638486420331156,45.78061224489796,10.242857142857142,simulada
220,0.3698051015657896,245.3469387755102,11.814285714285715,simulada
59,0.23945578231292527,33.6875,6.242857142857143,simulada
116,0.17301921208454718,195.30994897959184,13.742857142857142,simulada
155,0.09133054483054572,115.45918367346938,24.985714285714284,simulada
40,0.3923611111111112,15.463010204081632,3.8714285714285714,simulada
52,0.1300163906142168,23.575255102040817,11.214285714285714,simulada
29,0.07298474945533767,5.952806122448979,10.414285714285715,simulada
136,0.2888372931977586,208.80994897959184,11.914285714285715,simulada
41,0.17599924585218707,15.122448979591836,6.928571428571429,simulada
233,0.3062827985034602,559.6938775510205,14.457142857142857,simulada
85,0.3604655870445342,62.857142857142854,5.742857142857143,simulada
203,0.36603536623052785,218.23979591836732,11.057142857142857,simulada
86,0.3929142209550068,20.596938775510203,7.128571428571429,simulada
183,0.09047733790100328,417.9591836734694,29.17142857142857,simulada
193,0.08121401983708539,323.6875,39.6,simulada
103,0.3746697626418985,51.452806122448976,7.814285714285714,simulada
197,0.16125365583230725,529.9438775510204,21.4,simulada
225,0.3133024734173569,764.218112244898,12.242857142857142,simulada
142,0.3813452921347659,69.1938775510204,7.114285714285714,simulada
109,0.3336237871012304,60.23852040816326,9.2,simulada
81,0.39421212344586937,37.357142857142854,6.371428571428571,simulada
67,0.42057925461035495,17.959183673469386,5.314285714285714,simulada
197,0.16125365583230725,529.9438775510204,21.4,simulada
182,0.34944652380137725,118.4795918367347,12.0,simulada
57,0.1284798534798535,28.061224489795922,14.9,simulada
177,0.37939219073119934,166.99489795918367,9.485714285714286,simulada
63,0.17617592592592624,27.27551020408163,9.357142857142858,simulada
202,0.3203988882082086,358.63775510204084,15.014285714285714,simulada
73,0.35514748409485225,63.525510204081634,7.0285714285714285,simulada
106,0.388340711169047,48.360969387755105,7.285714285714286,simulada
68,0.06600796863954764,28.765306122448976,12.357142857142858,simulada
35,0.07433084344849046,4.836734693877552,11.228571428571428,simulada
66,0.08895758303321334,22.872448979591837,17.15714285714286,simulada
27,0.3121212121212121,14.33673469387755,4.171428571428572,simulada
228,0.3712245925060065,460.3724489795918,8.771428571428572,simulada
105,0.07999999999999995,87.33035714285714,12.2,simulada
25,0.19646464646464648,8.285714285714286,4.371428571428571,simulada
177,0.0644949853905083,176.42857142857142,40.55714285714286,simulada
193,0.35696745224099763,156.35204081632654,11.057142857142857,simulada
128,0.28899463856850205,132.33673469387756,10.414285714285715,simulada
38,0.21905458089668614,14.908163265306124,4.514285714285714,simulada
202,0.0946252208089297,444.4642857142857,38.5,simulada
47,0.18668831168831168,19.214285714285715,6.4714285714285715,simulada
76,0.10781540649961704,47.372448979591844,14.5,simulada
248,0.2822941658567485,264.73852040816325,16.942857142857143,simulada
53,0.085249042145594,18.677295918367346,14.67142857142857,simulada
166,0.0689739980259859,176.86096938775512,27.37142857142857,simulada
121,0.3730510882291026,50.59566326530612,9.442857142857143,simulada
31,0.21396011396011402,43.67729591836734,8.142857142857142,simulada
241,0.37724624572050913,555.3469387755102,8.257142857142858,simulada
78,0.27506077506077503,127.02423469387756,7.714285714285714,simulada
83,0.3684286890449032,24.75,7.585714285714285,simulada
40,0.3923611111111112,15.463010204081632,3.8714285714285714,simulada
103,0.3903511657188127,76.08673469387756,7.071428571428571,simulada
167,0.13647668133323848,123.17346938775509,18.12857142857143,simulada
182,0.3891085069666549,112.93239795918366,8.3,simulada
81,0.24895572263993318,125.67729591836736,10.028571428571428,simulada
173,0.3581622649466357,272.4732142857143,10.157142857142857,simulada
212,0.10863138750836868,575.9323979591837,35.57142857142857,simulada
188,0.08388874220109963,215.3877551020408,33.92857142857143,simulada
102,0.4055077127804024,52.66836734693878,6.957142857142857,simulada
28,0.08000700280112047,3.9017857142857144,6.8,simulada
185,0.3323564081786159,113.10586734693878,13.857142857142858,simulada
177,0.11477317888674608,379.0038265306122,30.714285714285715,simulada
184,0.3495065692627609,145.60586734693877,11.7,simulada
107,0.054842300556586204,23.95280612244898,26.62857142857143,simulada
149,0.2289536751347346,235.89158163265307,10.885714285714286,simulada
203,0.16742181915501256,803.9540816326529,25.542857142857144,simulada
98,0.38637723198196317,38.14668367346939,7.914285714285715,simulada
66,0.08895758303321334,22.872448979591837,17.15714285714286,simulada
41,0.0772707231040565,12.146683673469388,12.114285714285714,simulada
177,0.19121128871128926,284.452806122449,18.857142857142858,simulada
33,0.4037414965986396,11.979591836734695,3.7285714285714286,simulada
150,0.0632425851696613,187.3112244897959,39.34285714285714,simulada
28,0.451578947368421,5.7397959183673475,3.2142857142857144,simulada
227,0.12865504788197102,640.1020408163265,31.9,simulada
31,0.1096491228070175,8.709183673469388,5.8428571428571425,simulada
54,0.06493772893772896,9.372448979591836,13.957142857142857,simulada
71,0.41700559609808796,36.80102040816326,5.542857142857143,simulada
173,0.3374431076701452,128.45280612244898,12.114285714285714,simulada
242,0.34250255130433704,281.17729591836735,12.1,simulada
129,0.11857145914349325,113.9438775510204,29.314285714285713,simulada
64,0.17230286738351266,49.94387755102041,13.3,simulada
246,0.17607549439784034,1065.1772959183672,28.9,simulada
58,0.4372549019607837,42.775510204081634,4.214285714285714,simulada
224,0.2668417634899823,620.5357142857143,15.9,simulada
186,0.1846427813042721,325.50382653061223,20.014285714285716,simulada
36,0.0591238471673254,5.38265306122449,11.471428571428572,simulada
48,0.41463656169538504,23.102040816326532,4.6,simulada
189,0.07852434759214363,238.52423469387756,35.05714285714286,simulada
217,0.18228680370056863,1116.6772959183675,23.385714285714286,simulada
204,0.1933953416096287,1293.5242346938776,31.2,simulada
166,0.2935562387523825,249.71811224489798,13.585714285714285,simulada
225,0.3686378984235454,249.59566326530611,12.0,simulada
170,0.3712514580782482,143.94387755102042,10.071428571428571,simulada
53,0.25135566188197755,40.66709183673469,7.285714285714286,simulada
94,0.1727836879432623,116.07525510204083,10.185714285714285,simulada
132,0.3568393713168503,55.16709183673469,10.871428571428572,simulada
170,0.3249590713986071,66.90816326530611,12.857142857142858,simulada
53,0.085249042145594,18.677295918367346,14.67142857142857,simulada
61,0.13033509700176374,24.309948979591837,12.028571428571428,simulada
97,0.40158772891307537,33.285714285714285,7.285714285714286,simulada
56,0.3679524899204533,8.60204081632653,5.9714285714285715,simulada
247,0.212326211901511,1081.8099489795918,21.542857142857144,simulada
37,0.0908730158730159,9.785714285714286,11.928571428571429,simulada
62,0.3870525988173047,36.12244897959184,6.057142857142857,simulada
200,0.39773165167902125,144.93239795918367,10.657142857142857,simulada
189,0.0931088288353717,294.06632653061223,35.68571428571428,simulada
176,0.23440539161693044,275.8609693877551,15.228571428571428,simulada
153,0.23911378744712058,160.96301020408166,14.557142857142857,simulada
181,0.1842581922072677,494.14285714285717,19.271428571428572,simulada
58,0.18933316080055224,35.872448979591844,7.1,simulada
131,0.13459767240229442,251.39158163265304,26.3,simulada
57,0.4061509165069537,12.452806122448978,5.642857142857143,simulada
140,0.12953971483917054,115.64285714285714,30.32857142857143,simulada
98,0.23467441878712253,92.08673469387756,9.485714285714286,simulada
177,0.11477317888674608,379.0038265306122,30.714285714285715,simulada
207,0.31957603140932794,600.7181122448981,10.942857142857143,simulada
89,0.4081086373943516,21.39158163265306,6.185714285714286,simulada
35,0.3958333333333332,10.122448979591837,4.328571428571428,simulada
202,0.36829284132756945,165.00382653061226,11.657142857142857,simulada
213,0.37925988150536455,207.8469387755102,10.185714285714285,simulada
181,0.37558857522337047,250.33035714285714,10.528571428571428,simulada
239,0.21540041281535152,658.9795918367347,26.12857142857143,simulada
132,0.3568393713168503,55.16709183673469,10.871428571428572,simulada
167,0.3740465962621336,68.56122448979592,10.014285714285714,simulada
184,0.36837833839897804,147.67346938775512,10.571428571428571,simulada
198,0.09260919106338823,324.6326530612245,33.3,simulada
246,0.2689116156954342,1359.4591836734694,18.885714285714286,simulada
36,0.1488899263409068,16.973214285714285,10.514285714285714,simulada
181,0.37558857522337047,250.33035714285714,10.528571428571428,simulada
31,0.1556372549019608,15.494897959183673,6.728571428571429,simulada
102,0.3749239847454132,73.63265306122449,6.485714285714286,simulada
187,0.3394972545876017,116.1670918367347,12.285714285714286,simulada
208,0.36646997927912606,217.8112244897959,11.014285714285714,simulada
238,0.3362945462178367,1916.6875,15.185714285714285,simulada
204,0.19724974619265043,626.2385204081633,21.32857142857143,simulada
132,0.10920274170274187,71.58673469387755,20.67142857142857,simulada
190,0.14061687011686974,211.06122448979593,20.457142857142856,simulada
152,0.3862130884060706,71.06122448979592,9.028571428571428,simulada
195,0.3756597623257562,139.23852040816328,11.242857142857142,simulada
192,0.3615474808250185,150.69387755102042,11.757142857142858,simulada
236,0.384108599386224,169.76530612244898,11.685714285714285,simulada
33,0.24634740259740262,15.989795918367347,5.442857142857143,simulada
104,0.19579059829059814,123.13265306122447,11.842857142857143,simulada
195,0.08224326368830227,232.3826530612245,36.48571428571429,simulada
94,0.10300655976676348,53.91836734693878,23.34285714285714,simulada
31,0.1556372549019608,15.494897959183673,6.728571428571429,simulada
69,0.12769326866549105,31.16709183673469,11.457142857142857,simulada
98,0.3865552918145561,40.61607142857143,7.6571428571428575,simulada
138,0.26606720024989233,162.53443877551018,12.028571428571428,simulada
96,0.1286533142783144,85.52423469387756,14.885714285714286,simulada
189,0.07852434759214363,238.52423469387756,35.05714285714286,simulada
170,0.3845398453655373,78.97321428571429,10.214285714285714,simulada
241,0.27907489009926545,541.1071428571429,17.2,simulada
246,0.387332520810535,187.4183673469388,11.757142857142858,simulada
193,0.11114148387949246,416.0306122448979,34.55714285714286,simulada
193,0.08121401983708539,323.6875,39.6,simulada
188,0.3670720908517889,142.26530612244898,11.742857142857142,simulada
222,0.308842319539434,525.2895408163265,13.071428571428571,simulada
191,0.10138086200417522,511.11607142857144,33.8,simulada
114,0.385476905134034,84.87244897959184,7.985714285714286,simulada
202,0.3698431715418844,182.21428571428572,10.471428571428572,simulada
54,0.11881519274376424,14.561224489795917,10.7,simulada
236,0.384108599386224,169.76530612244898,11.685714285714285,simulada
178,0.08850054600054633,177.56632653061226,37.714285714285715,simulada
35,0.10600490196078435,7.901785714285714,9.214285714285714,simulada
150,0.39046250225746765,46.891581632653065,8.571428571428571,simulada
216,0.36899069266280354,220.09566326530611,11.928571428571429,simulada
159,0.35732588929490866,68.6875,10.985714285714286,simulada
67,0.1288943623426383,37.75,8.17142857142857,simulada
145,0.3700942840530937,48.173469387755105,9.7,simulada
89,0.4081086373943516,21.39158163265306,6.185714285714286,simulada
26,0.15705128205128205,9.891581632653061,4.357142857142857,simulada
188,0.14647711276151387,538.218112244898,24.514285714285716,simulada
91,0.4177236652236651,28.64668367346939,5.742857142857143,simulada
58,0.4372549019607837,42.775510204081634,4.214285714285714,simulada
150,0.39046250225746765,46.891581632653065,8.571428571428571,simulada
67,0.1288943623426383,37.75,8.17142857142857,simulada
168,0.164019186139002,239.53443877551018,17.271428571428572,simulada
113,0.17913336268599447,85.07142857142857,14.085714285714285,simulada
28,0.03265107212475635,3.2857142857142856,10.971428571428572,simulada
44,0.3504901960784311,44.173469387755105,5.014285714285714,simulada
34,0.050094966761633414,5.816326530612245,15.985714285714286,simulada
96,0.30919913419913364,100.4795918367347,8.085714285714285,simulada
225,0.3133024734173569,764.218112244898,12.242857142857142,simulada
32,0.44957983193277323,11.83673469387755,3.257142857142857,simulada
41,0.17599924585218707,15.122448979591836,6.928571428571429,simulada
174,0.07820832606546908,145.19387755102042,29.37142857142857,simulada
153,0.3827253478523897,105.24872448979592,7.9714285714285715,simulada
225,0.2996929057170622,918.515306122449,12.457142857142857,simulada
44,0.19609440267335018,26.6734693877551,6.3,simulada
207,0.3712095588949578,214.15816326530611,11.971428571428572,simulada
71,0.173279569892473,36.51530612244898,10.1,simulada
28,0.29623015873015873,15.116071428571429,5.242857142857143,simulada
74,0.14708747135217717,50.382653061224495,13.042857142857143,simulada
110,0.0786092014806979,50.892857142857146,26.685714285714287,simulada
206,0.2759801434101554,878.9081632653061,14.728571428571428,simulada
38,0.308843537414966,26.177295918367346,5.457142857142857,simulada
31,0.43697478991596655,12.122448979591837,3.7857142857142856,simulada
196,0.09310163370695454,413.61607142857144,35.27142857142857,simulada
149,0.056169576264240656,59.94387755102041,36.7,simulada
53,0.085249042145594,18.677295918367346,14.67142857142857,simulada
203,0.10685777275299585,252.42346938775512,33.628571428571426,simulada
31,0.43697478991596655,12.122448979591837,3.7857142857142856,simulada
179,0.11902520041939992,379.1058673469388,24.12857142857143,simulada
36,0.45096491228070174,5.908163265306122,3.357142857142857,simulada
133,0.3970310685249711,273.41836734693874,7.114285714285714,simulada
112,0.11100182149362463,79.1670918367347,20.214285714285715,simulada
234,0.3164340697548943,107.1938775510204,13.871428571428572,simulada
34,0.2222222222222222,10.551020408163264,4.057142857142857,simulada
209,0.2271183463640464,713.718112244898,15.157142857142857,simulada
173,0.34674606398732405,187.35204081632654,11.9,simulada
67,0.3717703349282297,66.10204081632654,5.957142857142857,simulada
112,0.13640350877192867,101.1875,11.9,simulada
246,0.29763419338325436,921.2857142857143,13.985714285714286,simulada
29,0.44642857142857145,12.244897959183675,3.3714285714285714,simulada
145,0.35472281991512816,232.95408163265307,7.9714285714285715,simulada
224,0.3790909095395482,198.08673469387756,11.742857142857142,simulada
41,0.30242003367003356,18.28061224489796,5.628571428571429,simulada
153,0.14776231358538122,353.30994897959187,17.714285714285715,simulada
123,0.14195286195286205,73.1466836734694,14.071428571428571,simulada
143,0.35080525894290787,54.14668367346939,11.385714285714286,simulada
113,0.1388376764847352,105.0344387755102,26.785714285714285,simulada
81,0.40957820375113607,22.891581632653065,6.414285714285715,simulada
219,0.3437139713798095,225.3112244897959,12.528571428571428,simulada
66,0.08895758303321334,22.872448979591837,17.15714285714286,simulada
113,0.17913336268599447,85.07142857142857,14.085714285714285,simulada
153,0.09429246336215741,104.54464285714286,24.185714285714287,simulada
26,0.08745421245421248,3.1875,4.385714285714286,simulada
97,0.35796721394547465,84.13775510204081,7.171428571428572,simulada
195,0.08170522311390674,291.92857142857144,35.31428571428572,simulada
211,0.10884674100667048,467.9630102040816,40.3,simulada
112,0.412015565535553,80.6466836734694,6.114285714285714,simulada
44,0.3748524623524624,13.463010204081632,5.457142857142857,simulada
165,0.0772609780289144,163.88137755102042,27.4,simulada
216,0.36899069266280354,220.09566326530611,11.928571428571429,simulada
58,0.4136029411764701,40.38775510204082,5.3428571428571425,simulada
243,0.34922588579240643,193.23852040816328,14.714285714285714,simulada
31,0.43697478991596655,12.122448979591837,3.7857142857142856,simulada
117,0.39447093393980026,40.17729591836735,7.9714285714285715,simulada
210,0.36874781719848154,185.10586734693877,11.5,simulada
52,0.16447550034506556,28.952806122448976,7.742857142857143,simulada
89,0.20335887231048508,84.60586734693878,11.128571428571428,simulada
200,0.3672663250973483,108.45408163265306,11.557142857142857,simulada
41,0.0772707231040565,12.146683673469388,12.114285714285714,simulada
32,0.12708333333333335,9.744897959183675,5.642857142857143,simulada
230,0.27742300695547767,367.4642857142857,16.385714285714286,simulada
215,0.3618460882244925,201.69387755102042,11.471428571428572,simulada
81,0.4058677740101887,32.14668367346939,5.785714285714286,simulada
172,0.09825413970821938,537.1875,36.5,simulada
52,0.19376361655773416,24.38137755102041,7.4,simulada
196,0.09752269317644843,249.69387755102042,35.0,simulada
219,0.10246220090852678,346.9183673469388,36.42857142857143,simulada
50,0.16250000000000014,19.71811224489796,10.742857142857142,simulada
206,0.36300443285204476,244.59566326530611,11.528571428571428,simulada
33,0.0517543859649123,3.6058673469387754,11.2,simulada
237,0.3522359719638598,186.27551020408163,13.757142857142858,simulada
54,0.2963095238095239,28.30102040816326,6.085714285714285,simulada
51,0.051092117758784424,10.244897959183675,15.1,simulada
30,0.10774853801169591,8.596938775510203,7.542857142857143,simulada
224,0.36256159320897435,221.87244897959184,12.614285714285714,simulada
161,0.1500203149551373,944.6670918367347,22.057142857142857,simulada
219,0.3437139713798095,225.3112244897959,12.528571428571428,simulada
210,0.37529085946174273,199.36096938775512,11.614285714285714,simulada
218,0.31237426168301635,507.92346938775506,12.785714285714286,simulada
192,0.36201550355452927,153.56632653061226,11.557142857142857,simulada
101,0.11406800563777286,57.544642857142854,14.914285714285715,simulada
46,0.176748120300752,26.75,7.1571428571428575,simulada
188,0.07747459301962209,249.2295918367347,32.08571428571429,simulada
186,0.11749009167840219,147.46301020408163,32.714285714285715,simulada
179,0.18438229511038762,548.2385204081633,24.642857142857142,simulada
96,0.12327493451186818,77.88775510204083,15.985714285714286,simulada
33,0.07415552427867711,14.88265306122449,7.771428571428571,simulada
47,0.08807319223985899,17.872448979591837,10.17142857142857,simulada
71,0.08777169404347089,29.642857142857142,10.1,simulada
236,0.384108599386224,169.76530612244898,11.685714285714285,simulada
107,0.11252631578947374,132.33673469387756,10.3,simulada
230,0.370288309646252,167.23852040816328,11.914285714285715,simulada
30,0.40352807789782585,8.605867346938776,4.142857142857143,simulada
60,0.053921568627451004,10.830357142857142,10.428571428571429,simulada
39,0.09039473684210525,10.28954081632653,7.4,simulada
91,0.10160714285714277,26.90816326530612,19.67142857142857,simulada
215,0.09714120195877761,389.81122448979596,37.31428571428572,simulada
214,0.28968740280209,1435.280612244898,11.914285714285715,simulada
76,0.3269230769230768,97.94387755102039,6.714285714285714,simulada
51,0.12335843169176505,26.38137755102041,7.014285714285714,simulada
197,0.3506428861464695,213.49489795918367,12.428571428571429,simulada
117,0.18495936656369197,146.95280612244898,12.714285714285714,simulada
148,0.3563137391708835,170.0969387755102,8.742857142857142,simulada
128,0.3829446459551104,55.03061224489796,8.271428571428572,simulada
93,0.1155328798185941,53.17729591836734,17.02857142857143,simulada
194,0.13394376156901858,359.59693877551024,31.228571428571428,simulada
36,0.07976190476190474,6.758928571428571,8.585714285714285,simulada
29,0.22202380952380954,18.738520408163264,5.0,simulada
190,0.3356650192471131,198.87244897959184,12.514285714285714,simulada
214,0.17278703558823913,353.8724489795918,25.4,simulada
90,0.21079343971631298,115.88137755102039,8.8,simulada
246,0.29763419338325436,921.2857142857143,13.985714285714286,simulada
225,0.37169498122173245,190.7295918367347,12.242857142857142,simulada
96,0.30919913419913364,100.4795918367347,8.085714285714285,simulada
42,0.4262007833436404,6.13265306122449,4.3,simulada
40,0.08122529644268772,10.381377551020407,9.542857142857143,simulada
132,0.3838089756820403,99.03443877551021,7.957142857142857,simulada
66,0.2694207848428625,51.59566326530612,7.042857142857143,simulada
197,0.1657167518013475,202.24872448979593,25.271428571428572,simulada
70,0.2628284072249591,84.02551020408164,8.0,simulada
29,0.44642857142857145,12.244897959183675,3.3714285714285714,simulada
80,0.0747292250233428,23.336734693877553,14.857142857142858,simulada
166,0.2932462213712216,294.0255102040816,12.385714285714286,simulada
103,0.3746697626418985,51.452806122448976,7.814285714285714,simulada
35,0.052282051282051274,6.030612244897959,12.67142857142857,simulada
49,0.05956625074272135,12.146683673469386,13.6,simulada
68,0.06600796863954764,28.765306122448976,12.357142857142858,simulada
150,0.3675160582818413,69.32015306122449,10.471428571428572,simulada
176,0.09442242020264868,449.50382653061223,37.128571428571426,simulada
38,0.20261437908496743,16.025510204081634,4.185714285714286,simulada
45,0.3288194444444444,43.09566326530613,5.714285714285714,simulada
51,0.051092117758784424,10.244897959183675,15.1,simulada
54,0.4288888888888884,45.38775510204082,4.271428571428571,simulada
33,0.07415552427867711,14.88265306122449,7.771428571428571,simulada
43,0.22114252645502644,20.561224489795915,6.828571428571428,simulada
178,0.3424162089682429,70.02423469387755,12.442857142857143,simulada
27,0.21527777777777768,10.034438775510205,3.8857142857142857,simulada
164,0.12281113667477266,128.28954081632654,30.242857142857144,simulada
52,0.4066666666666666,42.77551020408163,4.357142857142857,simulada
187,0.3754568557885668,115.75892857142857,9.442857142857143,simulada
112,0.11100182149362463,79.1670918367347,20.214285714285715,simulada
136,0.08954090998638878,47.24872448979592,17.87142857142857,simulada
172,0.32643586153970594,146.78571428571428,10.742857142857142,simulada
53,0.15184873949579822,47.28954081632653,15.742857142857142,simulada
63,0.11976307764485117,25.96301020408163,11.528571428571428,simulada
113,0.3888373827791985,86.82015306122449,7.714285714285714,simulada
105,0.22454906204906183,178.90178571428572,7.757142857142857,simulada
205,0.3493348251265928,234.71811224489798,11.971428571428572,simulada
143,0.36895270453860496,85.24872448979592,9.814285714285715,simulada
170,0.11200244758927004,229.3520408163265,25.557142857142857,simulada
197,0.08485310265630706,211.15816326530611,29.928571428571427,simulada
75,0.4070048309178745,97.06122448979592,5.571428571428571,simulada
54,0.12968253968253987,35.64668367346939,9.271428571428572,simulada
209,0.3574095857449595,170.0752551020408,10.642857142857142,simulada
184,0.06493768564972306,131.90178571428572,44.44285714285714,simulada
230,0.36334036172948575,297.952806122449,11.885714285714286,simulada
36,0.07860873694207025,16.034438775510203,14.157142857142857,simulada
42,0.358695652173913,72.97959183673468,4.8428571428571425,simulada
249,0.3471793416080785,291.61607142857144,13.214285714285714,simulada
202,0.36829284132756945,165.00382653061226,11.657142857142857,simulada
197,0.37273794072039645,128.02423469387756,11.871428571428572,simulada
242,0.3780931839968255,154.77551020408166,11.114285714285714,simulada
58,0.3871304290947147,31.748724489795915,5.5,simulada
214,0.17278703558823913,353.8724489795918,25.4,simulada
193,0.08121401983708539,323.6875,39.6,simulada
185,0.3860806364012911,124.83673469387756,10.457142857142857,simulada
105,0.22454906204906183,178.90178571428572,7.757142857142857,simulada
49,0.23240740740740745,23.973214285714285,6.228571428571429,simulada
103,0.3903511657188127,76.08673469387756,7.071428571428571,simulada
126,0.32067699792467563,80.75,10.385714285714286,simulada
130,0.1144711105482382,93.78061224489797,23.47142857142857,simulada
207,0.31957603140932794,600.7181122448981,10.942857142857143,simulada
25,0.23555555555555563,8.10204081632653,4.928571428571429,simulada
128,0.28899463856850205,132.33673469387756,10.414285714285715,simulada
102,0.3749239847454132,73.63265306122449,6.485714285714286,simulada
129,0.38618511859358506,64.71811224489797,7.885714285714286,simulada
177,0.11477317888674608,379.0038265306122,30.714285714285715,simulada
123,0.3458062248545486,64.74872448979592,8.985714285714286,simulada
236,0.36921863083351447,277.98979591836735,12.657142857142857,simulada
203,0.10685777275299585,252.42346938775512,33.628571428571426,simulada
48,0.19613997113997142,22.391581632653065,8.257142857142858,simulada
181,0.37558857522337047,250.33035714285714,10.528571428571428,simulada
104,0.37157309715206477,51.73852040816326,8.471428571428572,simulada
58,0.12928476946334103,23.8609693877551,11.128571428571428,simulada
200,0.332870761449761,184.17346938775512,12.457142857142857,simulada
191,0.24031432926068022,598.4017857142857,20.428571428571427,simulada
216,0.36853516866349656,369.6734693877551,12.3,simulada
67,0.1288943623426383,37.75,8.17142857142857,simulada
181,0.08034676763787223,146.5,39.97142857142857,simulada
29,0.2967171717171716,18.301020408163264,4.742857142857143,simulada
162,0.06784154339701998,187.95408163265304,39.44285714285714,simulada
91,0.10160714285714277,26.90816326530612,19.67142857142857,simulada
28,0.295422335600907,7.918367346938775,4.542857142857143,simulada
210,0.11169427806893996,296.9630102040816,34.385714285714286,simulada
202,0.3203988882082086,358.63775510204084,15.014285714285714,simulada
191,0.10770639293366614,334.452806122449,30.942857142857143,simulada
71,0.41700559609808796,36.80102040816326,5.542857142857143,simulada
37,0.2607796964939819,22.275510204081634,6.9,simulada
167,0.08263412957171673,298.60714285714283,30.8,simulada
99,0.07861801242236037,47.142857142857146,25.314285714285713,simulada
177,0.35410190657868695,106.13775510204081,11.585714285714285,simulada
48,0.36732804232804217,32.003826530612244,5.571428571428571,simulada
194,0.10996761199951642,372.2755102040816,29.82857142857143,simulada
84,0.23651329177644972,118.5612244897959,9.114285714285714,simulada
121,0.1700885570800826,196.08673469387756,18.257142857142856,simulada
183,0.09047733790100328,417.9591836734694,29.17142857142857,simulada
85,0.10753660637381567,41.275510204081634,14.5,simulada
211,0.10884674100667048,467.9630102040816,40.3,simulada
34,0.4360410830999066,11.0,3.5714285714285716,simulada
238,0.3666679116944349,145.78061224489795,12.657142857142857,simulada
84,0.141571497285783,50.60586734693877,17.142857142857142,simulada
196,0.09752269317644843,249.69387755102042,35.0,simulada
167,0.3872531460403315,97.55102040816327,9.871428571428572,simulada
220,0.11352670794634902,419.53061224489795,29.614285714285714,simulada
157,0.36015853137633536,90.91836734693878,10.914285714285715,simulada
228,0.3726765497564329,187.21811224489798,12.771428571428572,simulada
117,0.39168746835885226,39.82142857142857,8.657142857142857,simulada
44,0.3748524623524624,13.463010204081632,5.457142857142857,simulada
209,0.2134207346260923,936.7295918367346,24.942857142857143,simulada
203,0.10685777275299585,252.42346938775512,33.628571428571426,simulada
88,0.32084833933573453,120.73852040816325,6.242857142857143,simulada
199,0.07546225804846678,217.78954081632654,46.34285714285714,simulada
38,0.308843537414966,26.177295918367346,5.457142857142857,simulada
179,0.18438229511038762,548.2385204081633,24.642857142857142,simulada
28,0.052380952380952354,4.146683673469388,8.1,simulada
134,0.36797586340388144,75.57525510204081,9.771428571428572,simulada
216,0.36853516866349656,369.6734693877551,12.3,simulada
230,0.27742300695547767,367.4642857142857,16.414285714285715,simulada
228,0.1504896929253364,421.66709183673464,29.8,simulada
108,0.139093234192902,72.95280612244898,12.842857142857143,simulada
135,0.16424902534113042,247.17729591836732,15.985714285714286,simulada
201,0.07655935513653853,232.40178571428572,46.67142857142857,simulada
155,0.12495817327438354,177.59566326530611,18.428571428571427,simulada
215,0.1448691969355823,270.2448979591837,22.97142857142857,simulada
191,0.08003057266450046,152.8826530612245,42.357142857142854,simulada
188,0.3670720908517889,142.26530612244898,11.742857142857142,simulada
224,0.3206568843076079,217.50382653061226,12.885714285714286,simulada
175,0.36993522874327744,157.04464285714286,9.542857142857143,simulada
203,0.28017204068486307,832.908163265306,12.728571428571428,simulada
43,0.07410282953761212,8.758928571428571,13.528571428571428,simulada
47,0.12318295739348366,16.116071428571427,9.67142857142857,simulada
73,0.15386851710381105,47.94387755102041,12.728571428571428,simulada
229,0.3541525929238194,181.03443877551018,13.32857142857143,simulada
34,0.15673611111111105,13.27551020408163,5.671428571428572,simulada
216,0.36899069266280354,220.09566326530611,11.928571428571429,simulada
144,0.3674396433728287,83.6670918367347,9.6,simulada
157,0.36015853137633536,90.91836734693878,10.914285714285715,simulada
222,0.22056659909102863,878.8877551020407,23.37142857142857,simulada
236,0.2219915718795377,1423.6875,28.285714285714285,simulada
136,0.0843835472333258,142.43239795918367,20.62857142857143,simulada
37,0.14962018140589584,20.605867346938776,11.114285714285714,simulada
142,0.36875071053315484,93.10204081632652,9.514285714285714,simulada
204,0.09394772532320964,426.53443877551024,37.81428571428572,simulada
28,0.4234375,12.387755102040817,3.7857142857142856,simulada
30,0.43224789915966394,11.489795918367347,3.5714285714285716,simulada
177,0.3817134362157847,141.17729591836735,10.185714285714285,simulada
230,0.21844993087640308,967.0255102040817,25.0,simulada
30,0.4666666666666667,3.6875,3.157142857142857,simulada
229,0.3541525929238194,181.03443877551018,13.32857142857143,simulada
168,0.10113573021181776,183.8826530612245,30.357142857142858,simulada
199,0.3266641830435216,88.14668367346938,12.885714285714286,simulada
229,0.3541525929238194,181.03443877551018,13.32857142857143,simulada
93,0.13639332365747436,81.53443877551021,13.742857142857142,simulada
110,0.34425712204073555,55.88775510204082,9.085714285714285,simulada
170,0.28988596211045214,302.5255102040816,12.885714285714286,simulada
177,0.19121128871128926,284.452806122449,18.857142857142858,simulada
82,0.41929824561403495,33.55102040816327,5.0285714285714285,simulada
69,0.1033298097251586,37.78061224489796,11.285714285714286,simulada
118,0.14791498490773877,116.61607142857143,16.685714285714287,simulada
39,0.2173076923076924,11.994897959183675,5.714285714285714,simulada
43,0.152473716759431,23.01530612244898,5.642857142857143,simulada
202,0.15713738146773634,556.4017857142857,22.557142857142857,simulada
35,0.3958333333333332,10.122448979591837,4.328571428571428,simulada
106,0.40160273873088487,34.89158163265306,7.5,simulada
121,0.1700885570800826,196.08673469387756,18.257142857142856,simulada
71,0.4440853264382671,34.392857142857146,4.628571428571429,simulada
102,0.38803783076228887,27.596938775510203,7.828571428571428,simulada
131,0.35730169480072677,71.53443877551021,9.528571428571428,simulada
58,0.4372549019607837,42.775510204081634,4.214285714285714,simulada
173,0.08977891445399104,173.56632653061226,36.57142857142857,simulada
193,0.11114148387949246,416.0306122448979,34.55714285714286,simulada
88,0.32084833933573453,120.73852040816325,6.242857142857143,simulada
147,0.3531816874364955,231.12244897959184,8.028571428571428,simulada
104,0.38092079312090693,39.87244897959183,8.071428571428571,simulada
212,0.3882703598318436,131.96301020408163,10.785714285714286,simulada
124,0.39822172982890963,40.71811224489796,8.142857142857142,simulada
181,0.1842581922072677,494.14285714285717,19.271428571428572,simulada
170,0.1051696466875038,411.52423469387753,25.6,simulada
180,0.10333567875940744,441.88137755102036,29.185714285714287,simulada
188,0.11314572452636873,436.952806122449,23.414285714285715,simulada
189,0.37856045330143595,133.78954081632654,10.928571428571429,simulada
32,0.07056530214424947,7.8609693877551035,16.214285714285715,simulada
54,0.3223639455782313,52.90816326530612,6.3,simulada
28,0.451578947368421,5.7397959183673475,3.2142857142857144,simulada
166,0.37876747707629926,223.38265306122452,9.385714285714286,simulada
93,0.1155328798185941,53.17729591836734,17.02857142857143,simulada
160,0.3556914980582964,116.40816326530613,11.742857142857142,simulada
167,0.17338815218534293,311.23979591836735,14.257142857142858,simulada
176,0.07422436381960174,251.01530612244898,32.08571428571429,simulada
43,0.39251430387794023,20.729591836734695,4.8428571428571425,simulada
163,0.3678278493829363,90.03061224489797,9.871428571428572,simulada
65,0.23022812573305187,60.473214285714285,6.114285714285714,simulada
149,0.37471425597516556,87.78954081632652,9.142857142857142,simulada
25,0.30808080808080807,15.673469387755103,3.757142857142857,simulada
160,0.3713161294709642,250.67729591836732,9.9,simulada
94,0.10300655976676348,53.91836734693878,23.34285714285714,simulada
245,0.3406327010022098,238.27551020408166,14.085714285714285,simulada
71,0.3931071989710434,18.6875,6.314285714285714,simulada
111,0.1346863476030141,84.23852040816327,18.87142857142857,simulada
223,0.3649519001085995,242.6670918367347,11.928571428571429,simulada
199,0.37412567917405337,174.62244897959184,11.571428571428571,simulada
35,0.40040703781512615,11.443877551020408,4.5285714285714285,simulada
129,0.11857145914349325,113.9438775510204,29.314285714285713,simulada
56,0.4126957545378598,12.891581632653061,5.871428571428571,simulada
233,0.3453111737237495,206.86096938775512,13.242857142857142,simulada
129,0.07710665863567645,77.75892857142857,21.285714285714285,simulada
183,0.07152784498164455,209.00382653061226,28.985714285714284,simulada
29,0.3115530303030303,15.857142857142858,3.9857142857142858,simulada
183,0.07152784498164455,209.00382653061226,28.985714285714284,simulada
179,0.18438580588226172,552.7589285714286,25.7,simulada
41,0.10570728291316522,9.177295918367347,8.67142857142857,simulada
51,0.2994107744107744,35.53061224489796,6.257142857142857,simulada
129,0.38618511859358506,64.71811224489797,7.885714285714286,simulada
198,0.38212646033295555,139.41836734693877,10.614285714285714,simulada
36,0.0591238471673254,5.38265306122449,11.471428571428572,simulada
117,0.09941707474952151,43.45918367346939,21.82857142857143,simulada
59,0.19190630797773653,29.105867346938773,6.014285714285714,simulada
47,0.08807319223985899,17.872448979591837,10.17142857142857,simulada
154,0.3512988305729691,60.360969387755105,11.0,simulada
74,0.2267082590612004,70.13265306122449,8.642857142857142,simulada
150,0.39046250225746765,46.891581632653065,8.571428571428571,simulada
180,0.3732017644547546,100.38265306122449,9.414285714285715,simulada
177,0.06359396634760088,161.78571428571428,29.042857142857144,simulada
193,0.35696745224099763,156.35204081632654,11.057142857142857,simulada
89,0.20335887231048508,84.60586734693878,11.128571428571428,simulada
49,0.06944444444444445,8.51530612244898,8.885714285714286,simulada
203,0.36956953494031997,208.03443877551018,11.257142857142858,simulada
171,0.20682884599622778,447.59693877551024,18.442857142857143,simulada
106,0.40160273873088487,34.89158163265306,7.5,simulada
136,0.08954090998638878,47.24872448979592,17.87142857142857,simulada
29,0.032679738562091505,2.809948979591837,11.4,simulada
189,0.375413662979029,117.93239795918366,11.471428571428572,simulada
209,0.2271183463640464,713.718112244898,15.157142857142857,simulada
127,0.10755119075349678,92.67857142857143,14.485714285714286,simulada
54,0.3378024753024753,27.49489795918367,5.085714285714285,simulada
55,0.16715388007054674,49.66836734693877,12.957142857142857,simulada
193,0.1172843660874864,391.7857142857143,25.97142857142857,simulada
31,0.338112244897959,27.667091836734695,5.3428571428571425,simulada
200,0.0822457849573207,228.71428571428572,41.72857142857143,simulada
198,0.3666340608362359,151.59566326530611,12.285714285714286,simulada
53,0.1841025641025642,43.02423469387755,10.342857142857143,simulada
40,0.08122529644268772,10.381377551020407,9.542857142857143,simulada
177,0.11477317888674608,379.0038265306122,30.714285714285715,simulada
177,0.19288663619986796,634.8469387755102,19.985714285714284,simulada
215,0.35019061656017425,268.4795918367347,11.957142857142857,simulada
188,0.14647711276151387,538.218112244898,24.514285714285716,simulada
161,0.3458793195756448,73.21811224489795,10.657142857142857,simulada
228,0.3712245925060065,460.3724489795918,8.771428571428572,simulada
168,0.36374262194607654,119.05102040816327,9.957142857142857,simulada
78,0.08451178451178452,34.10586734693878,18.17142857142857,simulada
61,0.2699853801169592,39.95280612244898,8.771428571428572,simulada
124,0.39822172982890963,40.71811224489796,8.142857142857142,simulada
210,0.18014696234366556,507.45918367346934,19.385714285714286,simulada
190,0.10463748022538523,194.50382653061226,31.2,simulada
148,0.3437501542414289,72.25892857142857,10.8,simulada
213,0.359701745542169,127.67729591836735,13.071428571428571,simulada
33,0.07415552427867711,14.88265306122449,7.771428571428571,simulada
209,0.3574095857449595,170.0752551020408,10.642857142857142,simulada
135,0.19409831551668305,164.65816326530611,14.457142857142857,simulada
200,0.32328505428505266,751.5306122448981,9.2,simulada
47,0.09441468253968259,13.503826530612246,12.657142857142857,simulada
249,0.2502880774902618,2293.0663265306125,18.7,simulada
35,0.42889496468443844,5.075255102040816,3.857142857142857,simulada
177,0.3842101545854076,116.60586734693878,10.4,simulada
41,0.2835356364768129,32.32015306122449,4.942857142857143,simulada
123,0.3458062248545486,64.74872448979592,8.985714285714286,simulada
153,0.3412777938943915,117.28061224489797,10.371428571428572,simulada
112,0.412015565535553,80.6466836734694,6.114285714285714,simulada
173,0.2365526913173967,212.09566326530611,17.17142857142857,simulada
177,0.19288663619986796,634.8469387755102,19.985714285714284,simulada
55,0.08593869731800773,16.428571428571427,12.857142857142858,simulada
75,0.4070048309178745,97.06122448979592,5.571428571428571,simulada
196,0.09310163370695454,413.61607142857144,35.27142857142857,simulada
92,0.07829721204721206,27.034438775510203,12.657142857142857,simulada
122,0.3886843404553082,54.98979591836735,8.228571428571428,simulada
203,0.38432964118559704,129.4795918367347,9.028571428571428,simulada
27,0.05484126984126984,2.6058673469387754,7.928571428571429,simulada
32,0.17585034013605447,13.70408163265306,5.271428571428571,simulada
86,0.36909362185419964,49.423469387755105,7.585714285714285,simulada
40,0.1397177419354839,30.53061224489796,13.428571428571429,simulada
30,0.10774853801169591,8.596938775510203,7.542857142857143,simulada
150,0.39046250225746765,46.891581632653065,8.571428571428571,simulada
119,0.3904094109733205,40.28061224489796,8.314285714285715,simulada
166,0.29355623875238246,249.71811224489798,13.6,simulada
246,0.21802248714067796,1293.5612244897961,28.042857142857144,simulada
156,0.3369047619047624,274.4630102040816,11.085714285714285,simulada
89,0.4081086373943516,21.39158163265306,6.185714285714286,simulada
228,0.19404545665619458,1583.9897959183672,32.81428571428572,simulada
76,0.3269230769230768,97.94387755102039,6.714285714285714,simulada
149,0.35036856708687025,58.066326530612244,10.785714285714286,simulada
127,0.3727984132374392,100.1670918367347,8.642857142857142,simulada
103,0.09422385790310293,74.17729591836735,19.457142857142856,simulada
29,0.09401709401709399,6.173469387755103,7.9714285714285715,simulada
177,0.06937042124542125,162.71811224489798,28.457142857142856,simulada
122,0.3886843404553082,54.98979591836735,8.228571428571428,simulada
172,0.12383808587725689,135.00382653061223,19.9,simulada
56,0.4126957545378598,12.891581632653061,5.871428571428571,simulada
170,0.3917916964356594,235.02423469387756,8.32857142857143,simulada
133,0.07373932906495964,140.21811224489798,23.84285714285714,simulada
96,0.13871332371332354,82.60586734693877,12.757142857142858,simulada
67,0.20101951188907705,48.309948979591844,8.885714285714286,simulada
145,0.3838864049756483,70.73852040816327,8.685714285714285,simulada
168,0.11038846066802338,610.4081632653061,31.5,simulada
43,0.3802513227513229,17.43239795918367,4.514285714285714,simulada
31,0.3497053872053872,12.82015306122449,4.742857142857143,simulada
215,0.09714120195877761,389.81122448979596,37.31428571428572,simulada
223,0.3450938150560737,224.27551020408163,12.4,simulada
94,0.2826666132221685,89.71811224489795,8.514285714285714,simulada
155,0.3820481192532006,96.65816326530613,9.7,simulada
105,0.22454906204906183,178.90178571428572,7.757142857142857,simulada
52,0.19376361655773416,24.38137755102041,7.4,simulada
206,0.35561593776636585,98.71811224489795,12.32857142857143,simulada
28,0.4206349206349208,11.102040816326532,3.157142857142857,simulada
150,0.06937002151287883,98.6875,22.228571428571428,simulada
214,0.36002767974996797,140.4795918367347,12.657142857142857,simulada
208,0.36941082435986994,240.6670918367347,10.414285714285715,simulada
148,0.3563137391708835,170.0969387755102,8.742857142857142,simulada
108,0.139093234192902,72.95280612244898,12.842857142857143,simulada
222,0.37352598763571776,175.59693877551018,11.357142857142858,simulada
227,0.32725005738781204,143.10204081632654,12.942857142857143,simulada
48,0.4482748538011695,16.19387755102041,3.914285714285714,simulada
46,0.039417989417989456,8.168367346938776,13.757142857142858,simulada
179,0.3671736874564757,137.96301020408163,10.0,simulada
197,0.3506428861464695,213.49489795918367,12.428571428571429,simulada
146,0.07268604220659024,62.14668367346939,21.228571428571428,simulada
164,0.12381156930126005,385.6466836734694,20.271428571428572,simulada
182,0.37163759918652123,96.27551020408164,11.6,simulada
160,0.06314279777887363,77.10586734693878,25.7,simulada
59,0.09729487179487184,18.066326530612244,6.685714285714286,simulada
86,0.36909362185419964,49.423469387755105,7.585714285714285,simulada
59,0.28798615405758243,49.92857142857143,6.685714285714286,simulada
34,0.15673611111111105,13.27551020408163,5.671428571428572,simulada
45,0.2742673992673996,65.77551020408163,7.128571428571429,simulada
66,0.08895758303321334,22.872448979591837,17.15714285714286,simulada
71,0.05914779326364693,19.27551020408163,17.82857142857143,simulada
29,0.2967171717171716,18.301020408163264,4.742857142857143,simulada
228,0.11175292871721214,620.0242346938776,33.25714285714286,simulada
48,0.4210144096625004,12.718112244897958,4.957142857142857,simulada
188,0.3071497086673537,429.952806122449,12.157142857142857,simulada
207,0.13177891854610893,274.57142857142856,21.942857142857143,simulada
28,0.4206349206349208,11.102040816326532,3.157142857142857,simulada
176,0.11951408726306813,374.5255102040816,19.114285714285714,simulada
248,0.37420627552230235,239.69387755102042,12.042857142857143,simulada
117,0.18452164894996195,132.78061224489798,16.928571428571427,simulada
41,0.40626721763085394,21.238520408163264,4.557142857142857,simulada
63,0.11480213626952762,17.051020408163264,12.285714285714286,simulada
137,0.3147342216491151,260.48979591836735,7.671428571428572,simulada
213,0.36790092526841656,272.6683673469388,10.928571428571429,simulada
128,0.35638486420331156,45.78061224489796,10.242857142857142,simulada
203,0.36956953494031997,208.03443877551018,11.257142857142858,simulada
200,0.39773165167902125,144.93239795918367,10.657142857142857,simulada
37,0.08678571428571427,9.59566326530612,8.357142857142858,simulada
177,0.11477317888674608,379.0038265306122,30.714285714285715,simulada
213,0.345660281430643,160.19387755102042,11.014285714285714,simulada
35,0.24583333333333332,11.336734693877549,4.614285714285714,simulada
31,0.1556372549019608,15.494897959183673,6.728571428571429,simulada
41,0.40626721763085394,21.238520408163264,4.557142857142857,simulada
217,0.11303364390099044,651.1377551020407,35.58571428571429,simulada
186,0.1846427813042721,325.50382653061223,20.014285714285716,simulada
209,0.2271183463640464,713.718112244898,15.157142857142857,simulada
43,0.07705026455026455,11.463010204081632,12.014285714285714,simulada
164,0.12381156930126005,385.6466836734694,20.271428571428572,simulada
50,0.12809347877081878,35.964285714285715,12.742857142857142,simulada
39,0.41898496240601507,6.8520408163265305,4.771428571428571,simulada
175,0.08818169378514128,129.66836734693877,36.15714285714286,simulada
219,0.36659483683124416,126.52423469387756,12.885714285714286,simulada
48,0.36732804232804217,32.003826530612244,5.571428571428571,simulada
200,0.242554514995845,1286.9234693877552,19.5,simulada
248,0.37420627552230235,239.69387755102042,12.042857142857143,simulada
215,0.1448691969355823,270.2448979591837,22.97142857142857,simulada
191,0.10770639293366614,334.452806122449,30.942857142857143,simulada
125,0.3413690013042246,104.6670918367347,10.1,simulada
28,0.25227272727272737,10.301020408163266,4.557142857142857,simulada
166,0.3758793899396696,160.30994897959184,8.542857142857143,simulada
41,0.17599924585218707,15.122448979591836,6.928571428571429,simulada
35,0.052282051282051274,6.030612244897959,12.67142857142857,simulada
94,0.1727836879432623,116.07525510204083,10.185714285714285,simulada
222,0.13189035404371416,546.3099489795918,31.085714285714285,simulada
40,0.08122529644268772,10.381377551020407,9.542857142857143,simulada
100,0.2397731064397733,110.45408163265306,8.1,simulada
28,0.29623015873015873,15.116071428571429,5.242857142857143,simulada
87,0.13405997578411394,46.132653061224495,15.728571428571428,simulada
233,0.3775952485851774,247.51530612244898,12.928571428571429,simulada
66,0.3902414235231571,22.248724489795922,5.457142857142857,simulada
246,0.17607549439784034,1065.1772959183672,28.9,simulada
54,0.11881519274376424,14.561224489795917,10.7,simulada
49,0.31666012558869683,25.1734693877551,4.957142857142857,simulada
168,0.164019186139002,239.53443877551018,17.271428571428572,simulada
152,0.3787222013225534,110.71811224489795,8.7,simulada
165,0.0772609780289144,163.88137755102042,27.4,simulada
54,0.4288888888888884,45.38775510204082,4.271428571428571,simulada
117,0.18452164894996195,132.78061224489798,16.928571428571427,simulada
177,0.0644949853905083,176.42857142857142,40.55714285714286,simulada
141,0.35401835019798356,62.452806122448976,10.357142857142858,simulada
66,0.09505997474747482,23.602040816326532,16.557142857142857,simulada
153,0.3412777938943915,117.28061224489797,10.371428571428572,simulada
228,0.09976525024562248,300.73852040816325,35.614285714285714,simulada
57,0.1484098639455783,17.177295918367346,10.1,simulada
40,0.08330314009661838,14.401785714285714,9.771428571428572,simulada
32,0.3376623376623376,17.428571428571427,4.457142857142857,simulada
120,0.37880245278195823,71.6938775510204,8.657142857142857,simulada
160,0.36251312657422186,104.17729591836735,10.428571428571429,simulada
174,0.35057000698804464,200.9234693877551,10.6,simulada
196,0.3646374946847494,154.48979591836732,11.67142857142857,simulada
123,0.14195286195286205,73.1466836734694,14.071428571428571,simulada
129,0.38618511859358506,64.71811224489797,7.885714285714286,simulada
43,0.09920512820512836,18.44387755102041,13.085714285714285,simulada
91,0.10160714285714277,26.90816326530612,19.67142857142857,simulada
28,0.15567765567765565,9.238520408163266,7.128571428571429,simulada
235,0.2971260862753682,763.5,11.885714285714286,simulada
132,0.3568393713168503,55.16709183673469,10.871428571428572,simulada
128,0.3829446459551104,55.03061224489796,8.271428571428572,simulada
194,0.32716973718755643,204.35714285714286,13.914285714285715,simulada
217,0.18471661447968615,760.1938775510205,30.714285714285715,simulada
42,0.10977829537612145,17.45280612244898,8.085714285714285,simulada
128,0.3829446459551104,55.03061224489796,8.271428571428572,simulada
27,0.33854166666666674,9.872448979591836,4.3,simulada
189,0.0931088288353717,294.06632653061223,35.68571428571428,simulada
92,0.07829721204721206,27.034438775510203,12.657142857142857,simulada
25,0.20310846560846563,5.360969387755103,4.985714285714286,simulada
238,0.16979164544156172,811.6938775510205,27.385714285714286,simulada
169,0.13492967470240175,132.87244897959184,34.41428571428571,simulada
38,0.3087662337662337,17.534438775510207,5.385714285714286,simulada
25,0.3080808080808081,15.673469387755103,3.8142857142857145,simulada
199,0.3266641830435216,88.14668367346938,12.885714285714286,simulada
175,0.08818169378514128,129.66836734693877,36.15714285714286,simulada
168,0.11038846066802338,610.4081632653061,31.5,simulada
197,0.07545435885953312,216.03061224489798,46.3,simulada
36,0.08486842105263154,4.70408163265306,4.4714285714285715,simulada
195,0.36045939028967333,115.95408163265306,11.314285714285715,simulada
42,0.4262007833436404,6.13265306122449,4.3,simulada
230,0.21844993087640308,967.0255102040817,25.0,simulada
224,0.21150198491293543,1091.452806122449,29.314285714285713,simulada
50,0.16250000000000014,19.71811224489796,10.742857142857142,simulada
30,0.43224789915966394,11.489795918367347,3.5714285714285716,simulada
44,0.0907581453634085,8.372448979591836,6.914285714285715,simulada
188,0.3071497086673535,429.952806122449,12.157142857142857,simulada
145,0.3838864049756483,70.73852040816327,8.685714285714285,simulada
76,0.15734610917537717,66.78954081632654,11.842857142857143,simulada
29,0.22202380952380954,18.738520408163264,5.0,simulada
164,0.35509012092675957,136.4234693877551,9.457142857142857,simulada
199,0.3678044505117995,161.74872448979593,11.728571428571428,simulada
54,0.06493772893772896,9.372448979591836,13.957142857142857,simulada
184,0.3172170150454057,269.265306122449,13.914285714285715,simulada
42,0.31040300782148583,64.87244897959184,6.114285714285714,simulada
187,0.3394972545876018,116.1670918367347,12.285714285714286,simulada
230,0.36334036172948575,297.952806122449,11.885714285714286,simulada
27,0.36000000000000004,5.952806122448979,4.242857142857143,simulada
184,0.36837833839897804,147.67346938775512,10.571428571428571,simulada
69,0.1033298097251586,37.78061224489796,11.285714285714286,simulada
227,0.14857995320376166,639.6377551020408,25.614285714285714,simulada
111,0.15837603851230672,125.94387755102039,14.0,simulada
139,0.1556670843776115,209.23979591836732,13.314285714285715,simulada
32,0.44957983193277323,11.83673469387755,3.257142857142857,simulada
43,0.22114252645502644,20.561224489795915,6.828571428571428,simulada
168,0.164019186139002,239.53443877551018,17.271428571428572,simulada
55,0.08593869731800773,16.428571428571427,12.857142857142858,simulada
174,0.35096604434268003,108.20918367346938,10.414285714285715,simulada
160,0.3561758539488187,67.46428571428571,9.985714285714286,simulada
25,0.2369047619047619,6.423469387755101,4.185714285714286,simulada
248,0.2822941658567485,264.73852040816325,16.942857142857143,simulada
30,0.4666666666666667,3.6875,3.157142857142857,simulada
111,0.2688479344729346,160.83673469387756,7.814285714285714,simulada
188,0.31906428318941465,169.01530612244898,12.271428571428572,simulada
170,0.3917916964356594,235.02423469387756,8.32857142857143,simulada
212,0.3623390863710662,198.06632653061226,10.757142857142858,simulada
228,0.3528435279281836,255.97321428571428,11.785714285714286,simulada
61,0.3500000000000001,60.382653061224495,5.414285714285715,simulada
42,0.4262007833436404,6.13265306122449,4.3,simulada
228,0.19404545665619458,1583.9897959183672,32.81428571428572,simulada
207,0.31957603140932794,600.7181122448981,10.942857142857143,simulada
166,0.22605211955621723,342.6683673469388,13.957142857142857,simulada
161,0.28348444085732266,429.54464285714283,9.0,simulada
29,0.09401709401709399,6.173469387755103,7.9714285714285715,simulada
196,0.09224542789097745,340.03443877551024,38.05714285714286,simulada
173,0.3581622649466357,272.4732142857143,10.157142857142857,simulada
200,0.314435976689057,172.1670918367347,13.071428571428571,simulada
159,0.36483815946676645,107.37244897959184,10.571428571428571,simulada
211,0.3654923697807053,235.96301020408166,11.628571428571428,simulada
91,0.4177236652236651,28.64668367346939,5.742857142857143,simulada
84,0.3585184552289817,26.14668367346939,6.685714285714286,simulada
76,0.3269230769230768,97.94387755102039,6.714285714285714,simulada
217,0.3692064915960021,204.03571428571428,12.557142857142857,simulada
41,0.25735294117647056,18.45918367346939,3.942857142857143,simulada
25,0.4523809523809525,13.061224489795919,3.2,simulada
160,0.3713161294709642,250.67729591836732,9.9,simulada
203,0.366960070384595,123.66836734693878,12.657142857142857,simulada
197,0.3506428861464695,213.49489795918367,12.428571428571429,simulada
230,0.21844993087640308,967.0255102040817,25.0,simulada
54,0.4288888888888884,45.38775510204082,4.271428571428571,simulada
178,0.06342780735984624,115.74489795918366,33.285714285714285,simulada
196,0.09752269317644843,249.69387755102042,35.0,simulada
182,0.3891085069666549,112.93239795918366,8.3,simulada
231,0.2911774818403917,289.53443877551024,15.871428571428572,simulada
210,0.33601398352374306,167.82015306122452,13.257142857142858,simulada
224,0.1283787152737009,592.1326530612245,35.0,simulada
78,0.11749208808867899,49.401785714285715,13.9,simulada
225,0.11199849768551651,520.7755102040817,34.68571428571428,simulada
128,0.35638486420331156,45.78061224489796,10.242857142857142,simulada
230,0.3501634031828274,178.3112244897959,12.5,simulada
207,0.08259543200319035,240.53061224489792,43.6,simulada
159,0.3345118418775542,92.95280612244899,12.2,simulada
44,0.04266381766381766,4.860969387755103,17.414285714285715,simulada
50,0.12963821892393332,16.066326530612244,10.071428571428571,simulada
27,0.36000000000000004,5.952806122448979,4.242857142857143,simulada
188,0.11314572452636873,436.952806122449,23.414285714285715,simulada
27,0.04603174603174603,3.4323979591836733,10.714285714285714,simulada
172,0.32643586153970594,146.78571428571428,10.742857142857142,simulada
25,0.12683150183150182,4.964285714285714,5.9714285714285715,simulada
42,0.17960573476702502,46.09566326530612,10.214285714285714,simulada
106,0.388340711169047,48.360969387755105,7.285714285714286,simulada
130,0.39172519943649964,80.43239795918369,8.014285714285714,simulada
199,0.3266641830435216,88.14668367346938,12.885714285714286,simulada
38,0.1490362811791384,18.714285714285715,9.942857142857143,simulada
199,0.36329238994293145,170.74872448979593,11.957142857142857,simulada
189,0.36133309745474773,128.88137755102042,10.014285714285714,simulada
129,0.11857145914349325,113.9438775510204,29.314285714285713,simulada
35,0.3246031746031745,27.346938775510203,4.3428571428571425,simulada
141,0.35401835019798356,62.452806122448976,10.357142857142858,simulada
190,0.0956244064577389,184.38137755102042,33.0,simulada
137,0.3866359395964654,60.820153061224495,8.628571428571428,simulada
188,0.08622491512469027,137.02551020408163,39.08571428571429,simulada
210,0.19003492895756316,303.94387755102036,19.314285714285713,simulada
153,0.37707239971278567,102.82142857142857,9.957142857142857,simulada
168,0.08200380427653134,324.00382653061223,31.67142857142857,simulada
165,0.19471650123165235,176.46301020408163,19.2,simulada
242,0.3780931839968255,154.77551020408166,11.114285714285714,simulada
102,0.4055077127804024,52.66836734693878,6.957142857142857,simulada
32,0.44957983193277323,11.83673469387755,3.257142857142857,simulada
40,0.08122529644268772,10.381377551020407,9.542857142857143,simulada
195,0.08729567673173894,370.67729591836735,40.4,simulada
31,0.4068627450980392,6.534438775510204,3.9285714285714284,simulada
70,0.2628284072249591,84.02551020408164,8.0,simulada
149,0.35401160944998866,94.71811224489797,8.3,simulada
228,0.3726765497564329,187.21811224489798,12.771428571428572,simulada
40,0.08267457180500659,13.391581632653061,9.928571428571429,simulada
86,0.13356973995271873,54.401785714285715,7.785714285714286,simulada
30,0.2253076923076923,43.19387755102041,7.542857142857143,simulada
151,0.06662491432574842,75.95918367346938,25.357142857142858,simulada
210,0.18014696234366556,507.45918367346934,19.385714285714286,simulada
215,0.35019061656017425,268.4795918367347,11.957142857142857,simulada
30,0.43224789915966394,11.489795918367347,3.5714285714285716,simulada
42,0.32606266282736857,18.3609693877551,5.314285714285714,simulada
75,0.3855381460644617,21.489795918367346,7.114285714285714,simulada
212,0.359705533719367,198.0344387755102,11.785714285714286,simulada
103,0.3903511657188127,76.08673469387756,7.071428571428571,simulada
207,0.20100727817554145,453.54464285714283,21.642857142857142,simulada
226,0.3593359388767026,195.6875,12.314285714285715,simulada
172,0.12383808587725689,135.00382653061223,19.9,simulada
40,0.38480975723622785,10.63265306122449,4.642857142857143,simulada
98,0.3865552918145561,40.61607142857143,7.6571428571428575,simulada
224,0.3304601384413409,279.56122448979596,11.942857142857143,simulada
162,0.059720898367687306,120.09566326530613,36.41428571428571,simulada
49,0.09492307692307703,15.58673469387755,13.9,simulada
190,0.0956244064577389,184.38137755102042,33.0,simulada
147,0.12116814915322409,186.75892857142858,22.742857142857144,simulada
145,0.35472281991512816,232.95408163265307,7.9714285714285715,simulada
245,0.2637261469389624,531.9591836734694,16.87142857142857,simulada
155,0.09133054483054572,115.45918367346938,24.985714285714284,simulada
217,0.18471661447968615,760.1938775510205,30.714285714285715,simulada
207,0.3181713667381917,562.4630102040817,11.185714285714285,simulada
154,0.17006957328385913,180.01530612244898,14.357142857142858,simulada
113,0.38494617730132946,54.285714285714285,8.385714285714286,simulada
28,0.3584656084656086,12.60204081632653,3.6857142857142855,simulada
232,0.3713227888621339,188.23852040816328,13.928571428571429,simulada
195,0.20835423924366173,331.60204081632645,14.942857142857143,simulada
42,0.32606266282736857,18.3609693877551,5.314285714285714,simulada
47,0.3833634330925353,13.744897959183675,4.828571428571428,simulada
197,0.16125365583230725,529.9438775510204,21.4,simulada
190,0.10463748022538523,194.50382653061226,31.2,simulada
30,0.3150691900691901,7.524234693877551,4.642857142857143,simulada
171,0.09165324463118564,359.1683673469388,32.371428571428574,simulada
58,0.1754906616017727,30.238520408163264,8.571428571428571,simulada
237,0.20607063979180135,815.3826530612245,22.67142857142857,simulada
248,0.3808501988313119,211.05102040816328,12.1,simulada
234,0.37472701067190056,177.98979591836732,13.528571428571428,simulada
202,0.15713738146773634,556.4017857142857,22.557142857142857,simulada
150,0.0632425851696613,187.3112244897959,39.34285714285714,simulada
154,0.17006957328385922,180.01530612244898,14.314285714285715,simulada
211,0.3797840794491323,189.81632653061226,10.914285714285715,simulada
110,0.34841263620471946,58.03061224489796,8.8,simulada
230,0.21861282309010985,810.9642857142857,20.12857142857143,simulada
173,0.34674606398732405,187.35204081632654,11.9,simulada
199,0.37412567917405337,174.62244897959184,11.571428571428571,simulada
207,0.20100727817554145,453.54464285714283,21.642857142857142,simulada
203,0.36956953494031997,208.03443877551018,11.257142857142858,simulada
165,0.0827697262479871,165.28061224489792,29.1,simulada
167,0.3872531460403315,97.55102040816327,9.871428571428572,simulada
198,0.33693310337843496,130.60586734693877,12.971428571428572,simulada
209,0.3574095857449595,170.0752551020408,10.642857142857142,simulada
195,0.3532334308283462,143.81632653061226,12.214285714285714,simulada
213,0.37925988150536455,207.8469387755102,10.185714285714285,simulada
191,0.24031432926068022,598.4017857142857,20.428571428571427,simulada
96,0.30919913419913364,100.4795918367347,8.085714285714285,simulada
160,0.3556914980582964,116.40816326530613,11.742857142857142,simulada
41,0.43980331262939965,6.952806122448979,4.085714285714285,simulada
167,0.3872531460403315,97.55102040816327,9.871428571428572,simulada
29,0.3580707282913165,6.551020408163265,4.3,simulada
225,0.3133024734173569,764.218112244898,12.242857142857142,simulada
34,0.2222222222222222,10.551020408163264,4.057142857142857,simulada
48,0.08298059964726642,15.872448979591837,13.942857142857143,simulada
32,0.44957983193277323,11.83673469387755,3.257142857142857,simulada
190,0.10463748022538523,194.50382653061226,31.2,simulada
187,0.07650972452934608,281.1670918367347,30.17142857142857,simulada
48,0.36732804232804217,32.003826530612244,5.571428571428571,simulada
228,0.3712245925060064,460.3724489795918,8.771428571428572,simulada
169,0.13658258156557368,410.1938775510204,17.557142857142857,simulada
60,0.44074074074073993,40.48979591836735,4.557142857142857,simulada
165,0.21614140778372173,283.16836734693874,13.571428571428571,simulada
57,0.09586489898989911,28.748724489795915,18.8,simulada
106,0.3894709097089122,61.66709183673469,7.0285714285714285,simulada
248,0.276434316867903,1917.8163265306123,22.32857142857143,simulada
109,0.3654129236685861,44.23979591836735,8.957142857142857,simulada
162,0.059720898367687306,120.09566326530613,36.41428571428571,simulada
182,0.37250987949984843,74.74489795918366,11.242857142857142,simulada
83,0.4054311603183781,25.20918367346939,5.457142857142857,simulada
71,0.3514663087457206,33.642857142857146,6.6571428571428575,simulada
86,0.13356973995271873,54.401785714285715,7.785714285714286,simulada
26,0.15705128205128205,9.891581632653061,4.357142857142857,simulada
246,0.218084063337823,1453.075255102041,30.2,simulada
33,0.39853896103896097,10.994897959183673,3.942857142857143,simulada
177,0.37939219073119934,166.99489795918367,9.485714285714286,simulada
157,0.19902110357984115,272.17729591836735,13.242857142857142,simulada
76,0.10781540649961704,47.372448979591844,14.5,simulada
148,0.3105073398380205,183.0752551020408,9.985714285714286,simulada
34,0.26067821067821073,23.311224489795922,5.685714285714286,simulada
196,0.38097141372764637,136.1466836734694,11.214285714285714,simulada
173,0.0874817086444989,389.4323979591837,33.91428571428571,simulada
56,0.10845648604269299,19.122448979591837,9.728571428571428,simulada
186,0.3737444588329834,120.89158163265306,11.728571428571428,simulada
71,0.09388308168795977,33.57525510204081,16.557142857142857,simulada
161,0.3458793195756448,73.21811224489795,10.657142857142857,simulada
161,0.06578245022585999,118.75,31.271428571428572,simulada
145,0.21496512145862684,416.51530612244903,14.528571428571428,simulada
45,0.13352130325814537,18.473214285714285,17.17142857142857,simulada
166,0.3063229792376456,468.2755102040816,13.242857142857142,simulada
30,0.18257575757575759,6.003826530612245,4.485714285714286,simulada
155,0.06488519974758537,193.86096938775512,36.614285714285714,simulada
53,0.085249042145594,18.677295918367346,14.67142857142857,simulada
156,0.3369047619047624,274.4630102040816,11.085714285714285,simulada
200,0.0822457849573207,228.71428571428572,41.72857142857143,simulada
243,0.37225498995717865,312.03443877551024,12.157142857142857,simulada
38,0.3439393939393939,22.667091836734695,4.9714285714285715,simulada
37,0.0908730158730159,9.785714285714286,11.928571428571429,simulada
50,0.12963821892393332,16.066326530612244,10.071428571428571,simulada
49,0.06944444444444445,8.51530612244898,8.885714285714286,simulada
119,0.4094715939635724,68.06122448979592,6.571428571428571,simulada
27,0.33854166666666674,9.872448979591836,4.3,simulada
25,0.20310846560846563,5.360969387755103,4.985714285714286,simulada
185,0.19112166659336124,728.2091836734695,20.8,simulada
152,0.30581655125680335,344.06632653061223,8.8,simulada
190,0.14061687011686974,211.06122448979593,20.457142857142856,simulada
200,0.3507490072208161,231.5752551020408,11.571428571428571,simulada
226,0.1472763287360608,752.6875,32.72857142857143,simulada
175,0.10386271726513926,424.12244897959187,26.34285714285714,simulada
68,0.24735470085470096,49.27551020408163,6.485714285714286,simulada
32,0.17585034013605447,13.70408163265306,5.271428571428571,simulada
96,0.35934685062836313,68.31122448979592,6.928571428571429,simulada
178,0.3424162089682429,70.02423469387755,12.442857142857143,simulada
63,0.11480213626952762,17.051020408163264,12.285714285714286,simulada
71,0.4066299620338329,44.81122448979592,6.2,simulada
188,0.08388874220109963,215.3877551020408,33.92857142857143,simulada
151,0.06662491432574842,75.95918367346938,25.357142857142858,simulada
109,0.1376562499999995,117.51530612244899,18.542857142857144,simulada
245,0.3406327010022098,238.27551020408166,14.085714285714285,simulada
224,0.3206568843076079,217.50382653061226,12.885714285714286,simulada
130,0.2953605017505577,73.35204081632654,13.4,simulada
45,0.3288194444444444,43.09566326530613,5.714285714285714,simulada
58,0.1754906616017727,30.238520408163264,8.571428571428571,simulada
167,0.3740465962621336,68.56122448979592,10.014285714285714,simulada
136,0.2888372931977586,208.80994897959184,11.914285714285715,simulada
61,0.3500000000000001,60.382653061224495,5.414285714285715,simulada
202,0.3698431715418844,182.21428571428572,10.471428571428572,simulada
151,0.10399150781570905,153.43239795918365,34.4,simulada
32,0.29793650793650794,10.142857142857142,4.728571428571429,simulada
96,0.12327493451186818,77.88775510204083,15.985714285714286,simulada
28,0.295422335600907,7.918367346938775,4.542857142857143,simulada
47,0.10600000000000014,11.5,5.571428571428571,simulada
206,0.2759801434101554,878.9081632653061,14.728571428571428,simulada
198,0.1647211304777098,502.9630102040816,25.071428571428573,simulada
139,0.3263572662823632,99.33035714285714,12.3,simulada
221,0.3516418402740404,216.76530612244898,12.242857142857142,simulada
47,0.3833634330925353,13.744897959183675,4.828571428571428,simulada
176,0.2192358998503072,298.5867346938776,13.471428571428572,simulada
195,0.08224326368830227,232.3826530612245,36.48571428571429,simulada
57,0.4061509165069537,12.452806122448978,5.642857142857143,simulada
117,0.09941707474952151,43.45918367346939,21.82857142857143,simulada
170,0.22378999446668565,485.3724489795918,12.6,simulada
59,0.14792241775937442,26.963010204081634,10.7,simulada
180,0.36051178488094665,111.45918367346938,11.914285714285715,simulada
30,0.2253076923076923,43.19387755102041,7.542857142857143,simulada
27,0.21527777777777768,10.034438775510205,3.8857142857142857,simulada
37,0.0753795721187026,12.392857142857142,12.814285714285715,simulada
90,0.2755350844041314,142.10586734693877,10.714285714285714,simulada
221,0.13369516302204018,698.7181122448981,28.62857142857143,simulada
219,0.10246220090852678,346.9183673469388,36.42857142857143,simulada
26,0.1672979797979798,6.489795918367347,4.2,simulada
205,0.36257705006387136,201.28061224489798,10.785714285714286,simulada
48,0.39682539682539647,30.678571428571427,4.0285714285714285,simulada
223,0.3649519001085995,242.6670918367347,11.928571428571429,simulada
35,0.07433084344849046,4.836734693877552,11.228571428571428,simulada
155,0.09087510827552768,62.5969387755102,19.514285714285716,simulada
246,0.1314655249381623,476.1058673469388,35.77142857142857,simulada
170,0.09490263268791409,347.42857142857144,31.514285714285716,simulada
73,0.35514748409485225,63.525510204081634,7.0285714285714285,simulada
174,0.35096604434268003,108.20918367346938,10.414285714285715,simulada
153,0.3827253478523897,105.24872448979592,7.9714285714285715,simulada
59,0.0775457875457876,14.158163265306124,9.6,simulada
57,0.4289958407605465,19.70918367346939,4.642857142857143,simulada
28,0.4538888888888889,5.173469387755103,3.1714285714285713,simulada
118,0.14791498490773877,116.61607142857143,16.685714285714287,simulada
167,0.08701004211208263,177.91836734693877,26.4,simulada
191,0.3464647309212532,272.67729591836735,11.771428571428572,simulada
39,0.11432178932178942,17.239795918367346,10.042857142857143,simulada
76,0.15734610917537717,66.78954081632654,11.842857142857143,simulada
225,0.3704998186310941,130.67729591836735,12.728571428571428,simulada
227,0.11812365320809605,539.6466836734694,36.957142857142856,simulada
211,0.3797840794491323,189.81632653061226,10.914285714285715,simulada
54,0.05185091106143739,10.6875,15.285714285714286,simulada
32,0.44957983193277323,11.83673469387755,3.257142857142857,simulada
87,0.13405997578411394,46.132653061224495,15.728571428571428,simulada
108,0.42206526417052614,65.08673469387756,6.285714285714286,simulada
242,0.34250255130433704,281.17729591836735,12.1,simulada
212,0.16098226529072812,535.3609693877551,28.2,simulada
57,0.060899470899470946,14.58673469387755,16.357142857142858,simulada
58,0.0748924731182796,14.27551020408163,11.814285714285715,simulada
87,0.13405997578411394,46.132653061224495,15.728571428571428,simulada
67,0.39654589906137877,16.586734693877553,5.8,simulada
227,0.15004410546952648,618.8813775510205,25.857142857142858,simulada
196,0.10560994893784538,213.44387755102042,31.0,simulada
241,0.27907489009926545,541.1071428571429,17.2,simulada
157,0.3665653539287803,113.63265306122449,9.628571428571428,simulada
125,0.3738663314295966,73.13265306122449,8.585714285714285,simulada
222,0.22056659909102863,878.8877551020407,23.37142857142857,simulada
200,0.10806201821907738,260.9795918367347,31.885714285714286,simulada
48,0.39682539682539647,30.678571428571427,4.0285714285714285,simulada
48,0.41463656169538504,23.102040816326532,4.6,simulada
28,0.42397584033613456,12.061224489795919,3.4857142857142858,simulada
197,0.37273794072039645,128.02423469387756,11.871428571428572,simulada
73,0.4063186813186813,26.602040816326532,5.8428571428571425,simulada
123,0.24559468309468283,153.38137755102042,10.042857142857143,simulada
194,0.13394376156901858,359.59693877551024,31.228571428571428,simulada
29,0.07298474945533767,5.952806122448979,10.414285714285715,simulada
29,0.059941520467836226,4.979591836734694,8.614285714285714,simulada
33,0.24634740259740262,15.989795918367347,5.442857142857143,simulada
145,0.3205657063806471,99.02423469387756,11.17142857142857,simulada
32,0.10218253968253964,8.88265306122449,8.085714285714285,simulada
32,0.29227994227994236,13.320153061224492,4.328571428571428,simulada
202,0.20972916573565817,366.4234693877551,18.67142857142857,simulada
209,0.3705000246733848,176.7091836734694,12.257142857142858,simulada
226,0.36544775099889615,268.7091836734694,11.585714285714285,simulada
45,0.16600000000000026,28.503826530612248,7.271428571428571,simulada
26,0.08745421245421248,3.1875,4.385714285714286,simulada
61,0.3500000000000001,60.382653061224495,5.414285714285715,simulada
208,0.3544884266327632,179.21811224489798,13.485714285714286,simulada
184,0.06493768564972306,131.90178571428572,44.44285714285714,simulada
184,0.06493768564972306,131.90178571428572,44.44285714285714,simulada
238,0.3896882559201418,189.08673469387756,11.442857142857143,simulada
188,0.14647711276151387,538.218112244898,24.514285714285716,simulada
192,0.3615474808250185,150.69387755102042,11.757142857142858,simulada
81,0.24895572263993318,125.67729591836736,10.028571428571428,simulada
231,0.2911774818403917,289.53443877551024,15.871428571428572,simulada
150,0.3675160582818413,69.32015306122449,10.471428571428572,simulada
50,0.16250000000000014,19.71811224489796,10.742857142857142,simulada
100,0.38010256399587644,44.38137755102041,6.485714285714286,simulada
39,0.2173076923076924,11.994897959183675,5.714285714285714,simulada
166,0.29355623875238246,249.71811224489798,13.6,simulada
32,0.44444444444444425,11.83673469387755,3.5,simulada
56,0.10845648604269299,19.122448979591837,9.728571428571428,simulada
33,0.125,9.071428571428571,5.542857142857143,simulada
246,0.21802248714067796,1293.5612244897961,28.042857142857144,simulada
202,0.23013873213133001,913.8915816326531,17.885714285714286,simulada
224,0.21150198491293543,1091.452806122449,29.314285714285713,simulada
152,0.18097684563201655,366.94387755102036,20.685714285714287,simulada
195,0.08170522311390674,291.92857142857144,35.31428571428572,simulada
40,0.41378330084470444,13.667091836734695,4.285714285714286,simulada
214,0.12006456585347497,627.1071428571429,32.18571428571428,simulada
149,0.16120096340141124,346.61607142857144,22.857142857142858,simulada
25,0.3080808080808081,15.673469387755103,3.8142857142857145,simulada
98,0.23467441878712253,92.08673469387756,9.485714285714286,simulada
200,0.3232850542850524,751.5306122448981,9.2,simulada
99,0.07861801242236037,47.142857142857146,25.314285714285713,simulada
31,0.1556372549019608,15.494897959183673,6.728571428571429,simulada
97,0.40158772891307537,33.285714285714285,7.285714285714286,simulada
42,0.17960573476702502,46.09566326530612,10.214285714285714,simulada
209,0.3496038590291214,167.67729591836732,13.085714285714285,simulada
145,0.05671920928865371,55.336734693877546,33.27142857142857,simulada
182,0.34944652380137725,118.4795918367347,12.0,simulada
185,0.3512713984624449,145.95280612244898,11.7,simulada
238,0.3528131387275384,261.2091836734694,12.657142857142857,simulada
201,0.11259261810019293,343.59693877551024,27.84285714285714,simulada
43,0.39251430387794023,20.729591836734695,4.8428571428571425,simulada
44,0.12868906455862983,16.76530612244898,6.242857142857143,simulada
49,0.31666012558869683,25.1734693877551,4.957142857142857,simulada
93,0.09309708379475809,38.47959183673469,12.971428571428572,simulada
145,0.35939412802157783,86.8813775510204,10.257142857142858,simulada
37,0.06889329805996477,10.38265306122449,14.6,simulada
198,0.09260919106338823,324.6326530612245,33.3,simulada
194,0.10996761199951642,372.2755102040816,29.82857142857143,simulada
167,0.08701004211208263,177.91836734693877,26.4,simulada
116,0.3842241831695943,34.95280612244898,8.32857142857143,simulada
31,0.338112244897959,27.667091836734695,5.3428571428571425,simulada
75,0.3863880855986117,66.13775510204081,5.0285714285714285,simulada
191,0.24031432926068022,598.4017857142857,20.428571428571427,simulada
196,0.3646374946847494,154.48979591836732,11.67142857142857,simulada
236,0.2919351280001954,1293.575255102041,15.357142857142858,simulada
227,0.32725005738781204,143.10204081632654,12.942857142857143,simulada
162,0.1176169749317899,202.5,21.84285714285714,simulada
30,0.2253076923076923,43.19387755102041,7.542857142857143,simulada
230,0.384382110671204,189.00382653061226,12.071428571428571,simulada
30,0.40352807789782585,8.605867346938776,4.142857142857143,simulada
149,0.16120096340141124,346.61607142857144,22.857142857142858,simulada
68,0.16990005878894784,28.881377551020403,10.742857142857142,simulada
40,0.06459359605911323,12.177295918367347,10.071428571428571,simulada
39,0.08748387285948869,18.45918367346939,8.114285714285714,simulada
71,0.4009720127367187,24.132653061224488,5.9714285714285715,simulada
59,0.1536043956043956,30.381377551020403,12.128571428571428,simulada
56,0.20876858648597793,37.423469387755105,6.5285714285714285,simulada
165,0.21614140778372173,283.16836734693874,13.571428571428571,simulada
157,0.369569122310308,103.45918367346938,10.271428571428572,simulada
233,0.35640105091673974,149.52551020408163,12.642857142857142,simulada
70,0.2628284072249591,84.02551020408164,8.0,simulada
180,0.109768703727601,170.89158163265307,28.885714285714286,simulada
86,0.13356973995271873,54.401785714285715,7.785714285714286,simulada
116,0.17301921208454718,195.30994897959184,13.742857142857142,simulada
103,0.35914354208064475,47.90816326530613,8.185714285714285,simulada
211,0.3647030341827574,236.52423469387756,11.442857142857143,simulada
25,0.3181818181818183,12.551020408163266,3.4714285714285715,simulada
210,0.28744666257887397,486.9234693877551,13.428571428571429,simulada
95,0.34783186178955006,39.28061224489796,8.3,simulada
59,0.14792241775937442,26.963010204081634,10.7,simulada
150,0.21247658483683418,368.67729591836735,14.728571428571428,simulada
44,0.19609440267335018,26.6734693877551,6.3,simulada
75,0.4070048309178745,97.06122448979592,5.571428571428571,simulada
184,0.06493768564972306,131.90178571428572,44.44285714285714,simulada
112,0.11100182149362463,79.1670918367347,20.214285714285715,simulada
64,0.37143326230013535,19.989795918367346,6.285714285714286,simulada
195,0.08224326368830227,232.3826530612245,36.48571428571429,simulada
200,0.32328505428505266,751.5306122448981,9.2,simulada
124,0.39573817322504845,69.71811224489797,6.928571428571429,simulada
75,0.3863880855986117,66.13775510204081,5.0285714285714285,simulada
239,0.21540041281535152,658.9795918367347,26.12857142857143,simulada
233,0.3718382346736322,191.45280612244898,12.814285714285715,simulada
191,0.10770639293366614,334.452806122449,30.942857142857143,simulada
232,0.348243578302581,200.33035714285714,12.9,simulada
169,0.13492967470240175,132.87244897959184,34.41428571428571,simulada
44,0.2785087719298246,34.860969387755105,5.385714285714286,simulada
68,0.24735470085470096,49.27551020408163,6.485714285714286,simulada
176,0.23440539161693028,275.8609693877551,15.32857142857143,simulada
168,0.10113573021181776,183.8826530612245,30.357142857142858,simulada
223,0.16919707024223973,794.0344387755102,27.34285714285714,simulada
78,0.11749208808867899,49.401785714285715,13.9,simulada
63,0.11976307764485117,25.96301020408163,11.528571428571428,simulada
202,0.20972916573565817,366.4234693877551,18.67142857142857,simulada
64,0.37143326230013535,19.989795918367346,6.285714285714286,simulada
78,0.09700560224089637,57.8469387755102,19.3,simulada
241,0.29263146794725514,639.7589285714286,15.842857142857143,simulada
129,0.11857145914349325,113.9438775510204,29.314285714285713,simulada
85,0.3604655870445342,62.857142857142854,5.742857142857143,simulada
231,0.3545227757954237,127.41836734693878,14.014285714285714,simulada
245,0.2637261469389624,531.9591836734694,16.87142857142857,simulada
185,0.3860806364012911,124.83673469387756,10.457142857142857,simulada
225,0.2996929057170622,918.515306122449,12.457142857142857,simulada
194,0.33635464236801565,121.24872448979592,13.357142857142858,simulada
27,0.0613095238095238,3.9630102040816326,12.32857142857143,simulada
92,0.38622828517371843,37.52423469387755,7.057142857142857,simulada
124,0.39573817322504845,69.71811224489797,6.928571428571429,simulada
71,0.3514663087457206,33.642857142857146,6.6571428571428575,simulada
200,0.242554514995845,1286.9234693877552,19.5,simulada
62,0.08950021450021432,27.13265306122449,8.32857142857143,simulada
29,0.12316849816849818,5.744897959183674,11.014285714285714,simulada
95,0.34783186178955006,39.28061224489796,8.3,simulada
69,0.40012134330316135,11.01530612244898,6.1,simulada
67,0.42057925461035495,17.959183673469386,5.314285714285714,simulada
172,0.19110695335583744,269.53061224489795,18.3,simulada
137,0.3147342216491151,260.48979591836735,7.671428571428572,simulada
103,0.3746697626418985,51.452806122448976,7.814285714285714,simulada
71,0.08777169404347089,29.642857142857142,10.1,simulada
117,0.18452164894996195,132.78061224489798,16.928571428571427,simulada
218,0.31237426168301635,507.92346938775506,12.785714285714286,simulada
234,0.38058567302959534,240.1670918367347,12.028571428571428,simulada
239,0.3694557825027783,545.5956632653061,11.628571428571428,simulada
40,0.06921182266009854,8.78061224489796,10.457142857142857,simulada
218,0.31237426168301635,507.92346938775506,12.785714285714286,simulada
69,0.14538474810213947,31.28061224489796,12.742857142857142,simulada
247,0.3184777935274487,1383.7385204081634,16.685714285714287,simulada
225,0.2844173312442548,1113.857142857143,18.17142857142857,simulada
28,0.451578947368421,5.7397959183673475,3.2142857142857144,simulada
161,0.12215196362232762,675.6466836734693,26.514285714285716,simulada
84,0.3450863503296054,18.238520408163264,8.371428571428572,simulada
25,0.19646464646464648,8.285714285714286,4.371428571428571,simulada
130,0.14516937371963726,204.40816326530611,17.228571428571428,simulada
102,0.06881633798300478,35.432397959183675,18.414285714285715,simulada
36,0.45096491228070174,5.908163265306122,3.357142857142857,simulada
173,0.2280980130980139,352.1466836734694,14.357142857142858,simulada
225,0.3133024734173569,764.218112244898,12.242857142857142,simulada
180,0.36051178488094665,111.45918367346938,11.914285714285715,simulada
225,0.2844173312442548,1113.857142857143,18.17142857142857,simulada
86,0.3929142209550068,20.596938775510203,7.128571428571429,simulada
71,0.173279569892473,36.51530612244898,10.1,simulada
53,0.23152173913043492,35.17729591836734,5.257142857142857,simulada
150,0.36052618931585173,88.28061224489795,10.17142857142857,simulada
238,0.3896882559201418,189.08673469387756,11.442857142857143,simulada
112,0.3723985325124199,42.515306122448976,9.271428571428572,simulada
149,0.056169576264240656,59.94387755102041,36.7,simulada
123,0.39052204787330663,72.53571428571429,7.057142857142857,simulada
175,0.07884974668879965,234.8201530612245,38.357142857142854,simulada
83,0.12266433099766424,41.52423469387755,11.785714285714286,simulada
48,0.4482748538011695,16.19387755102041,3.914285714285714,simulada
74,0.09970012626262637,27.973214285714285,14.185714285714285,simulada
28,0.15567765567765565,9.238520408163266,7.128571428571429,simulada
214,0.09901984599413396,455.015306122449,35.27142857142857,simulada
172,0.19110695335583744,269.53061224489795,18.3,simulada
195,0.3584260898861057,140.95280612244898,11.4,simulada
172,0.2263275233760325,275.7487244897959,17.085714285714285,simulada
42,0.15716374269005848,11.173469387755102,7.4714285714285715,simulada
222,0.4002550702998646,250.69387755102042,8.242857142857142,simulada
27,0.05484126984126984,2.6058673469387754,7.928571428571429,simulada
107,0.11252631578947374,132.33673469387756,10.3,simulada
191,0.24031432926068022,598.4017857142857,20.428571428571427,simulada
104,0.21925699572758428,102.57525510204081,9.957142857142857,simulada
32,0.21622023809523805,18.575255102040817,6.671428571428572,simulada
180,0.10333567875940744,441.88137755102036,29.185714285714287,simulada
185,0.09827737932779897,178.26530612244898,32.8,simulada
66,0.15478225478225474,36.932397959183675,12.214285714285714,simulada
31,0.43697478991596655,12.122448979591837,3.7857142857142856,simulada
132,0.3838089756820403,99.03443877551021,7.957142857142857,simulada
184,0.3800858185814558,106.1670918367347,10.114285714285714,simulada
230,0.370288309646252,167.23852040816328,11.914285714285715,simulada
55,0.3048919334633619,26.887755102040817,5.871428571428571,simulada
160,0.3556914980582964,116.40816326530613,11.742857142857142,simulada
94,0.2826666132221685,89.71811224489795,8.514285714285714,simulada
197,0.07545435885953312,216.03061224489798,46.3,simulada
204,0.34667639510303183,217.67729591836738,10.9,simulada
211,0.3647030341827574,236.52423469387756,11.442857142857143,simulada
30,0.43224789915966394,11.489795918367347,3.5714285714285716,simulada
35,0.25138888888888905,21.979591836734695,4.742857142857143,simulada
228,0.09976525024562248,300.73852040816325,35.614285714285714,simulada
77,0.2897435897435912,117.55102040816325,5.414285714285715,simulada
37,0.25816498316498315,17.668367346938776,6.314285714285714,simulada
186,0.3001385338210853,377.50382653061223,13.185714285714285,simulada
236,0.15115952508995206,643.5344387755102,33.371428571428574,simulada
216,0.16968555549133973,836.265306122449,22.97142857142857,simulada
189,0.375413662979029,117.93239795918366,11.471428571428572,simulada
124,0.39822172982890963,40.71811224489796,8.142857142857142,simulada
128,0.3829446459551104,55.03061224489796,8.271428571428572,simulada
157,0.3665653539287803,113.63265306122449,9.628571428571428,simulada
184,0.08225057415198211,385.84693877551024,36.75714285714286,simulada
74,0.37051900825689743,49.90816326530612,6.685714285714286,simulada
165,0.21614140778372173,283.16836734693874,13.571428571428571,simulada
94,0.3905884151619595,43.901785714285715,6.885714285714286,simulada
170,0.11200244758927004,229.3520408163265,25.557142857142857,simulada
222,0.15019566722377017,916.0752551020407,23.8,simulada
116,0.17301921208454718,195.30994897959184,13.742857142857142,simulada
85,0.18481207808794045,59.464285714285715,10.528571428571428,simulada
76,0.3269230769230768,97.94387755102039,6.714285714285714,simulada
150,0.3675160582818413,69.32015306122449,10.471428571428572,simulada
75,0.4070048309178745,97.06122448979592,5.571428571428571,simulada
228,0.3726765497564329,187.21811224489798,12.771428571428572,simulada
34,0.4523809523809524,11.26530612244898,3.4571428571428573,simulada
193,0.35696745224099763,156.35204081632654,11.057142857142857,simulada
224,0.3304601384413409,279.56122448979596,11.942857142857143,simulada
73,0.35514748409485225,63.525510204081634,7.0285714285714285,simulada
228,0.15379265300288383,916.3469387755102,25.571428571428573,simulada
28,0.4538888888888889,5.173469387755103,3.1714285714285713,simulada
211,0.3647030341827574,236.52423469387756,11.442857142857143,simulada
112,0.11100182149362463,79.1670918367347,20.214285714285715,simulada
229,0.3541525929238194,181.03443877551018,13.32857142857143,simulada
183,0.3887205381925275,126.35204081632654,9.914285714285715,simulada
84,0.141571497285783,50.60586734693877,17.142857142857142,simulada
28,0.3584656084656086,12.60204081632653,3.6857142857142855,simulada
223,0.36700170755903416,252.67729591836732,11.757142857142858,simulada
196,0.2786401098901095,347.34693877551024,15.071428571428571,simulada
246,0.1314655249381623,476.1058673469388,35.77142857142857,simulada
33,0.07415552427867711,14.88265306122449,7.771428571428571,simulada
31,0.21396011396011402,43.67729591836734,8.142857142857142,simulada
224,0.36256159320897435,221.87244897959184,12.614285714285714,simulada
229,0.3541525929238194,181.03443877551018,13.32857142857143,simulada
211,0.3797840794491323,189.81632653061226,10.914285714285715,simulada
152,0.3862130884060706,71.06122448979592,9.028571428571428,simulada
246,0.387332520810535,187.4183673469388,11.757142857142858,simulada
232,0.17945064010138057,876.3724489795919,24.042857142857144,simulada
73,0.20174844629209732,53.035714285714285,10.17142857142857,simulada
249,0.35254094428656574,369.28061224489795,13.2,simulada
210,0.18014696234366556,507.45918367346934,19.385714285714286,simulada
172,0.12383808587725689,135.00382653061223,19.9,simulada
112,0.3942172722358476,65.26530612244899,8.1,simulada
211,0.3797840794491323,189.81632653061226,10.914285714285715,simulada
248,0.276434316867903,1917.8163265306123,22.32857142857143,simulada
87,0.2457829301075266,95.98979591836736,11.82857142857143,simulada
190,0.3707191183494798,132.15816326530611,11.385714285714286,simulada
186,0.07407772304324077,244.71428571428572,41.97142857142857,simulada
212,0.3481613458780646,162.55102040816328,11.614285714285714,simulada
214,0.2797756191572253,323.6466836734694,15.4,simulada
185,0.3323564081786159,113.10586734693878,13.857142857142858,simulada
153,0.09429246336215741,104.54464285714286,24.185714285714287,simulada
220,0.11352670794634902,419.53061224489795,29.614285714285714,simulada
54,0.4288888888888884,45.38775510204082,4.271428571428571,simulada
151,0.3585953604067153,87.28954081632652,9.942857142857143,simulada
71,0.173279569892473,36.51530612244898,10.1,simulada
142,0.3772240707349063,63.28061224489796,9.971428571428572,simulada
153,0.3412777938943915,117.28061224489797,10.371428571428572,simulada
180,0.309135238754804,276.32142857142856,12.214285714285714,simulada
181,0.1842581922072677,494.14285714285717,19.271428571428572,simulada
132,0.3838089756820403,99.03443877551021,7.957142857142857,simulada
181,0.37558857522337047,250.33035714285714,10.528571428571428,simulada
89,0.20335887231048508,84.60586734693878,11.128571428571428,simulada
203,0.383604176038387,169.96301020408166,10.185714285714285,simulada
227,0.3675808277712696,235.7487244897959,13.585714285714285,simulada
138,0.36415707933595787,99.64668367346938,10.071428571428571,simulada
53,0.3429398148148144,34.525510204081634,4.714285714285714,simulada
169,0.09683624159821592,187.11607142857142,35.07142857142857,simulada
177,0.11477317888674608,379.0038265306122,30.714285714285715,simulada
226,0.37753453812130827,221.83035714285714,12.957142857142857,simulada
185,0.3860806364012911,124.83673469387756,10.457142857142857,simulada
31,0.1556372549019608,15.494897959183673,6.728571428571429,simulada
142,0.3813452921347659,69.1938775510204,7.114285714285714,simulada
186,0.11749009167840219,147.46301020408163,32.714285714285715,simulada
120,0.1363534219658005,149.53443877551018,12.571428571428571,simulada
61,0.3500000000000001,60.382653061224495,5.414285714285715,simulada
176,0.23440539161693044,275.8609693877551,15.228571428571428,simulada
170,0.3712514580782482,143.94387755102042,10.071428571428571,simulada
83,0.07738724453840734,34.75892857142857,19.785714285714285,simulada
177,0.0644949853905083,176.42857142857142,40.55714285714286,simulada
145,0.10597290640394122,88.70408163265306,24.02857142857143,simulada
149,0.35036856708687025,58.066326530612244,10.785714285714286,simulada
215,0.09714120195877761,389.81122448979596,37.31428571428572,simulada
39,0.08748387285948869,18.45918367346939,8.114285714285714,simulada
43,0.152473716759431,23.01530612244898,5.642857142857143,simulada
94,0.2826666132221685,89.71811224489795,8.514285714285714,simulada
207,0.18902000682868988,260.67729591836735,20.928571428571427,simulada
73,0.35514748409485225,63.525510204081634,7.0285714285714285,simulada
185,0.19112166659336124,728.2091836734695,20.8,simulada
236,0.384108599386224,169.76530612244898,11.685714285714285,simulada
192,0.3107843855260428,156.02551020408163,13.371428571428572,simulada
189,0.375413662979029,117.93239795918366,11.471428571428572,simulada
126,0.3243190277464472,135.9591836734694,8.357142857142858,simulada
93,0.39448529411764693,66.21428571428571,6.114285714285714,simulada
184,0.36837833839897804,147.67346938775512,10.571428571428571,simulada
98,0.3959401178198601,39.882653061224495,6.9714285714285715,simulada
214,0.36002767974996797,140.4795918367347,12.657142857142857,simulada
29,0.025054466230936816,1.7448979591836733,7.242857142857143,simulada
214,0.36002767974996797,140.4795918367347,12.657142857142857,simulada
248,0.3689554534574003,262.6466836734694,14.4,simulada
170,0.3917916964356594,235.02423469387756,8.32857142857143,simulada
138,0.2936084348269225,152.3469387755102,12.485714285714286,simulada
184,0.3577601956962124,142.67346938775512,11.871428571428572,simulada
200,0.3232850542850524,751.5306122448981,9.2,simulada
170,0.1051696466875038,411.52423469387753,25.6,simulada
167,0.13647668133323848,123.17346938775509,18.12857142857143,simulada
80,0.0747292250233428,23.336734693877553,14.857142857142858,simulada
32,0.12708333333333335,9.744897959183675,5.642857142857143,simulada
54,0.4288888888888884,45.38775510204082,4.271428571428571,simulada
225,0.3133024734173569,764.218112244898,12.242857142857142,simulada
118,0.14791498490773877,116.61607142857143,16.685714285714287,simulada
207,0.112816472808896,344.66709183673476,27.857142857142858,simulada
192,0.09721658731753867,273.9438775510204,31.114285714285714,simulada
178,0.06342780735984624,115.74489795918366,33.285714285714285,simulada
101,0.20990617569564932,117.78061224489797,10.542857142857143,simulada
249,0.29658596393435877,1429.7589285714287,20.2,simulada
243,0.34922588579240643,193.23852040816328,14.714285714285714,simulada
108,0.3670554445633075,44.830357142857146,8.857142857142858,simulada
191,0.3464647309212532,272.67729591836735,11.771428571428572,simulada
228,0.09976525024562248,300.73852040816325,35.614285714285714,simulada
123,0.24305194805194802,112.11607142857143,14.142857142857142,simulada
152,0.3862130884060706,71.06122448979592,9.028571428571428,simulada
162,0.09063905503778924,116.73979591836734,34.25714285714286,simulada
195,0.09444923652914086,433.7385204081633,36.68571428571428,simulada
236,0.3104913757767863,301.8915816326531,15.971428571428572,simulada
69,0.40012134330316135,11.01530612244898,6.1,simulada
192,0.35417922205997887,205.93239795918367,12.428571428571429,simulada
153,0.09429246336215741,104.54464285714286,24.185714285714287,simulada
103,0.3746697626418985,51.452806122448976,7.814285714285714,simulada
51,0.08399470899470901,11.85204081632653,5.628571428571429,simulada
117,0.18452164894996195,132.78061224489798,16.928571428571427,simulada
195,0.35178668503175453,159.14668367346937,12.657142857142857,simulada
182,0.37163759918652123,96.27551020408164,11.6,simulada
33,0.24634740259740262,15.989795918367347,5.442857142857143,simulada
216,0.16968555549133973,836.265306122449,22.97142857142857,simulada
67,0.39654589906137877,16.586734693877553,5.8,simulada
155,0.37288786958248143,89.82015306122449,10.728571428571428,simulada
64,0.14920634920634926,34.3469387755102,8.442857142857143,simulada
33,0.125,9.071428571428571,5.542857142857143,simulada
28,0.451578947368421,5.7397959183673475,3.2142857142857144,simulada
28,0.07096171802054155,7.830357142857143,11.17142857142857,simulada
212,0.16098226529072812,535.3609693877551,28.2,simulada
29,0.15447303921568628,15.738520408163264,5.8,simulada
44,0.0907581453634085,8.372448979591836,6.914285714285715,simulada
161,0.06578245022585999,118.75,31.271428571428572,simulada
57,0.1284798534798535,28.061224489795922,14.9,simulada
193,0.1172843660874864,391.7857142857143,25.97142857142857,simulada
188,0.09058206363353313,338.98979591836735,32.75714285714286,simulada
95,0.34783186178955006,39.28061224489796,8.3,simulada
28,0.4234375,12.387755102040817,3.7857142857142856,simulada
167,0.17338815218534293,311.23979591836735,14.257142857142858,simulada
69,0.40012134330316135,11.01530612244898,6.1,simulada
153,0.09429246336215741,104.54464285714286,24.185714285714287,simulada
154,0.17006957328385913,180.01530612244898,14.357142857142858,simulada
116,0.39076706457494553,75.52423469387756,7.485714285714286,simulada
218,0.31237426168301635,507.92346938775506,12.785714285714286,simulada
56,0.37160556806454625,18.95280612244898,5.828571428571428,simulada
117,0.18495936656369197,146.95280612244898,12.714285714285714,simulada
159,0.35732588929490866,68.6875,10.985714285714286,simulada
198,0.38212646033295555,139.41836734693877,10.614285714285714,simulada
32,0.10218253968253964,8.88265306122449,8.085714285714285,simulada
91,0.37390951439864434,85.59693877551021,6.828571428571428,simulada
67,0.36812612338928136,16.275510204081634,6.171428571428572,simulada
189,0.07852434759214363,238.52423469387756,35.05714285714286,simulada
30,0.03899868247694334,3.979591836734694,9.842857142857143,simulada
67,0.3717703349282297,66.10204081632654,5.957142857142857,simulada
187,0.0925243779789232,279.0752551020408,38.01428571428571,simulada
186,0.07407772304324077,244.71428571428572,41.97142857142857,simulada
26,0.25555555555555554,9.943877551020407,3.4714285714285715,simulada
47,0.10600000000000014,11.5,5.571428571428571,simulada
149,0.37471425597516556,87.78954081632652,9.142857142857142,simulada
29,0.09238473167044596,6.258928571428571,7.371428571428571,simulada
38,0.43917937545388536,14.392857142857142,4.228571428571429,simulada
54,0.11881519274376424,14.561224489795917,10.7,simulada
165,0.3389479815371972,121.1670918367347,12.142857142857142,simulada
50,0.12963821892393332,16.066326530612244,10.071428571428571,simulada
222,0.15019566722377017,916.0752551020407,23.8,simulada
83,0.4046388366999678,22.14668367346939,6.9,simulada
190,0.16577249378973247,580.6875,30.414285714285715,simulada
212,0.3623390863710662,198.06632653061226,10.757142857142858,simulada
57,0.03705882352941176,8.811224489795919,16.8,simulada
46,0.039417989417989456,8.168367346938776,13.757142857142858,simulada
80,0.1926649739149739,108.58673469387756,14.742857142857142,simulada
223,0.2848858052321246,1104.1772959183675,13.871428571428572,simulada
52,0.19376361655773416,24.38137755102041,7.4,simulada
210,0.36874781719848154,185.10586734693877,11.5,simulada
167,0.13647668133323848,123.17346938775509,18.12857142857143,simulada
203,0.16728293402429384,1006.7589285714286,25.614285714285714,simulada
165,0.1618085306441473,252.51530612244898,14.542857142857143,simulada
47,0.08807319223985899,17.872448979591837,10.17142857142857,simulada
225,0.3686378984235454,249.59566326530611,12.0,simulada
52,0.06593915343915345,18.678571428571427,16.142857142857142,simulada
25,0.4523809523809525,13.061224489795919,3.2,simulada
129,0.297841553287982,150.81632653061226,11.928571428571429,simulada
159,0.35129492750068486,63.25,11.17142857142857,simulada
161,0.06578245022585999,118.75,31.271428571428572,simulada
222,0.4002550702998646,250.69387755102042,8.242857142857142,simulada
37,0.0753795721187026,12.392857142857142,12.814285714285715,simulada
188,0.3670720908517889,142.26530612244898,11.742857142857142,simulada
161,0.32392289762891563,95.28061224489797,11.657142857142857,simulada
190,0.3356650192471131,198.87244897959184,12.514285714285714,simulada
240,0.2896831353771518,501.9323979591836,14.614285714285714,simulada
177,0.11477317888674608,379.0038265306122,30.714285714285715,simulada
34,0.08115079365079358,7.1058673469387745,5.042857142857143,simulada
92,0.07829721204721206,27.034438775510203,12.657142857142857,simulada
115,0.10407516460148043,41.46301020408163,10.957142857142857,simulada
61,0.09297052154194996,26.479591836734695,7.5,simulada
179,0.18438229511038762,548.2385204081633,24.642857142857142,simulada
171,0.20682884599622778,447.59693877551024,18.442857142857143,simulada
31,0.4068627450980392,6.534438775510204,3.9285714285714284,simulada
100,0.2397731064397733,110.45408163265306,8.1,simulada
44,0.3748524623524624,13.463010204081632,5.457142857142857,simulada
135,0.3754956760009213,91.45408163265306,8.6,simulada
176,0.09442242020264868,449.50382653061223,37.128571428571426,simulada
244,0.3737663090127298,193.27551020408166,12.971428571428572,simulada
48,0.09849415204678359,15.158163265306124,9.928571428571429,simulada
57,0.03705882352941176,8.811224489795919,16.8,simulada
35,0.0718050065876153,8.881377551020408,8.042857142857143,simulada
35,0.40040703781512615,11.443877551020408,4.5285714285714285,simulada
57,0.1253055555555555,23.677295918367346,5.671428571428572,simulada
26,0.20900673400673392,10.464285714285714,5.542857142857143,simulada
113,0.3888373827791985,86.82015306122449,7.714285714285714,simulada
49,0.09492307692307703,15.58673469387755,13.9,simulada
44,0.12868906455862983,16.76530612244898,6.242857142857143,simulada
185,0.08670179027321917,98.24872448979592,31.814285714285713,simulada
157,0.3393218214469327,90.82015306122449,12.057142857142857,simulada
196,0.3137042325430111,169.8469387755102,12.442857142857143,simulada
94,0.3905884151619595,43.901785714285715,6.885714285714286,simulada
84,0.23651329177644972,118.5612244897959,9.114285714285714,simulada
67,0.1288943623426383,37.75,8.17142857142857,simulada
177,0.0644949853905083,176.42857142857142,40.55714285714286,simulada
25,0.0784313725490196,3.607142857142857,4.828571428571428,simulada
186,0.3543375941338045,160.1466836734694,11.228571428571428,simulada
183,0.1641434917782599,513.8367346938775,18.52857142857143,simulada
130,0.14516937371963726,204.40816326530611,17.228571428571428,simulada
235,0.29712608627536835,763.5,11.885714285714286,simulada
123,0.3458062248545486,64.74872448979592,8.985714285714286,simulada
41,0.43980331262939965,6.952806122448979,4.085714285714285,simulada
87,0.2022885278329922,201.03571428571428,9.457142857142857,simulada
56,0.21525000000000016,30.64668367346939,4.8,simulada
177,0.08559007613885562,282.7091836734694,37.48571428571429,simulada
173,0.37832293178069304,90.67729591836735,10.7,simulada
38,0.2576543209876543,10.02423469387755,5.8428571428571425,simulada
29,0.12316849816849818,5.744897959183674,11.014285714285714,simulada
53,0.085249042145594,18.677295918367346,14.67142857142857,simulada
206,0.16235650044710478,1315.0038265306123,31.0,simulada
54,0.05185091106143739,10.6875,15.285714285714286,simulada
84,0.3450863503296054,18.238520408163264,8.371428571428572,simulada
58,0.3871304290947147,31.748724489795915,5.5,simulada
38,0.21905458089668614,14.908163265306124,4.514285714285714,simulada
143,0.29000497398224695,227.8609693877551,11.957142857142857,simulada
37,0.13333333333333333,10.336734693877549,10.042857142857143,simulada
175,0.08818169378514128,129.66836734693877,36.15714285714286,simulada
185,0.3512713984624449,145.95280612244898,11.7,simulada
149,0.16120096340141124,346.61607142857144,22.857142857142858,simulada
50,0.06801075268817207,9.352040816326532,9.957142857142857,simulada
91,0.4177236652236651,28.64668367346939,5.742857142857143,simulada
174,0.35057000698804464,200.9234693877551,10.6,simulada
67,0.20101951188907705,48.309948979591844,8.885714285714286,simulada
208,0.1871171251609005,511.1326530612245,20.82857142857143,simulada
59,0.23945578231292527,33.6875,6.242857142857143,simulada
72,0.057945736434108504,15.765306122448978,17.814285714285713,simulada
204,0.09394772532320964,426.53443877551024,37.81428571428572,simulada
40,0.3159617794486214,44.954081632653065,5.371428571428571,simulada
167,0.07056481481481434,94.96301020408164,30.32857142857143,simulada
193,0.3748806226519816,154.41836734693877,11.1,simulada
150,0.3762295924621103,114.73852040816327,8.0,simulada
226,0.1133560576263653,470.75892857142856,34.128571428571426,simulada
96,0.08783308195072902,37.973214285714285,9.157142857142857,simulada
248,0.37420627552230235,239.69387755102042,12.042857142857143,simulada
177,0.3842101545854076,116.60586734693878,10.4,simulada
242,0.3780931839968255,154.77551020408166,11.114285714285714,simulada
71,0.4009720127367187,24.132653061224488,5.9714285714285715,simulada
207,0.3712095588949578,214.15816326530611,11.971428571428572,simulada
61,0.09297052154194996,26.479591836734695,7.5,simulada
148,0.09644723654066555,166.36096938775512,20.728571428571428,simulada
189,0.23599921974793323,1766.6772959183675,21.84285714285714,simulada
39,0.38535947712418306,16.809948979591837,5.171428571428572,simulada
52,0.07991551459293399,30.381377551020403,10.428571428571429,simulada
27,0.3121212121212121,14.33673469387755,4.171428571428572,simulada
38,0.21905458089668614,14.908163265306124,4.514285714285714,simulada
103,0.36417624521072794,143.05102040816328,7.0,simulada
162,0.09063905503778924,116.73979591836734,34.25714285714286,simulada
27,0.33854166666666674,9.872448979591836,4.3,simulada
37,0.23585600907029486,17.503826530612248,5.371428571428571,simulada
34,0.4360410830999066,11.0,3.5714285714285716,simulada
106,0.3894709097089122,61.66709183673469,7.0285714285714285,simulada
41,0.2835356364768129,32.32015306122449,4.942857142857143,simulada
164,0.06450495092204502,132.45280612244898,38.214285714285715,simulada
58,0.18933316080055224,35.872448979591844,7.1,simulada
153,0.23911378744712058,160.96301020408166,14.557142857142857,simulada
32,0.05614035087719295,8.575255102040815,9.185714285714285,simulada
222,0.21216381821389418,1345.9234693877552,21.814285714285713,simulada
192,0.12232613250691496,535.9234693877551,27.728571428571428,simulada
67,0.42057925461035495,17.959183673469386,5.314285714285714,simulada
32,0.44957983193277323,11.83673469387755,3.257142857142857,simulada
196,0.3646374946847494,154.48979591836732,11.67142857142857,simulada
167,0.07750890075656339,167.40816326530611,28.785714285714285,simulada
56,0.37160556806454625,18.95280612244898,5.828571428571428,simulada
135,0.19409831551668305,164.65816326530611,14.457142857142857,simulada
183,0.07265484157902503,236.53443877551018,43.371428571428574,simulada
115,0.10407516460148043,41.46301020408163,10.957142857142857,simulada
34,0.22354788069073786,16.28061224489796,5.142857142857143,simulada
31,0.1096491228070175,8.709183673469388,5.8428571428571425,simulada
198,0.09260919106338823,324.6326530612245,33.3,simulada
201,0.07655935513653853,232.40178571428572,46.67142857142857,simulada
74,0.09936696900982632,28.561224489795922,15.857142857142858,simulada
25,0.2369047619047619,6.423469387755101,4.185714285714286,simulada
69,0.1033298097251586,37.78061224489796,11.285714285714286,simulada
184,0.3495065692627609,145.60586734693877,11.7,simulada
222,0.37352598763571776,175.59693877551018,11.357142857142858,simulada
203,0.36956953494031997,208.03443877551018,11.257142857142858,simulada
202,0.23013873213133001,913.8915816326531,17.885714285714286,simulada
167,0.13647668133323848,123.17346938775509,18.12857142857143,simulada
113,0.3888373827791985,86.82015306122449,7.714285714285714,simulada
217,0.18228680370056863,1116.6772959183675,23.385714285714286,simulada
28,0.451578947368421,5.7397959183673475,3.2142857142857144,simulada
232,0.17945064010138057,876.3724489795919,24.042857142857144,simulada
40,0.41378330084470444,13.667091836734695,4.285714285714286,simulada
211,0.3671260442988198,186.19387755102042,10.557142857142857,simulada
44,0.2785087719298246,34.860969387755105,5.385714285714286,simulada
151,0.3585953604067153,87.28954081632652,9.942857142857143,simulada
71,0.41700559609808796,36.80102040816326,5.542857142857143,simulada
142,0.38885329485329445,59.72959183673469,8.542857142857143,simulada
199,0.36329238994293145,170.74872448979593,11.957142857142857,simulada
239,0.32000907080856694,1167.3469387755101,14.057142857142857,simulada
45,0.16600000000000026,28.503826530612248,7.271428571428571,simulada
98,0.38637723198196317,38.14668367346939,7.914285714285715,simulada
71,0.4009720127367187,24.132653061224488,5.9714285714285715,simulada
187,0.07650972452934608,281.1670918367347,30.17142857142857,simulada
153,0.3713577121243019,55.78061224489796,9.971428571428572,simulada
87,0.18147361431131614,56.382653061224495,12.971428571428572,simulada
167,0.09395694230439974,92.52423469387755,20.228571428571428,simulada
38,0.17604617604617623,28.107142857142858,5.442857142857143,simulada
195,0.3584260898861057,140.95280612244898,11.4,simulada
71,0.05914779326364693,19.27551020408163,17.82857142857143,simulada
75,0.1109984984984985,38.57525510204082,13.885714285714286,simulada
53,0.0997289377289378,17.418367346938773,9.357142857142858,simulada
212,0.35498759221393617,173.89158163265304,12.514285714285714,simulada
238,0.3295323619680554,186.0752551020408,14.914285714285715,simulada
200,0.3507490072208161,231.5752551020408,11.571428571428571,simulada
54,0.3223639455782313,52.90816326530612,6.3,simulada
111,0.38839421733605695,57.01530612244898,7.214285714285714,simulada
202,0.3641626769916241,188.75892857142858,11.314285714285715,simulada
209,0.3832273823858206,132.85714285714286,11.342857142857143,simulada
157,0.3393218214469327,90.82015306122449,12.057142857142857,simulada
169,0.09024344365577991,162.28954081632654,22.785714285714285,simulada
143,0.2637797322934515,168.99489795918367,12.014285714285714,simulada
71,0.15871659204992544,38.6875,12.4,simulada
176,0.3783601087493819,129.45280612244898,9.957142857142857,simulada
87,0.4038586956521737,34.63775510204082,5.871428571428571,simulada
34,0.04986111111111111,4.9897959183673475,12.3,simulada
34,0.4360410830999066,11.0,3.5714285714285716,simulada
27,0.3121212121212121,14.33673469387755,4.171428571428572,simulada
131,0.1954797979797983,139.58673469387756,12.285714285714286,simulada
201,0.3832626928476418,156.8469387755102,10.657142857142857,simulada
32,0.12708333333333335,9.744897959183675,5.642857142857143,simulada
40,0.38480975723622785,10.63265306122449,4.642857142857143,simulada
212,0.16098226529072812,535.3609693877551,28.2,simulada
53,0.1678078638862953,21.372448979591837,7.9,simulada
38,0.11146825396825395,12.311224489795919,9.928571428571429,simulada
233,0.3062827985034602,559.6938775510205,14.457142857142857,simulada
71,0.09388308168795977,33.57525510204081,16.557142857142857,simulada
145,0.3700942840530937,48.173469387755105,9.7,simulada
163,0.1147816325089054,136.24872448979593,29.814285714285713,simulada
145,0.3796458782027327,89.30994897959184,8.471428571428572,simulada
190,0.3707191183494798,132.15816326530611,11.385714285714286,simulada
145,0.3205657063806471,99.02423469387756,11.17142857142857,simulada
219,0.36659483683124416,126.52423469387756,12.885714285714286,simulada
216,0.16968555549133973,836.265306122449,22.97142857142857,simulada
138,0.3982946908602158,159.53061224489798,6.685714285714286,simulada
222,0.22056659909102863,878.8877551020407,23.37142857142857,simulada
233,0.3718382346736322,191.45280612244898,12.814285714285715,simulada
39,0.38535947712418306,16.809948979591837,5.171428571428572,simulada
68,0.4169315333789017,18.1734693877551,5.5,simulada
180,0.33116843138029695,487.1670918367346,9.057142857142857,simulada
133,0.3970310685249711,273.41836734693874,7.114285714285714,simulada
195,0.3532334308283462,143.81632653061226,12.214285714285714,simulada
31,0.338112244897959,27.667091836734695,5.3428571428571425,simulada
241,0.3167480396328414,1054.561224489796,16.114285714285714,simulada
144,0.33528650074241956,84.53443877551021,9.728571428571428,simulada
86,0.36909362185419964,49.423469387755105,7.585714285714285,simulada
80,0.0747292250233428,23.336734693877553,14.857142857142858,simulada
57,0.1484098639455783,17.177295918367346,10.1,simulada
193,0.1172843660874864,391.7857142857143,25.97142857142857,simulada
172,0.09825413970821938,537.1875,36.5,simulada
123,0.39052204787330663,72.53571428571429,7.057142857142857,simulada
112,0.3942172722358476,65.26530612244899,8.1,simulada
131,0.3182817072698025,86.24489795918366,10.1,simulada
31,0.1096491228070175,8.709183673469388,5.8428571428571425,simulada
92,0.38622828517371843,37.52423469387755,7.057142857142857,simulada
39,0.11432178932178942,17.239795918367346,10.042857142857143,simulada
178,0.08850054600054633,177.56632653061226,37.714285714285715,simulada
53,0.1678078638862953,21.372448979591837,7.9,simulada
133,0.3970310685249711,273.41836734693874,7.114285714285714,simulada
56,0.37160556806454625,18.95280612244898,5.828571428571428,simulada
175,0.10386271726513926,424.12244897959187,26.34285714285714,simulada
150,0.3762295924621103,114.73852040816327,8.0,simulada
105,0.15311841998704265,98.75892857142857,16.0,simulada
207,0.34304755910610907,183.59566326530611,13.471428571428572,simulada
164,0.07701113582399119,166.15816326530611,27.428571428571427,simulada
195,0.09444923652914086,433.7385204081633,36.68571428571428,simulada
187,0.07650972452934608,281.1670918367347,30.17142857142857,simulada
196,0.09310163370695454,413.61607142857144,35.27142857142857,simulada
177,0.08536539011576234,245.0752551020408,29.65714285714286,simulada
31,0.0945238095238095,5.605867346938775,8.657142857142857,simulada
86,0.3929142209550068,20.596938775510203,7.128571428571429,simulada
230,0.384382110671204,189.00382653061226,12.071428571428571,simulada
29,0.17872405372405373,9.744897959183673,6.2,simulada
170,0.3845398453655373,78.97321428571429,10.214285714285714,simulada
29,0.2967171717171716,18.301020408163264,4.742857142857143,simulada
196,0.3660412831142963,107.93239795918366,11.914285714285715,simulada
239,0.32000907080856694,1167.3469387755101,14.057142857142857,simulada
133,0.08991722136883411,67.78954081632654,21.757142857142856,simulada
63,0.3723809523809523,42.0,5.4714285714285715,simulada
173,0.36709484337876275,136.73852040816328,9.728571428571428,simulada
73,0.11486775153609856,35.28954081632653,14.871428571428572,simulada
41,0.11954191033138403,9.204081632653061,6.771428571428571,simulada
215,0.35019061656017425,268.4795918367347,11.957142857142857,simulada
190,0.3707191183494798,132.15816326530611,11.385714285714286,simulada
188,0.3670720908517889,142.26530612244898,11.742857142857142,simulada
58,0.4372549019607837,42.775510204081634,4.214285714285714,simulada
27,0.21527777777777768,10.034438775510205,3.8857142857142857,simulada
210,0.19003492895756316,303.94387755102036,19.314285714285713,simulada
201,0.3635482210589897,162.95280612244898,11.571428571428571,simulada
102,0.12575954747007395,69.45918367346938,14.814285714285715,simulada
195,0.3532334308283462,143.81632653061226,12.214285714285714,simulada
52,0.42074592074592054,26.102040816326532,4.228571428571429,simulada
175,0.08818169378514128,129.66836734693877,36.15714285714286,simulada
209,0.3705000246733848,176.7091836734694,12.257142857142858,simulada
224,0.2668417634899823,620.5357142857143,15.9,simulada
153,0.3827253478523897,105.24872448979592,7.9714285714285715,simulada
237,0.3208973939658502,204.58673469387756,14.057142857142857,simulada
215,0.1448691969355823,270.2448979591837,22.97142857142857,simulada
27,0.1895604395604396,11.887755102040817,4.414285714285715,simulada
30,0.18257575757575759,6.003826530612245,4.485714285714286,simulada
44,0.3504901960784311,44.173469387755105,5.014285714285714,simulada
40,0.41378330084470444,13.667091836734695,4.285714285714286,simulada
224,0.34307300667700386,134.3877551020408,14.257142857142858,simulada
155,0.09087510827552768,62.5969387755102,19.514285714285716,simulada
87,0.2022885278329922,201.03571428571428,9.457142857142857,simulada
249,0.2502880774902618,2293.0663265306125,18.7,simulada
188,0.3071497086673535,429.952806122449,12.157142857142857,simulada
64,0.37143326230013535,19.989795918367346,6.285714285714286,simulada
43,0.3802513227513229,17.43239795918367,4.514285714285714,simulada
206,0.36300443285204476,244.59566326530611,11.528571428571428,simulada
184,0.36837833839897804,147.67346938775512,10.571428571428571,simulada
195,0.33826495500902104,123.35204081632654,12.214285714285714,simulada
166,0.2932462213712216,294.0255102040816,12.385714285714286,simulada
197,0.16125365583230725,529.9438775510204,21.4,simulada
190,0.14061687011686974,211.06122448979593,20.457142857142856,simulada
74,0.09970012626262635,27.973214285714285,14.185714285714285,simulada
164,0.12381156930126005,385.6466836734694,20.271428571428572,simulada
50,0.2535763888888889,27.816326530612248,5.914285714285715,simulada
58,0.1754906616017727,30.238520408163264,8.571428571428571,simulada
237,0.20607063979180135,815.3826530612245,22.67142857142857,simulada
136,0.0843835472333258,142.43239795918367,20.62857142857143,simulada
172,0.12383808587725689,135.00382653061223,19.9,simulada
236,0.2219915718795377,1423.6875,28.285714285714285,simulada
113,0.38494617730132946,54.285714285714285,8.385714285714286,simulada
227,0.32725005738781204,143.10204081632654,12.942857142857143,simulada
224,0.3790909095395482,198.08673469387756,11.742857142857142,simulada
28,0.4206349206349208,11.102040816326532,3.157142857142857,simulada
49,0.32182539682539674,34.464285714285715,5.314285714285714,simulada
210,0.18014696234366556,507.45918367346934,19.385714285714286,simulada
222,0.4002550702998646,250.69387755102042,8.242857142857142,simulada
172,0.19110695335583744,269.53061224489795,18.3,simulada
34,0.22354788069073786,16.28061224489796,5.142857142857143,simulada
170,0.3845398453655373,78.97321428571429,10.214285714285714,simulada
79,0.15802361595044492,67.1670918367347,12.528571428571428,simulada
51,0.051092117758784424,10.244897959183675,15.1,simulada
54,0.3223639455782313,52.90816326530612,6.3,simulada
166,0.2935562387523825,249.71811224489798,13.585714285714285,simulada
195,0.08224326368830227,232.3826530612245,36.48571428571429,simulada
165,0.19471650123165235,176.46301020408163,19.2,simulada
236,0.2219915718795377,1423.6875,28.285714285714285,simulada
57,0.060899470899470946,14.58673469387755,16.357142857142858,simulada
172,0.3610146851985992,166.17857142857142,10.971428571428572,simulada
162,0.1176169749317899,202.5,21.84285714285714,simulada
27,0.301388888888889,12.301020408163266,4.357142857142857,simulada
224,0.34307300667700386,134.3877551020408,14.257142857142858,simulada
28,0.451578947368421,5.7397959183673475,3.2142857142857144,simulada
177,0.06359396634760088,161.78571428571428,29.042857142857144,simulada
37,0.0908730158730159,9.785714285714286,11.928571428571429,simulada
97,0.40158772891307537,33.285714285714285,7.285714285714286,simulada
210,0.3769520707053414,182.54464285714286,11.442857142857143,simulada
118,0.1393109668109667,64.63775510204081,16.65714285714286,simulada
27,0.301388888888889,12.301020408163266,4.357142857142857,simulada
25,0.2369047619047619,6.423469387755101,4.185714285714286,simulada
28,0.451578947368421,5.7397959183673475,3.2142857142857144,simulada
54,0.3378024753024753,27.49489795918367,5.085714285714285,simulada
209,0.3705000246733848,176.7091836734694,12.257142857142858,simulada
123,0.39052204787330663,72.53571428571429,7.057142857142857,simulada
153,0.3713577121243019,55.78061224489796,9.971428571428572,simulada
51,0.12335843169176505,26.38137755102041,7.014285714285714,simulada
31,0.3497053872053872,12.82015306122449,4.742857142857143,simulada
43,0.1877723311546841,21.030612244897956,6.014285714285714,simulada
103,0.36417624521072794,143.05102040816328,7.0,simulada
200,0.3672663250973483,108.45408163265306,11.557142857142857,simulada
49,0.32182539682539674,34.464285714285715,5.314285714285714,simulada
207,0.20100727817554145,453.54464285714283,21.642857142857142,simulada
222,0.4002550702998646,250.69387755102042,8.242857142857142,simulada
211,0.3671260442988198,186.19387755102042,10.557142857142857,simulada
177,0.06359396634760088,161.78571428571428,29.042857142857144,simulada
128,0.3665074926718482,57.73852040816326,8.528571428571428,simulada
170,0.1051696466875038,411.52423469387753,25.6,simulada
78,0.27506077506077503,127.02423469387756,7.714285714285714,simulada
246,0.387332520810535,187.4183673469388,11.757142857142858,simulada
214,0.36002767974996797,140.4795918367347,12.657142857142857,simulada
62,0.08950021450021432,27.13265306122449,8.32857142857143,simulada
107,0.11252631578947374,132.33673469387756,10.3,simulada
247,0.3472268037961721,170.07142857142858,14.571428571428571,simulada
169,0.11981733848510191,323.37244897959187,18.314285714285713,simulada
68,0.4169315333789017,18.1734693877551,5.5,simulada
194,0.32716973718755643,204.35714285714286,13.914285714285715,simulada
177,0.0644949853905083,176.42857142857142,40.55714285714286,simulada
179,0.16743664191184998,868.3163265306123,31.285714285714285,simulada
123,0.3458062248545486,64.74872448979592,8.985714285714286,simulada
170,0.3917916964356594,235.02423469387756,8.32857142857143,simulada
58,0.0748924731182796,14.27551020408163,11.814285714285715,simulada
150,0.3720384060056769,87.97321428571429,8.928571428571429,simulada
193,0.1172843660874864,391.7857142857143,25.97142857142857,simulada
200,0.32328505428505266,751.5306122448981,9.2,simulada
210,0.32238299906656837,107.24489795918366,12.7,simulada
47,0.12318295739348366,16.116071428571427,9.67142857142857,simulada
85,0.33942924308878253,33.0969387755102,7.871428571428571,simulada
203,0.36603536623052785,218.23979591836732,11.057142857142857,simulada
203,0.16742181915501256,803.9540816326529,25.542857142857144,simulada
227,0.12865504788197102,640.1020408163265,31.9,simulada
40,0.08122529644268772,10.381377551020407,9.542857142857143,simulada
212,0.35498759221393617,173.89158163265304,12.514285714285714,simulada
230,0.27742300695547767,367.4642857142857,16.385714285714286,simulada
198,0.3666340608362359,151.59566326530611,12.285714285714286,simulada
94,0.2826666132221685,89.71811224489795,8.514285714285714,simulada
188,0.09058206363353313,338.98979591836735,32.75714285714286,simulada
164,0.07701113582399119,166.15816326530611,27.428571428571427,simulada
222,0.33890010210317245,163.75892857142858,13.771428571428572,simulada
31,0.1556372549019608,15.494897959183673,6.728571428571429,simulada
223,0.1960924950970721,941.765306122449,21.514285714285716,simulada
222,0.4002550702998646,250.69387755102042,8.242857142857142,simulada
57,0.03705882352941176,8.811224489795919,16.8,simulada
38,0.1490362811791384,18.714285714285715,9.942857142857143,simulada
186,0.1846427813042721,325.50382653061223,20.014285714285716,simulada
167,0.3872531460403315,97.55102040816327,9.871428571428572,simulada
30,0.2253076923076923,43.19387755102041,7.542857142857143,simulada
184,0.06493768564972306,131.90178571428572,44.44285714285714,simulada
48,0.09849415204678359,15.158163265306124,9.928571428571429,simulada
233,0.3775952485851774,247.51530612244898,12.928571428571429,simulada
231,0.2911774818403917,289.53443877551024,15.871428571428572,simulada
248,0.37420627552230235,239.69387755102042,12.042857142857143,simulada
109,0.10022889348976294,38.42857142857143,23.071428571428573,simulada
51,0.1407106782106782,22.248724489795922,8.142857142857142,simulada
80,0.07048257786000627,31.320153061224488,20.857142857142858,simulada
80,0.07048257786000627,31.320153061224488,20.857142857142858,simulada
26,0.14666666666666664,23.066326530612248,7.9714285714285715,simulada
33,0.37384259259259245,14.248724489795919,4.142857142857143,simulada
52,0.06593915343915345,18.678571428571427,16.142857142857142,simulada
189,0.36726840778698294,141.17729591836735,11.314285714285715,simulada
225,0.3704998186310941,130.67729591836735,12.728571428571428,simulada
152,0.38606771844749943,118.35204081632654,8.842857142857143,simulada
68,0.10792352502878816,39.75892857142857,11.614285714285714,simulada
168,0.11038846066802338,610.4081632653061,31.5,simulada
220,0.3353771040372204,183.60204081632654,13.457142857142857,simulada
216,0.16968555549133973,836.265306122449,22.97142857142857,simulada
52,0.16447550034506556,28.952806122448976,7.742857142857143,simulada
31,0.1556372549019608,15.494897959183673,6.728571428571429,simulada
234,0.22937050177154256,1110.1224489795918,24.985714285714284,simulada
171,0.32786575395270934,154.0752551020408,11.67142857142857,simulada
199,0.3266641830435216,88.14668367346938,12.885714285714286,simulada
177,0.35410190657868695,106.13775510204081,11.585714285714285,simulada
125,0.11418279959263519,111.74489795918369,16.785714285714285,simulada
35,0.0718050065876153,8.881377551020408,8.042857142857143,simulada
176,0.09442242020264868,449.50382653061223,37.128571428571426,simulada
75,0.4259259259259254,40.48979591836735,4.742857142857143,simulada
58,0.08086770981507818,23.177295918367346,9.514285714285714,simulada
116,0.17301921208454718,195.30994897959184,13.742857142857142,simulada
32,0.07056530214424947,7.8609693877551035,16.214285714285715,simulada
28,0.451578947368421,5.7397959183673475,3.2142857142857144,simulada
184,0.3495065692627609,145.60586734693877,11.7,simulada
112,0.3942172722358476,65.26530612244899,8.1,simulada
185,0.37907360076284224,199.2091836734694,10.2,simulada
202,0.2457457554682294,411.52423469387753,18.6,simulada
201,0.11259261810019293,343.59693877551024,27.84285714285714,simulada
154,0.17006957328385913,180.01530612244898,14.357142857142858,simulada
112,0.13640350877192867,101.1875,11.9,simulada
189,0.11223528226078994,532.1058673469388,34.77142857142857,simulada
114,0.385476905134034,84.87244897959184,7.985714285714286,simulada
33,0.10238095238095236,8.566326530612246,6.328571428571428,simulada
152,0.3862130884060706,71.06122448979592,9.028571428571428,simulada
229,0.2212249891685388,1178.7895408163265,24.542857142857144,simulada
72,0.057945736434108504,15.765306122448978,17.814285714285713,simulada
54,0.2574404761904762,26.372448979591834,5.957142857142857,simulada
75,0.11286638112034926,31.667091836734695,16.057142857142857,simulada
200,0.3232850542850525,751.5306122448981,9.2,simulada
50,0.038858784893267655,7.360969387755103,15.2,simulada
177,0.11477317888674608,379.0038265306122,30.714285714285715,simulada
48,0.08298059964726642,15.872448979591837,13.942857142857143,simulada
32,0.2560457516339871,23.60204081632653,4.828571428571428,simulada
195,0.3756597623257562,139.23852040816328,11.242857142857142,simulada
189,0.14230841889528817,302.38137755102036,25.485714285714284,simulada
174,0.09291357334409935,535.9591836734693,32.72857142857143,simulada
93,0.09309708379475809,38.47959183673469,12.971428571428572,simulada
53,0.3429398148148144,34.525510204081634,4.714285714285714,simulada
155,0.06488519974758537,193.86096938775512,36.614285714285714,simulada
157,0.36015853137633536,90.91836734693878,10.914285714285715,simulada
233,0.3062827985034602,559.6938775510205,14.457142857142857,simulada
200,0.39773165167902125,144.93239795918367,10.657142857142857,simulada
53,0.41588235294117654,16.034438775510203,4.928571428571429,simulada
41,0.10570728291316522,9.177295918367347,8.67142857142857,simulada
51,0.12335843169176505,26.38137755102041,7.014285714285714,simulada
201,0.11259261810019293,343.59693877551024,27.84285714285714,simulada
65,0.11672824302134659,28.789540816326532,7.914285714285715,simulada
160,0.36251312657422186,104.17729591836735,10.428571428571429,simulada
183,0.33344882881296595,225.6466836734694,12.585714285714285,simulada
175,0.07884974668879965,234.8201530612245,38.357142857142854,simulada
58,0.12928476946334103,23.8609693877551,11.128571428571428,simulada
183,0.07670869018356781,273.8609693877551,29.82857142857143,simulada
167,0.3740465962621336,68.56122448979592,10.014285714285714,simulada
114,0.385476905134034,84.87244897959184,7.985714285714286,simulada
226,0.37753453812130827,221.83035714285714,12.957142857142857,simulada
167,0.08701004211208263,177.91836734693877,26.4,simulada
36,0.07976190476190474,6.758928571428571,8.585714285714285,simulada
164,0.3485149315941971,63.98979591836735,11.8,simulada
225,0.37382839765370823,190.25,12.028571428571428,simulada
50,0.08034537925842276,9.758928571428571,7.814285714285714,simulada
215,0.23901046635312415,456.4017857142857,17.385714285714286,simulada
96,0.1959529773541868,74.01530612244899,11.714285714285714,simulada
91,0.189496151996152,126.76530612244896,12.714285714285714,simulada
210,0.23066975268955467,761.6938775510205,18.571428571428573,simulada
196,0.3765042138213809,100.62244897959184,11.257142857142858,simulada
167,0.08263412957171673,298.60714285714283,30.8,simulada
47,0.09441468253968259,13.503826530612246,12.657142857142857,simulada
177,0.37533746083194286,93.02423469387756,9.514285714285714,simulada
194,0.33635464236801565,121.24872448979592,13.357142857142858,simulada
55,0.08593869731800773,16.428571428571427,12.857142857142858,simulada
212,0.35498759221393617,173.89158163265304,12.514285714285714,simulada
25,0.0784313725490196,3.607142857142857,4.828571428571428,simulada
162,0.1176169749317899,202.5,21.84285714285714,simulada
71,0.4066299620338329,44.81122448979592,6.2,simulada
91,0.4177236652236651,28.64668367346939,5.742857142857143,simulada
71,0.3931071989710434,18.6875,6.314285714285714,simulada
151,0.15633847955987315,881.4234693877552,20.34285714285714,simulada
40,0.1397177419354839,30.53061224489796,13.428571428571429,simulada
84,0.141571497285783,50.60586734693877,17.142857142857142,simulada
246,0.3631721455460032,204.16836734693877,13.557142857142857,simulada
117,0.09941707474952151,43.45918367346939,21.82857142857143,simulada
61,0.20297435897435914,37.94387755102041,5.242857142857143,simulada
145,0.3838864049756483,70.73852040816327,8.685714285714285,simulada
159,0.3345118418775542,92.95280612244899,12.2,simulada
52,0.16447550034506556,28.952806122448976,7.742857142857143,simulada
157,0.3841140501722754,130.5969387755102,8.414285714285715,simulada
214,0.17278703558823913,353.8724489795918,25.4,simulada
188,0.31906428318941465,169.01530612244898,12.271428571428572,simulada
199,0.07546225804846678,217.78954081632654,46.34285714285714,simulada
129,0.38618511859358506,64.71811224489797,7.885714285714286,simulada
148,0.27186139332365805,273.75892857142856,10.285714285714286,simulada
157,0.3393218214469327,90.82015306122449,12.057142857142857,simulada
155,0.09070426065162901,109.74872448979592,22.571428571428573,simulada
189,0.36726840778698294,141.17729591836735,11.314285714285715,simulada
226,0.32619858793469697,866.6160714285714,10.085714285714285,simulada
43,0.3802513227513229,17.43239795918367,4.514285714285714,simulada
155,0.1106410056620445,263.56632653061223,23.885714285714286,simulada
136,0.38258722961687447,103.33035714285714,7.785714285714286,simulada
234,0.3164340697548943,107.1938775510204,13.871428571428572,simulada
50,0.0645019157088123,11.204081632653061,12.757142857142858,simulada
44,0.19609440267335018,26.6734693877551,6.3,simulada
147,0.36590853468801987,79.32015306122449,9.614285714285714,simulada
197,0.1657167518013475,202.24872448979593,25.271428571428572,simulada
237,0.29506430615588897,1146.9234693877552,15.257142857142858,simulada
196,0.22033055472475951,384.3915816326531,14.871428571428572,simulada
117,0.3695804841132997,48.11607142857143,9.17142857142857,simulada
143,0.29000497398224695,227.8609693877551,11.957142857142857,simulada
210,0.33601398352374306,167.82015306122452,13.257142857142858,simulada
125,0.37877141421674665,49.1875,7.185714285714286,simulada
116,0.3920725120365043,74.27551020408164,7.1,simulada
200,0.06908917597693083,241.23852040816328,47.48571428571429,simulada
230,0.36334036172948575,297.952806122449,11.885714285714286,simulada
69,0.40012134330316135,11.01530612244898,6.1,simulada
197,0.37273794072039645,128.02423469387756,11.871428571428572,simulada
28,0.45535714285714285,12.816326530612246,3.242857142857143,simulada
112,0.31036682615629996,194.03571428571428,9.014285714285714,simulada
192,0.35417922205997887,205.93239795918367,12.428571428571429,simulada
28,0.451578947368421,5.7397959183673475,3.2142857142857144,simulada
179,0.11902520041939992,379.1058673469388,24.12857142857143,simulada
119,0.3881512889925859,73.91836734693878,7.1571428571428575,simulada
71,0.40042735042735045,18.534438775510203,6.414285714285715,simulada
207,0.3712095588949578,214.15816326530611,11.971428571428572,simulada
55,0.1260255617398474,20.03061224489796,8.571428571428571,simulada
44,0.2785087719298246,34.860969387755105,5.385714285714286,simulada
119,0.3904094109733205,40.28061224489796,8.314285714285715,simulada
76,0.37849960497019297,53.932397959183675,5.957142857142857,simulada
207,0.08259543200319035,240.53061224489792,43.6,simulada
45,0.16600000000000026,28.503826530612248,7.271428571428571,simulada
83,0.4054311603183781,25.20918367346939,5.457142857142857,simulada
215,0.1448691969355823,270.2448979591837,22.97142857142857,simulada
54,0.4288888888888884,45.38775510204082,4.271428571428571,simulada
242,0.2623494482367345,1253.748724489796,19.614285714285714,simulada
181,0.08034676763787223,146.5,39.97142857142857,simulada
192,0.09721658731753867,273.9438775510204,31.114285714285714,simulada
103,0.09422385790310293,74.17729591836735,19.457142857142856,simulada
187,0.09045673678938085,301.53443877551024,46.47142857142857,simulada
202,0.15713738146773634,556.4017857142857,22.557142857142857,simulada
27,0.0613095238095238,3.9630102040816326,12.32857142857143,simulada
201,0.31749320131313064,228.30994897959184,12.571428571428571,simulada
217,0.18471661447968615,760.1938775510205,30.714285714285715,simulada
189,0.14230841889528817,302.38137755102036,25.485714285714284,simulada
60,0.09246828752642704,48.23852040816327,15.642857142857142,simulada
112,0.4018436614411842,62.60204081632653,6.2,simulada
112,0.11100182149362463,79.1670918367347,20.214285714285715,simulada
178,0.08850054600054633,177.56632653061226,37.714285714285715,simulada
129,0.07710665863567645,77.75892857142857,21.285714285714285,simulada
181,0.08034676763787223,146.5,39.97142857142857,simulada
135,0.3754956760009213,91.45408163265306,8.6,simulada
44,0.2785087719298246,34.860969387755105,5.385714285714286,simulada
195,0.3584260898861057,140.95280612244898,11.4,simulada
102,0.06881633798300478,35.432397959183675,18.414285714285715,simulada
42,0.358695652173913,72.97959183673468,4.8428571428571425,simulada
31,0.1556372549019608,15.494897959183673,6.728571428571429,simulada
43,0.09453514739229033,8.846938775510203,12.428571428571429,simulada
180,0.309135238754804,276.32142857142856,12.214285714285714,simulada
153,0.09429246336215741,104.54464285714286,24.185714285714287,simulada
145,0.21496512145862684,416.51530612244903,14.528571428571428,simulada
54,0.16172335600907053,65.06122448979592,10.128571428571428,simulada
153,0.3827253478523897,105.24872448979592,7.9714285714285715,simulada
231,0.3545227757954237,127.41836734693878,14.014285714285714,simulada
113,0.1388376764847352,105.0344387755102,26.785714285714285,simulada
188,0.14647711276151387,538.218112244898,24.514285714285716,simulada
126,0.13890304006246043,77.45280612244899,21.585714285714285,simulada
51,0.1407106782106782,22.248724489795922,8.142857142857142,simulada
153,0.3713577121243019,55.78061224489796,9.971428571428572,simulada
30,0.2571252204585538,10.602040816326532,4.6,simulada
226,0.3453540240075489,167.04464285714286,14.82857142857143,simulada
31,0.0825805322128851,9.58673469387755,9.628571428571428,simulada
199,0.07946387989505795,248.50382653061226,42.72857142857143,simulada
91,0.4177236652236651,28.64668367346939,5.742857142857143,simulada
137,0.11488408338203748,83.45408163265306,9.371428571428572,simulada
128,0.3665074926718482,57.73852040816326,8.528571428571428,simulada
131,0.35730169480072677,71.53443877551021,9.528571428571428,simulada
53,0.41588235294117654,16.034438775510203,4.928571428571429,simulada
188,0.3670720908517889,142.26530612244898,11.742857142857142,simulada
40,0.08122529644268772,10.381377551020407,9.542857142857143,simulada
154,0.3512988305729691,60.360969387755105,11.0,simulada
231,0.2911774818403917,289.53443877551024,15.871428571428572,simulada
225,0.37382839765370823,190.25,12.028571428571428,simulada
203,0.3663844618448,177.8112244897959,11.228571428571428,simulada
209,0.2271183463640464,713.718112244898,15.157142857142857,simulada
150,0.3762295924621103,114.73852040816327,8.0,simulada
138,0.3578712237583205,146.28954081632654,7.6,simulada
37,0.09389978213507623,7.6683673469387745,7.985714285714286,simulada
113,0.38883738277919844,86.82015306122449,7.714285714285714,simulada
79,0.15802361595044492,67.1670918367347,12.528571428571428,simulada
236,0.384108599386224,169.76530612244898,11.685714285714285,simulada
58,0.12928476946334103,23.8609693877551,11.128571428571428,simulada
38,0.20162835249042121,42.56122448979591,5.914285714285715,simulada
33,0.125,9.071428571428571,5.542857142857143,simulada
48,0.36732804232804217,32.003826530612244,5.571428571428571,simulada
202,0.2457457554682294,411.52423469387753,18.6,simulada
243,0.34922588579240643,193.23852040816328,14.714285714285714,simulada
80,0.0747292250233428,23.336734693877553,14.857142857142858,simulada
218,0.16467799015062576,844.4948979591837,22.514285714285716,simulada
39,0.41898496240601507,6.8520408163265305,4.771428571428571,simulada
38,0.308843537414966,26.177295918367346,5.457142857142857,simulada
86,0.05172789744945153,22.729591836734695,18.2,simulada
152,0.38606771844749943,118.35204081632654,8.842857142857143,simulada
179,0.16743664191184998,868.3163265306123,31.285714285714285,simulada
49,0.32182539682539674,34.464285714285715,5.314285714285714,simulada
211,0.3654923697807053,235.96301020408166,11.628571428571428,simulada
210,0.37529085946174273,199.36096938775512,11.614285714285714,simulada
167,0.19178502618941437,468.38775510204084,22.085714285714285,simulada
154,0.1989897463720827,317.76530612244903,17.085714285714285,simulada
196,0.09752269317644843,249.69387755102042,35.0,simulada
203,0.3417772061863901,210.71428571428572,12.642857142857142,simulada
217,0.23651765535327332,1581.9234693877552,26.214285714285715,simulada
101,0.11406800563777286,57.544642857142854,14.914285714285715,simulada
44,0.04266381766381766,4.860969387755103,17.414285714285715,simulada
222,0.13189035404371416,546.3099489795918,31.085714285714285,simulada
224,0.3562687404288353,136.3826530612245,12.571428571428571,simulada
180,0.331168431380297,487.1670918367346,9.057142857142857,simulada
241,0.29263146794725514,639.7589285714286,15.842857142857143,simulada
192,0.09721658731753867,273.9438775510204,31.114285714285714,simulada
129,0.11857145914349325,113.9438775510204,29.314285714285713,simulada
212,0.3622647659605478,197.07142857142858,11.028571428571428,simulada
131,0.3182817072698025,86.24489795918366,10.1,simulada
247,0.212326211901511,1081.8099489795918,21.542857142857144,simulada
194,0.09827633556285185,425.8099489795918,33.44285714285714,simulada
49,0.32182539682539674,34.464285714285715,5.314285714285714,simulada
74,0.09970012626262635,27.973214285714285,14.185714285714285,simulada
29,0.059941520467836226,4.979591836734694,8.614285714285714,simulada
96,0.1286533142783144,85.52423469387756,14.885714285714286,simulada
237,0.2774810721239273,1390.452806122449,18.02857142857143,simulada
179,0.18438580588226172,552.7589285714286,25.7,simulada
228,0.3712245925060065,460.3724489795918,8.771428571428572,simulada
86,0.3992166474432909,51.5344387755102,6.828571428571428,simulada
109,0.10022889348976294,38.42857142857143,23.071428571428573,simulada
152,0.30581655125680335,344.06632653061223,8.8,simulada
210,0.11169427806893996,296.9630102040816,34.385714285714286,simulada
234,0.27326654096390846,923.015306122449,18.142857142857142,simulada
176,0.11951408726306813,374.5255102040816,19.114285714285714,simulada
206,0.16235650044710478,1315.0038265306123,31.0,simulada
65,0.11672824302134659,28.789540816326532,7.914285714285715,simulada
74,0.15056483614951371,36.64668367346939,12.142857142857142,simulada
212,0.16098226529072812,535.3609693877551,28.2,simulada
81,0.24895572263993318,125.67729591836736,10.028571428571428,simulada
67,0.3717703349282297,66.10204081632654,5.957142857142857,simulada
49,0.23240740740740745,23.973214285714285,6.228571428571429,simulada
165,0.19471650123165235,176.46301020408163,19.2,simulada
165,0.0772609780289144,163.88137755102042,27.4,simulada
224,0.34307300667700386,134.3877551020408,14.257142857142858,simulada
185,0.3323564081786159,113.10586734693878,13.857142857142858,simulada
179,0.07927790194739336,246.07142857142858,32.9,simulada
138,0.2936084348269225,152.3469387755102,12.485714285714286,simulada
50,0.12809347877081878,35.964285714285715,12.742857142857142,simulada
147,0.36590853468801987,79.32015306122449,9.614285714285714,simulada
176,0.09442242020264868,449.50382653061223,37.128571428571426,simulada
246,0.21802248714067796,1293.5612244897961,28.042857142857144,simulada
40,0.08122529644268772,10.381377551020407,9.542857142857143,simulada
75,0.4070048309178745,97.06122448979592,5.571428571428571,simulada
239,0.16689554925047279,554.9897959183673,23.271428571428572,simulada
168,0.37980159714929557,87.33035714285714,10.642857142857142,simulada
215,0.09714120195877761,389.81122448979596,37.31428571428572,simulada
54,0.3378024753024753,27.49489795918367,5.085714285714285,simulada
183,0.07265484157902503,236.53443877551018,43.371428571428574,simulada
166,0.3063229792376456,468.2755102040816,13.242857142857142,simulada
103,0.36417624521072794,143.05102040816328,7.0,simulada
94,0.2826666132221685,89.71811224489795,8.514285714285714,simulada
145,0.35472281991512816,232.95408163265307,7.9714285714285715,simulada
54,0.04089381720430108,8.316326530612246,16.242857142857144,simulada
226,0.1472763287360608,752.6875,32.72857142857143,simulada
241,0.2405336323494074,1134.9323979591838,23.957142857142856,simulada
239,0.32000907080856694,1167.3469387755101,14.057142857142857,simulada
157,0.19902110357984115,272.17729591836735,13.242857142857142,simulada
45,0.3288194444444444,43.09566326530613,5.714285714285714,simulada
189,0.36133309745474773,128.88137755102042,10.014285714285714,simulada
47,0.3833634330925353,13.744897959183675,4.828571428571428,simulada
194,0.32716973718755643,204.35714285714286,13.914285714285715,simulada
139,0.3652936125717336,89.33673469387756,8.257142857142858,simulada
185,0.09852914310987937,314.5956632653061,33.871428571428574,simulada
233,0.3062827985034602,559.6938775510205,14.457142857142857,simulada
249,0.1312850060915918,484.21811224489795,36.128571428571426,simulada
52,0.06593915343915345,18.678571428571427,16.142857142857142,simulada
236,0.2501632876498727,1546.9591836734694,16.142857142857142,simulada
170,0.11200244758927004,229.3520408163265,25.557142857142857,simulada
186,0.1846427813042721,325.50382653061223,20.014285714285716,simulada
191,0.10770639293366614,334.452806122449,30.942857142857143,simulada
192,0.35417922205997887,205.93239795918367,12.428571428571429,simulada
66,0.15478225478225474,36.932397959183675,12.214285714285714,simulada
226,0.1472763287360607,752.6875,32.72857142857143,simulada
170,0.11200244758927004,229.3520408163265,25.557142857142857,simulada
45,0.2165692007797273,19.408163265306122,6.142857142857143,simulada
205,0.36257705006387136,201.28061224489798,10.785714285714286,simulada
66,0.3902414235231571,22.248724489795922,5.457142857142857,simulada
125,0.11418279959263519,111.74489795918369,16.785714285714285,simulada
66,0.09505997474747482,23.602040816326532,16.557142857142857,simulada
228,0.15379265300288383,916.3469387755102,25.571428571428573,simulada
172,0.12383808587725689,135.00382653061223,19.9,simulada
173,0.3581622649466357,272.4732142857143,10.157142857142857,simulada
64,0.37143326230013535,19.989795918367346,6.285714285714286,simulada
58,0.1754906616017727,30.238520408163264,8.571428571428571,simulada
32,0.07128446115288219,8.534438775510203,9.857142857142858,simulada
228,0.19404545665619458,1583.9897959183672,32.81428571428572,simulada
228,0.3787225620678572,191.0612244897959,11.942857142857143,simulada
65,0.06071428571428568,13.26530612244898,15.014285714285714,simulada
190,0.14260622229372452,302.38775510204084,22.885714285714286,simulada
169,0.1032989755122435,365.952806122449,27.385714285714286,simulada
43,0.07410282953761212,8.758928571428571,13.528571428571428,simulada
152,0.09253324753324807,117.14285714285714,31.9,simulada
96,0.1959529773541868,74.01530612244899,11.714285714285714,simulada
198,0.3666340608362359,151.59566326530611,12.285714285714286,simulada
157,0.369569122310308,103.45918367346938,10.271428571428572,simulada
71,0.09388308168795977,33.57525510204081,16.557142857142857,simulada
50,0.038858784893267655,7.360969387755103,15.2,simulada
51,0.051092117758784424,10.244897959183675,15.1,simulada
67,0.20101951188907705,48.309948979591844,8.885714285714286,simulada
206,0.2592467988724664,1347.6160714285713,17.642857142857142,simulada
72,0.10612824675324689,30.387755102040817,12.228571428571428,simulada
47,0.09441468253968259,13.503826530612246,12.657142857142857,simulada
219,0.36659483683124416,126.52423469387756,12.885714285714286,simulada
134,0.2589319332559571,146.05102040816328,13.842857142857143,simulada
191,0.3269276088433509,79.62244897959184,13.514285714285714,simulada
30,0.10774853801169591,8.596938775510203,7.542857142857143,simulada
42,0.17960573476702502,46.09566326530612,10.214285714285714,simulada
36,0.07976190476190474,6.758928571428571,8.585714285714285,simulada
202,0.0946252208089297,444.4642857142857,38.5,simulada
203,0.36956953494031997,208.03443877551018,11.257142857142858,simulada
223,0.1960924950970721,941.765306122449,21.514285714285716,simulada
231,0.09907229422285989,650.7895408163265,39.94285714285714,simulada
105,0.15311841998704265,98.75892857142857,16.0,simulada
28,0.45535714285714285,12.816326530612246,3.242857142857143,simulada
195,0.08224326368830227,232.3826530612245,36.48571428571429,simulada
150,0.3675160582818413,69.32015306122449,10.471428571428572,simulada
35,0.24583333333333332,11.336734693877549,4.614285714285714,simulada
42,0.2838391766963196,20.044642857142858,5.4714285714285715,simulada
154,0.17006957328385922,180.01530612244898,14.314285714285715,simulada
190,0.3356650192471131,198.87244897959184,12.514285714285714,simulada
59,0.28798615405758243,49.92857142857143,6.685714285714286,simulada
215,0.3581305943365145,177.38137755102042,11.928571428571429,simulada
224,0.3206568843076079,217.50382653061226,12.885714285714286,simulada
224,0.34307300667700386,134.3877551020408,14.257142857142858,simulada
196,0.3646374946847494,154.48979591836732,11.67142857142857,simulada
130,0.3257968107161653,130.23979591836735,8.657142857142857,simulada
154,0.3512988305729691,60.360969387755105,11.0,simulada
172,0.09825413970821938,537.1875,36.5,simulada
27,0.33854166666666674,9.872448979591836,4.3,simulada
182,0.37250987949984843,74.74489795918366,11.242857142857142,simulada
216,0.16968555549133973,836.265306122449,22.97142857142857,simulada
102,0.06881633798300478,35.432397959183675,18.414285714285715,simulada
215,0.3618460882244925,201.69387755102042,11.471428571428572,simulada
41,0.42994652406417094,21.503826530612248,3.9285714285714284,simulada
82,0.41929824561403495,33.55102040816327,5.0285714285714285,simulada
239,0.3694557825027783,545.5956632653061,11.628571428571428,simulada
202,0.3203988882082086,358.63775510204084,15.014285714285714,simulada
246,0.32332458700894323,284.4323979591837,13.885714285714286,simulada
135,0.19409831551668305,164.65816326530611,14.457142857142857,simulada
187,0.3394972545876017,116.1670918367347,12.285714285714286,simulada
28,0.42397584033613456,12.061224489795919,3.4857142857142858,simulada
145,0.3838864049756483,70.73852040816327,8.685714285714285,simulada
83,0.07738724453840734,34.75892857142857,19.785714285714285,simulada
39,0.15088522588522588,9.357142857142858,7.114285714285714,simulada
196,0.2786401098901095,347.34693877551024,15.071428571428571,simulada
90,0.24286359530262028,142.4795918367347,10.142857142857142,simulada
104,0.38092079312090693,39.87244897959183,8.071428571428571,simulada
196,0.3646374946847494,154.48979591836732,11.67142857142857,simulada
166,0.2932462213712216,294.0255102040816,12.385714285714286,simulada
59,0.19190630797773653,29.105867346938773,6.014285714285714,simulada
162,0.06784154339701998,187.95408163265304,39.44285714285714,simulada
233,0.3453111737237495,206.86096938775512,13.242857142857142,simulada
233,0.3062827985034601,559.6938775510205,14.414285714285715,simulada
121,0.096426209372638,70.88775510204081,23.32857142857143,simulada
37,0.09389978213507623,7.6683673469387745,7.985714285714286,simulada
111,0.15837603851230672,125.94387755102039,14.0,simulada
154,0.1989897463720827,317.76530612244903,17.085714285714285,simulada
248,0.3689554534574003,262.6466836734694,14.4,simulada
245,0.3273418743453742,197.95280612244898,12.757142857142858,simulada
165,0.35241476299508995,78.23852040816327,10.82857142857143,simulada
44,0.41315789473684206,9.158163265306124,4.714285714285714,simulada
27,0.301388888888889,12.301020408163266,4.357142857142857,simulada
98,0.3865552918145561,40.61607142857143,7.6571428571428575,simulada
217,0.23651765535327332,1581.9234693877552,26.214285714285715,simulada
39,0.09039473684210525,10.28954081632653,7.4,simulada
60,0.44074074074073993,40.48979591836735,4.557142857142857,simulada
225,0.3704998186310941,130.67729591836735,12.728571428571428,simulada
83,0.12266433099766424,41.52423469387755,11.785714285714286,simulada
77,0.2856776556776561,68.42857142857143,8.414285714285715,simulada
73,0.35514748409485225,63.525510204081634,7.0285714285714285,simulada
37,0.2607796964939819,22.275510204081634,6.9,simulada
206,0.16798873387145588,1063.1160714285713,25.014285714285716,simulada
189,0.14230841889528817,302.38137755102036,25.485714285714284,simulada
55,0.4296166341780377,14.051020408163266,5.457142857142857,simulada
230,0.370288309646252,167.23852040816328,11.914285714285715,simulada
66,0.08895758303321334,22.872448979591837,17.15714285714286,simulada
36,0.0591238471673254,5.38265306122449,11.471428571428572,simulada
236,0.3104913757767863,301.8915816326531,15.971428571428572,simulada
29,0.44642857142857145,12.244897959183675,3.3714285714285714,simulada
71,0.3514663087457206,33.642857142857146,6.6571428571428575,simulada
224,0.3206568843076079,217.50382653061226,12.885714285714286,simulada
40,0.10128446115288221,12.586734693877549,12.657142857142857,simulada
62,0.11282010582010595,21.963010204081634,6.171428571428572,simulada
89,0.20335887231048508,84.60586734693878,11.128571428571428,simulada
33,0.24634740259740262,15.989795918367347,5.442857142857143,simulada
236,0.36921863083351447,277.98979591836735,12.657142857142857,simulada
185,0.3512713984624449,145.95280612244898,11.7,simulada
190,0.3584553052484194,123.21428571428571,12.571428571428571,simulada
113,0.2346785995722164,225.0612244897959,12.757142857142858,simulada
117,0.18452164894996195,132.78061224489798,16.928571428571427,simulada
35,0.052282051282051274,6.030612244897959,12.67142857142857,simulada
180,0.36051178488094665,111.45918367346938,11.914285714285715,simulada
28,0.10640692640692642,3.4323979591836737,8.114285714285714,simulada
151,0.3585953604067153,87.28954081632652,9.942857142857143,simulada
32,0.07056530214424947,7.8609693877551035,16.214285714285715,simulada
209,0.2134207346260923,936.7295918367346,24.942857142857143,simulada
191,0.35890184972555117,164.31122448979593,10.414285714285715,simulada
176,0.0743259183274084,235.73852040816328,31.557142857142857,simulada
127,0.10755119075349678,92.67857142857143,14.485714285714286,simulada
185,0.09852914310987937,314.5956632653061,33.871428571428574,simulada
32,0.1253968253968254,15.646683673469386,6.785714285714286,simulada
248,0.2822941658567485,264.73852040816325,16.942857142857143,simulada
96,0.35934685062836313,68.31122448979592,6.928571428571429,simulada
73,0.15386851710381105,47.94387755102041,12.728571428571428,simulada
177,0.35410190657868695,106.13775510204081,11.585714285714285,simulada
159,0.35129492750068486,63.25,11.17142857142857,simulada
176,0.3783601087493819,129.45280612244898,9.957142857142857,simulada
204,0.34667639510303183,217.67729591836738,10.9,simulada
53,0.085249042145594,18.677295918367346,14.67142857142857,simulada
195,0.20835423924366173,331.60204081632645,14.942857142857143,simulada
217,0.11303364390099044,651.1377551020407,35.58571428571429,simulada
58,0.11918915343915351,25.872448979591837,14.742857142857142,simulada
55,0.16715388007054674,49.66836734693877,12.957142857142857,simulada
199,0.07946387989505795,248.50382653061226,42.72857142857143,simulada
166,0.2935562387523825,249.71811224489798,13.585714285714285,simulada
236,0.2219915718795377,1423.6875,28.285714285714285,simulada
117,0.3695804841132997,48.11607142857143,9.17142857142857,simulada
197,0.18054399763975149,468.98979591836735,21.057142857142857,simulada
32,0.44957983193277323,11.83673469387755,3.257142857142857,simulada
116,0.3842241831695943,34.95280612244898,8.32857142857143,simulada
58,0.08030913978494629,16.602040816326532,16.314285714285713,simulada
71,0.09388308168795977,33.57525510204081,16.557142857142857,simulada
102,0.2857643613000759,123.11607142857143,7.328571428571428,simulada
54,0.4288888888888884,45.38775510204082,4.271428571428571,simulada
166,0.2932462213712216,294.0255102040816,12.385714285714286,simulada
199,0.09230676991976267,415.3201530612245,36.32857142857143,simulada
188,0.14647711276151387,538.218112244898,24.514285714285716,simulada
143,0.2637797322934515,168.99489795918367,12.014285714285714,simulada
95,0.1296587467971113,66.51530612244898,11.628571428571428,simulada
150,0.36052618931585173,88.28061224489795,10.17142857142857,simulada
192,0.12232613250691496,535.9234693877551,27.728571428571428,simulada
150,0.36052618931585173,88.28061224489795,10.17142857142857,simulada
194,0.366402521984952,209.47321428571428,9.342857142857143,simulada
100,0.38010256399587644,44.38137755102041,6.485714285714286,simulada
73,0.11486775153609856,35.28954081632653,14.871428571428572,simulada
222,0.21216381821389418,1345.9234693877552,21.814285714285713,simulada
153,0.23911378744712058,160.96301020408166,14.557142857142857,simulada
91,0.37390951439864434,85.59693877551021,6.828571428571428,simulada
189,0.23599921974793323,1766.6772959183675,21.84285714285714,simulada
207,0.20100727817554145,453.54464285714283,21.642857142857142,simulada
41,0.2835356364768129,32.32015306122449,4.942857142857143,simulada
186,0.11749009167840219,147.46301020408163,32.714285714285715,simulada
110,0.3655616511744127,61.693877551020414,8.942857142857143,simulada
54,0.05185091106143739,10.6875,15.285714285714286,simulada
117,0.39447093393980026,40.17729591836735,7.9714285714285715,simulada
77,0.06953155245838187,27.973214285714285,22.714285714285715,simulada
189,0.07776800156228568,248.00382653061226,35.27142857142857,simulada
150,0.39046250225746765,46.891581632653065,8.571428571428571,simulada
196,0.2786401098901095,347.34693877551024,15.071428571428571,simulada
28,0.21803100448933785,7.595663265306123,4.714285714285714,simulada
161,0.32392289762891563,95.28061224489797,11.657142857142857,simulada
129,0.07710665863567645,77.75892857142857,21.285714285714285,simulada
50,0.12809347877081878,35.964285714285715,12.742857142857142,simulada
63,0.11480213626952762,17.051020408163264,12.285714285714286,simulada
77,0.13400673400673405,53.10586734693878,10.757142857142858,simulada
203,0.3417772061863901,210.71428571428572,12.642857142857142,simulada
55,0.08593869731800773,16.428571428571427,12.857142857142858,simulada
32,0.44444444444444425,11.83673469387755,3.5,simulada
179,0.3671736874564757,137.96301020408163,10.0,simulada
32,0.3376623376623376,17.428571428571427,4.457142857142857,simulada
186,0.07407772304324077,244.71428571428572,41.97142857142857,simulada
85,0.3604655870445342,62.857142857142854,5.742857142857143,simulada
165,0.3389479815371972,121.1670918367347,12.142857142857142,simulada
168,0.36374262194607654,119.05102040816327,9.957142857142857,simulada
218,0.22293722935626442,1399.6670918367347,18.814285714285713,simulada
224,0.1283787152737009,592.1326530612245,35.0,simulada
32,0.12708333333333335,9.744897959183675,5.642857142857143,simulada
189,0.37856045330143595,133.78954081632654,10.928571428571429,simulada
110,0.3655616511744127,61.693877551020414,8.942857142857143,simulada
67,0.36812612338928136,16.275510204081634,6.171428571428572,simulada
189,0.07852434759214363,238.52423469387756,35.05714285714286,simulada
143,0.35080525894290787,54.14668367346939,11.385714285714286,simulada
167,0.3872531460403315,97.55102040816327,9.871428571428572,simulada
29,0.07091269841269841,7.3609693877551035,7.871428571428571,simulada
68,0.24735470085470096,49.27551020408163,6.485714285714286,simulada
132,0.3568393713168503,55.16709183673469,10.871428571428572,simulada
44,0.12868906455862983,16.76530612244898,6.242857142857143,simulada
204,0.34981921528774074,173.6670918367347,11.557142857142857,simulada
128,0.35638486420331156,45.78061224489796,10.242857142857142,simulada
148,0.27186139332365805,273.75892857142856,10.285714285714286,simulada
70,0.2628284072249591,84.02551020408164,8.0,simulada
37,0.0908730158730159,9.785714285714286,11.928571428571429,simulada
104,0.37157309715206477,51.73852040816326,8.471428571428572,simulada
142,0.38885329485329445,59.72959183673469,8.542857142857143,simulada
155,0.09133054483054572,115.45918367346938,24.985714285714284,simulada
172,0.12383808587725689,135.00382653061223,19.9,simulada
174,0.35096604434268003,108.20918367346938,10.414285714285715,simulada
129,0.07710665863567645,77.75892857142857,21.285714285714285,simulada
26,0.1672979797979798,6.489795918367347,4.2,simulada
210,0.32238299906656837,107.24489795918366,12.7,simulada
123,0.24305194805194802,112.11607142857143,14.142857142857142,simulada
207,0.13502266608491317,823.1670918367347,25.771428571428572,simulada
233,0.3453111737237495,206.86096938775512,13.242857142857142,simulada
186,0.3001385338210853,377.50382653061223,13.185714285714285,simulada
196,0.3646374946847494,154.48979591836732,11.67142857142857,simulada
216,0.36853516866349656,369.6734693877551,12.3,simulada
197,0.18054399763975149,468.98979591836735,21.057142857142857,simulada
233,0.3718382346736322,191.45280612244898,12.814285714285715,simulada
41,0.30242003367003356,18.28061224489796,5.628571428571429,simulada
198,0.33693310337843496,130.60586734693877,12.971428571428572,simulada
28,0.21803100448933785,7.595663265306123,4.714285714285714,simulada
46,0.176748120300752,26.75,7.1571428571428575,simulada
195,0.3756597623257562,139.23852040816328,11.242857142857142,simulada
177,0.08559007613885562,282.7091836734694,37.48571428571429,simulada
213,0.36790092526841656,272.6683673469388,10.928571428571429,simulada
156,0.3555138138362121,65.09566326530611,10.157142857142857,simulada
195,0.3675067400316421,132.30102040816328,11.928571428571429,simulada
37,0.08678571428571427,9.59566326530612,8.357142857142858,simulada
186,0.3581550644601179,92.56122448979592,12.471428571428572,simulada
46,0.176748120300752,26.75,7.1571428571428575,simulada
223,0.33356803303676336,158.89158163265304,13.571428571428571,simulada
131,0.13459767240229442,251.39158163265304,26.3,simulada
185,0.08670179027321917,98.24872448979592,31.814285714285713,simulada
84,0.23651329177644972,118.5612244897959,9.114285714285714,simulada
222,0.21216381821389418,1345.9234693877552,21.814285714285713,simulada
138,0.36415707933595787,99.64668367346938,10.071428571428571,simulada
192,0.35417922205997887,205.93239795918367,12.428571428571429,simulada
117,0.18452164894996195,132.78061224489798,16.928571428571427,simulada
36,0.45096491228070174,5.908163265306122,3.357142857142857,simulada
54,0.11881519274376424,14.561224489795917,10.7,simulada
199,0.09230676991976267,415.3201530612245,36.32857142857143,simulada
27,0.11047794117647057,5.534438775510204,8.814285714285715,simulada
27,0.3224837662337662,16.99489795918367,4.014285714285714,simulada
85,0.37447691197691196,75.62244897959184,7.328571428571428,simulada
188,0.09058206363353313,338.98979591836735,32.75714285714286,simulada
194,0.08673559797482125,365.03443877551024,40.4,simulada
201,0.3915581356466174,120.82015306122449,10.414285714285715,simulada
32,0.07128446115288219,8.534438775510203,9.857142857142858,simulada
136,0.38258722961687447,103.33035714285714,7.785714285714286,simulada
228,0.19404545665619458,1583.9897959183672,32.81428571428572,simulada
222,0.3678855105949928,255.73852040816328,11.728571428571428,simulada
43,0.1877723311546841,21.030612244897956,6.014285714285714,simulada
32,0.44957983193277323,11.83673469387755,3.257142857142857,simulada
71,0.15871659204992544,38.6875,12.4,simulada
120,0.37880245278195823,71.6938775510204,8.657142857142857,simulada
121,0.1700885570800826,196.08673469387756,18.257142857142856,simulada
145,0.3700942840530937,48.173469387755105,9.7,simulada
203,0.28017204068486296,832.908163265306,12.728571428571428,simulada
224,0.3790727707423037,262.6466836734694,11.771428571428572,simulada
198,0.09260919106338823,324.6326530612245,33.3,simulada
26,0.20781053162005553,43.346938775510196,6.1,simulada
35,0.052282051282051274,6.030612244897959,12.67142857142857,simulada
157,0.3665653539287803,113.63265306122449,9.628571428571428,simulada
172,0.15289755383505316,170.59566326530611,24.414285714285715,simulada
223,0.1451041914863804,463.28954081632656,30.042857142857144,simulada
30,0.2571252204585538,10.602040816326532,4.6,simulada
222,0.37352598763571776,175.59693877551018,11.357142857142858,simulada
30,0.4666666666666667,3.6875,3.157142857142857,simulada
32,0.12708333333333335,9.744897959183675,5.642857142857143,simulada
170,0.3917916964356594,235.02423469387756,8.32857142857143,simulada
191,0.3660789001101856,157.5752551020408,11.0,simulada
30,0.40352807789782585,8.605867346938776,4.142857142857143,simulada
138,0.26606720024989233,162.53443877551018,12.028571428571428,simulada
223,0.33356803303676336,158.89158163265304,13.571428571428571,simulada
29,0.056447368421052614,4.88265306122449,10.357142857142858,simulada
48,0.08298059964726642,15.872448979591837,13.942857142857143,simulada
55,0.09784946236559151,28.30102040816326,18.52857142857143,simulada
125,0.3413690013042246,104.6670918367347,10.1,simulada
217,0.23651765535327332,1581.9234693877552,26.214285714285715,simulada
29,0.22202380952380954,18.738520408163264,5.0,simulada
121,0.3730510882291026,50.59566326530612,9.442857142857143,simulada
137,0.11488408338203748,83.45408163265306,9.371428571428572,simulada
246,0.28675639502956285,1977.2142857142858,18.314285714285713,simulada
168,0.11038846066802338,610.4081632653061,31.5,simulada
241,0.27907489009926545,541.1071428571429,17.2,simulada
221,0.3516418402740404,216.76530612244898,12.242857142857142,simulada
235,0.29712608627536835,763.5,11.885714285714286,simulada
176,0.08329072591290712,249.96301020408163,37.542857142857144,simulada
27,0.3121212121212121,14.33673469387755,4.171428571428572,simulada
248,0.20202294897145734,1433.3099489795918,22.7,simulada
168,0.10113573021181776,183.8826530612245,30.357142857142858,simulada
67,0.39654589906137877,16.586734693877553,5.8,simulada
114,0.385476905134034,84.87244897959184,7.985714285714286,simulada
195,0.20835423924366173,331.60204081632645,14.942857142857143,simulada
186,0.340580692980718,119.21811224489795,12.357142857142858,simulada
145,0.3700942840530937,48.173469387755105,9.7,simulada
199,0.07946387989505795,248.50382653061226,42.72857142857143,simulada
103,0.3746697626418985,51.452806122448976,7.814285714285714,simulada
248,0.276434316867903,1917.8163265306123,22.32857142857143,simulada
154,0.13537976301631752,280.7091836734694,23.014285714285716,simulada
29,0.22202380952380954,18.738520408163264,5.0,simulada
176,0.08329072591290712,249.96301020408163,37.542857142857144,simulada
199,0.3678044505117995,161.74872448979593,11.728571428571428,simulada
151,0.10399150781570905,153.43239795918365,34.4,simulada
228,0.3787225620678572,191.0612244897959,11.942857142857143,simulada
25,0.12683150183150182,4.964285714285714,5.9714285714285715,simulada
170,0.3249590713986071,66.90816326530611,12.857142857142858,simulada
39,0.08748387285948869,18.45918367346939,8.114285714285714,simulada
87,0.2457829301075266,95.98979591836736,11.82857142857143,simulada
46,0.176748120300752,26.75,7.1571428571428575,simulada
31,0.06633454106280191,7.321428571428571,8.714285714285714,simulada
215,0.35019061656017425,268.4795918367347,11.957142857142857,simulada
228,0.3528435279281836,255.97321428571428,11.785714285714286,simulada
185,0.09852914310987937,314.5956632653061,33.871428571428574,simulada
38,0.43917937545388536,14.392857142857142,4.228571428571429,simulada
40,0.22815789473684223,29.616071428571427,6.714285714285714,simulada
246,0.21802248714067796,1293.5612244897961,28.042857142857144,simulada
188,0.11314572452636873,436.952806122449,23.414285714285715,simulada
40,0.08122529644268772,10.381377551020407,9.542857142857143,simulada
28,0.052380952380952354,4.146683673469388,8.1,simulada
194,0.366402521984952,209.47321428571428,9.342857142857143,simulada
152,0.09253324753324807,117.14285714285714,31.9,simulada
222,0.21216381821389418,1345.9234693877552,21.814285714285713,simulada
78,0.27506077506077503,127.02423469387756,7.714285714285714,simulada
37,0.12797619047619052,9.95280612244898,6.114285714285714,simulada
177,0.08536539011576234,245.0752551020408,29.65714285714286,simulada
192,0.36201550355452927,153.56632653061226,11.557142857142857,simulada
85,0.10753660637381567,41.275510204081634,14.5,simulada
27,0.1534090909090909,6.095663265306122,4.042857142857143,simulada
206,0.16798873387145588,1063.1160714285713,25.014285714285716,simulada
195,0.35178668503175453,159.14668367346937,12.657142857142857,simulada
165,0.0827697262479871,165.28061224489792,29.1,simulada
172,0.32643586153970594,146.78571428571428,10.742857142857142,simulada
203,0.3417772061863901,210.71428571428572,12.642857142857142,simulada
212,0.137928648995426,301.60204081632656,24.571428571428573,simulada
248,0.2822941658567485,264.73852040816325,16.942857142857143,simulada
70,0.11916623997269157,39.860969387755105,19.414285714285715,simulada
214,0.36002767974996797,140.4795918367347,12.657142857142857,simulada
199,0.09230676991976267,415.3201530612245,36.32857142857143,simulada
50,0.06801075268817207,9.352040816326532,9.957142857142857,simulada
93,0.13639332365747436,81.53443877551021,13.742857142857142,simulada
129,0.11857145914349325,113.9438775510204,29.314285714285713,simulada
27,0.3121212121212121,14.33673469387755,4.171428571428572,simulada
209,0.3574095857449595,170.0752551020408,10.642857142857142,simulada
47,0.18668831168831168,19.214285714285715,6.4714285714285715,simulada
39,0.1093073593073593,16.658163265306122,9.257142857142858,simulada
149,0.3777426006244787,123.59566326530613,8.142857142857142,simulada
172,0.18380875418048456,412.88137755102036,15.428571428571429,simulada
210,0.33601398352374306,167.82015306122452,13.257142857142858,simulada
77,0.09415844415844417,18.320153061224488,20.042857142857144,simulada
230,0.370288309646252,167.23852040816328,11.914285714285715,simulada
219,0.10246220090852678,346.9183673469388,36.42857142857143,simulada
32,0.24974747474747477,12.137755102040815,5.3,simulada
81,0.24895572263993318,125.67729591836736,10.028571428571428,simulada
127,0.10755119075349678,92.67857142857143,14.485714285714286,simulada
228,0.19404545665619458,1583.9897959183672,32.81428571428572,simulada
86,0.36909362185419964,49.423469387755105,7.585714285714285,simulada
153,0.23911378744712058,160.96301020408166,14.557142857142857,simulada
189,0.36726840778698294,141.17729591836735,11.314285714285715,simulada
117,0.18452164894996195,132.78061224489798,16.928571428571427,simulada
27,0.32233918128654965,6.168367346938775,3.9285714285714284,simulada
30,0.3150691900691901,7.524234693877551,4.642857142857143,simulada
31,0.0589110644257703,2.729591836734694,7.385714285714286,simulada
71,0.40042735042735045,18.534438775510203,6.414285714285715,simulada
117,0.39168746835885226,39.82142857142857,8.657142857142857,simulada
96,0.13871332371332354,82.60586734693877,12.757142857142858,simulada
40,0.22815789473684223,29.616071428571427,6.714285714285714,simulada
196,0.3765042138213809,100.62244897959184,11.257142857142858,simulada
50,0.2535763888888889,27.816326530612248,5.914285714285715,simulada
168,0.164019186139002,239.53443877551018,17.271428571428572,simulada
31,0.20795454545454542,8.575255102040815,5.871428571428571,simulada
179,0.3461821953478213,123.25892857142857,11.771428571428572,simulada
199,0.09230676991976267,415.3201530612245,36.32857142857143,simulada
189,0.375413662979029,117.93239795918366,11.471428571428572,simulada
210,0.23066975268955467,761.6938775510205,18.571428571428573,simulada
53,0.085249042145594,18.677295918367346,14.67142857142857,simulada
184,0.3577601956962124,142.67346938775512,11.871428571428572,simulada
32,0.44117647058823545,12.408163265306124,3.4571428571428573,simulada
165,0.3389479815371972,121.1670918367347,12.142857142857142,simulada
200,0.314435976689057,172.1670918367347,13.071428571428571,simulada
138,0.3982946908602158,159.53061224489798,6.685714285714286,simulada
54,0.05185091106143739,10.6875,15.285714285714286,simulada
25,0.2369047619047619,6.423469387755101,4.185714285714286,simulada
188,0.08622491512469027,137.02551020408163,39.08571428571429,simulada
65,0.4155228981544771,14.809948979591836,5.457142857142857,simulada
43,0.07705026455026455,11.463010204081632,12.014285714285714,simulada
194,0.33635464236801565,121.24872448979592,13.357142857142858,simulada
177,0.08559007613885562,282.7091836734694,37.48571428571429,simulada
120,0.37880245278195823,71.6938775510204,8.657142857142857,simulada
58,0.1754906616017727,30.238520408163264,8.571428571428571,simulada
101,0.20990617569564932,117.78061224489797,10.542857142857143,simulada
108,0.42206526417052614,65.08673469387756,6.285714285714286,simulada
87,0.4038586956521737,34.63775510204082,5.871428571428571,simulada
35,0.0718050065876153,8.881377551020408,8.042857142857143,simulada
190,0.36367059612351127,133.3201530612245,11.928571428571429,simulada
137,0.11488408338203748,83.45408163265306,9.371428571428572,simulada
43,0.07169018817204303,14.607142857142858,10.0,simulada
43,0.09453514739229033,8.846938775510203,12.428571428571429,simulada
152,0.38606771844749943,118.35204081632654,8.842857142857143,simulada
210,0.3769520707053414,182.54464285714286,11.442857142857143,simulada
59,0.2311739847454132,40.45918367346939,5.371428571428571,simulada
246,0.3645128368393868,181.23852040816328,13.742857142857142,simulada
64,0.14920634920634926,34.3469387755102,8.442857142857143,simulada
73,0.15386851710381105,47.94387755102041,12.728571428571428,simulada
93,0.09309708379475809,38.47959183673469,12.971428571428572,simulada
212,0.359705533719367,198.0344387755102,11.785714285714286,simulada
215,0.35019061656017425,268.4795918367347,11.957142857142857,simulada
238,0.15390091870074138,674.2806122448981,28.885714285714286,simulada
78,0.2174316696375522,83.78061224489795,8.685714285714285,simulada
26,0.1672979797979798,6.489795918367347,4.2,simulada
235,0.29712608627536835,763.5,11.885714285714286,simulada
113,0.1388376764847352,105.0344387755102,26.785714285714285,simulada
125,0.37291019581646123,68.30994897959184,8.228571428571428,simulada
36,0.24597069597069587,16.566326530612244,4.957142857142857,simulada
75,0.4259259259259254,40.48979591836735,4.742857142857143,simulada
116,0.3842241831695943,34.95280612244898,8.32857142857143,simulada
56,0.10845648604269299,19.122448979591837,9.728571428571428,simulada
154,0.1989897463720827,317.76530612244903,17.085714285714285,simulada
39,0.09039473684210525,10.28954081632653,7.4,simulada
180,0.08867072858516467,339.7385204081633,34.67142857142857,simulada
33,0.07415552427867711,14.88265306122449,7.771428571428571,simulada
94,0.1727836879432623,116.07525510204083,10.185714285714285,simulada
103,0.36417624521072794,143.05102040816328,7.0,simulada
189,0.375413662979029,117.93239795918366,11.471428571428572,simulada
190,0.10463748022538523,194.50382653061226,31.2,simulada
212,0.3882703598318436,131.96301020408163,10.785714285714286,simulada
113,0.38494617730132946,54.285714285714285,8.385714285714286,simulada
162,0.1176169749317899,202.5,21.84285714285714,simulada
99,0.07861801242236037,47.142857142857146,25.314285714285713,simulada
177,0.06359396634760088,161.78571428571428,29.042857142857144,simulada
115,0.10407516460148043,41.46301020408163,10.957142857142857,simulada
245,0.38044345047568573,185.9591836734694,12.228571428571428,simulada
49,0.20378151260504254,44.20918367346939,5.742857142857143,simulada
166,0.32131546904274255,264.54464285714283,11.128571428571428,simulada
75,0.3863880855986117,66.13775510204081,5.0285714285714285,simulada
39,0.15088522588522588,9.357142857142858,7.114285714285714,simulada
51,0.2994107744107744,35.53061224489796,6.257142857142857,simulada
180,0.11060860054716717,594.9323979591836,29.857142857142858,simulada
51,0.12335843169176505,26.38137755102041,7.014285714285714,simulada
41,0.0772707231040565,12.146683673469388,12.114285714285714,simulada
235,0.34505588353299194,174.87244897959184,13.985714285714286,simulada
176,0.2192358998503072,298.5867346938776,13.471428571428572,simulada
60,0.11176470588235286,39.67857142857143,14.857142857142858,simulada
34,0.4523809523809524,11.26530612244898,3.4571428571428573,simulada
222,0.15019566722377017,916.0752551020407,23.8,simulada
31,0.1556372549019608,15.494897959183673,6.728571428571429,simulada
56,0.4126957545378598,12.891581632653061,5.871428571428571,simulada
76,0.37849960497019297,53.932397959183675,5.957142857142857,simulada
116,0.39076706457494553,75.52423469387756,7.485714285714286,simulada
179,0.11902520041939992,379.1058673469388,24.12857142857143,simulada
28,0.451578947368421,5.7397959183673475,3.2142857142857144,simulada
95,0.1296587467971113,66.51530612244898,11.628571428571428,simulada
192,0.3107843855260428,156.02551020408163,13.371428571428572,simulada
38,0.3087662337662337,17.534438775510207,5.385714285714286,simulada
52,0.19376361655773416,24.38137755102041,7.4,simulada
217,0.3692064915960021,204.03571428571428,12.557142857142857,simulada
195,0.08224326368830227,232.3826530612245,36.48571428571429,simulada
121,0.22347921550579367,141.39158163265307,13.3,simulada
127,0.3867146132659656,70.32015306122449,7.9,simulada
207,0.20100727817554145,453.54464285714283,21.642857142857142,simulada
187,0.09342860079467055,391.4540816326531,32.42857142857143,simulada
189,0.07852434759214363,238.52423469387756,35.05714285714286,simulada
163,0.3678278493829363,90.03061224489797,9.871428571428572,simulada
32,0.44957983193277323,11.83673469387755,3.257142857142857,simulada
120,0.1363534219658005,149.53443877551018,12.571428571428571,simulada
33,0.37384259259259245,14.248724489795919,4.142857142857143,simulada
206,0.16146188161749586,979.6683673469388,28.142857142857142,simulada
117,0.39168746835885226,39.82142857142857,8.657142857142857,simulada
155,0.37288786958248143,89.82015306122449,10.728571428571428,simulada
170,0.3845398453655373,78.97321428571429,10.214285714285714,simulada
192,0.12232613250691496,535.9234693877551,27.728571428571428,simulada
179,0.16743664191184998,868.3163265306123,31.285714285714285,simulada
68,0.24735470085470096,49.27551020408163,6.485714285714286,simulada
209,0.3832273823858206,132.85714285714286,11.342857142857143,simulada
224,0.3790727707423037,262.6466836734694,11.771428571428572,simulada
29,0.09401709401709399,6.173469387755103,7.9714285714285715,simulada
112,0.4018436614411842,62.60204081632653,6.2,simulada
237,0.29506430615588897,1146.9234693877552,15.257142857142858,simulada
246,0.32332458700894323,284.4323979591837,13.885714285714286,simulada
32,0.10218253968253964,8.88265306122449,8.085714285714285,simulada
200,0.32328505428505266,751.5306122448981,9.2,simulada
29,0.3115530303030303,15.857142857142858,3.9857142857142858,simulada
131,0.39717662373684803,53.382653061224495,8.514285714285714,simulada
245,0.3273418743453742,197.95280612244898,12.757142857142858,simulada
191,0.08003057266450046,152.8826530612245,42.357142857142854,simulada
32,0.10218253968253964,8.88265306122449,8.085714285714285,simulada
27,0.301388888888889,12.301020408163266,4.357142857142857,simulada
241,0.3167480396328414,1054.561224489796,16.114285714285714,simulada
75,0.4070048309178745,97.06122448979592,5.571428571428571,simulada
81,0.40957820375113607,22.891581632653065,6.414285714285715,simulada
51,0.12335843169176505,26.38137755102041,7.014285714285714,simulada
126,0.32067699792467563,80.75,10.385714285714286,simulada
222,0.14530274601830687,854.9642857142857,27.857142857142858,simulada
113,0.38883738277919844,86.82015306122449,7.714285714285714,simulada
123,0.39052204787330663,72.53571428571429,7.057142857142857,simulada
98,0.23467441878712253,92.08673469387756,9.485714285714286,simulada
40,0.08122529644268772,10.381377551020407,9.542857142857143,simulada
79,0.1491289198606268,81.57525510204083,12.785714285714286,simulada
73,0.35514748409485225,63.525510204081634,7.0285714285714285,simulada
169,0.1032989755122435,365.952806122449,27.385714285714286,simulada
192,0.36184478925639013,153.8112244897959,11.9,simulada
32,0.10218253968253964,8.88265306122449,8.085714285714285,simulada
71,0.15871659204992544,38.6875,12.4,simulada
111,0.15837603851230672,125.94387755102039,14.0,simulada
154,0.1989897463720827,317.76530612244903,17.085714285714285,simulada
42,0.31040300782148583,64.87244897959184,6.114285714285714,simulada
30,0.03899868247694334,3.979591836734694,9.842857142857143,simulada
25,0.20310846560846563,5.360969387755103,4.985714285714286,simulada
36,0.19408686551543697,13.428571428571429,5.042857142857143,simulada
181,0.1842581922072677,494.14285714285717,19.271428571428572,simulada
243,0.35736309110282677,481.73979591836735,11.82857142857143,simulada
117,0.3695804841132997,48.11607142857143,9.17142857142857,simulada
68,0.06600796863954764,28.765306122448976,12.357142857142858,simulada
214,0.28968740280209,1435.280612244898,11.914285714285715,simulada
78,0.10654761904761918,40.16709183673469,16.271428571428572,simulada
125,0.3413690013042246,104.6670918367347,10.1,simulada
189,0.375413662979029,117.93239795918366,11.471428571428572,simulada
110,0.34425712204073555,55.88775510204082,9.085714285714285,simulada
148,0.27186139332365805,273.75892857142856,10.285714285714286,simulada
224,0.3790727707423037,262.6466836734694,11.771428571428572,simulada
42,0.15716374269005848,11.173469387755102,7.4714285714285715,simulada
27,0.36000000000000004,5.952806122448979,4.242857142857143,simulada
228,0.3726765497564329,187.21811224489798,12.771428571428572,simulada
40,0.2114898989898989,11.167091836734695,7.557142857142857,simulada
52,0.4066666666666666,42.77551020408163,4.357142857142857,simulada
71,0.09388308168795977,33.57525510204081,16.557142857142857,simulada
204,0.34667639510303183,217.67729591836738,10.9,simulada
34,0.22354788069073786,16.28061224489796,5.142857142857143,simulada
64,0.37143326230013535,19.989795918367346,6.285714285714286,simulada
240,0.3470571572036297,189.20408163265304,16.042857142857144,simulada
152,0.3787222013225534,110.71811224489795,8.7,simulada
36,0.07860873694207025,16.034438775510203,14.157142857142857,simulada
159,0.35732588929490866,68.6875,10.985714285714286,simulada
33,0.05395256916996048,6.178571428571429,12.114285714285714,simulada
223,0.3649519001085995,242.6670918367347,11.928571428571429,simulada
32,0.44957983193277323,11.83673469387755,3.257142857142857,simulada
156,0.3853441495384701,135.70408163265307,8.442857142857143,simulada
58,0.4372549019607837,42.775510204081634,4.214285714285714,simulada
198,0.1647211304777098,502.9630102040816,25.071428571428573,simulada
161,0.28348444085732266,429.54464285714283,9.0,simulada
28,0.21803100448933785,7.595663265306123,4.714285714285714,simulada
27,0.1895604395604396,11.887755102040817,4.414285714285715,simulada
147,0.3531816874364955,231.12244897959184,8.028571428571428,simulada
210,0.12962675750767885,552.952806122449,32.25714285714286,simulada
69,0.14538474810213947,31.28061224489796,12.742857142857142,simulada
41,0.22816764132553602,25.887755102040817,6.214285714285714,simulada
37,0.0908730158730159,9.785714285714286,11.928571428571429,simulada
216,0.0994069674096619,456.67729591836735,38.3,simulada
218,0.22293722935626442,1399.6670918367347,18.814285714285713,simulada
203,0.38432964118559704,129.4795918367347,9.028571428571428,simulada
98,0.3918738079796088,30.94387755102041,7.257142857142857,simulada
121,0.22347921550579367,141.39158163265307,13.3,simulada
155,0.09070426065162901,109.74872448979592,22.571428571428573,simulada
215,0.37269056741265993,249.95408163265307,11.014285714285714,simulada
135,0.3754956760009213,91.45408163265306,8.6,simulada
162,0.059720898367687306,120.09566326530613,36.41428571428571,simulada
74,0.1463956713637838,103.92857142857143,11.914285714285715,simulada
74,0.15056483614951371,36.64668367346939,12.142857142857142,simulada
186,0.1846427813042721,325.50382653061223,20.014285714285716,simulada
170,0.22378999446668565,485.3724489795918,12.6,simulada
130,0.2953605017505577,73.35204081632654,13.4,simulada
137,0.11488408338203748,83.45408163265306,9.371428571428572,simulada
135,0.16424902534113042,247.17729591836732,15.985714285714286,simulada
53,0.085249042145594,18.677295918367346,14.67142857142857,simulada
180,0.331168431380297,487.1670918367346,9.057142857142857,simulada
111,0.2688479344729346,160.83673469387756,7.814285714285714,simulada
64,0.14920634920634926,34.3469387755102,8.442857142857143,simulada
151,0.35441071493703163,202.6377551020408,8.414285714285715,simulada
66,0.36042295246840717,13.330357142857142,7.114285714285714,simulada
75,0.3855381460644617,21.489795918367346,7.114285714285714,simulada
41,0.11594202898550734,10.204081632653061,4.214285714285714,simulada
26,0.08745421245421248,3.1875,4.385714285714286,simulada
185,0.08702663361788261,406.65816326530614,30.514285714285716,simulada
32,0.07076923076923082,9.204081632653061,9.82857142857143,simulada
109,0.3336237871012304,60.23852040816326,9.2,simulada
73,0.11486775153609856,35.28954081632653,14.871428571428572,simulada
120,0.1363534219658005,149.53443877551018,12.571428571428571,simulada
53,0.33105783105783093,27.454081632653065,5.442857142857143,simulada
192,0.3107843855260428,156.02551020408163,13.371428571428572,simulada
124,0.39822172982890963,40.71811224489796,8.142857142857142,simulada
40,0.3159617794486214,44.954081632653065,5.371428571428571,simulada
145,0.05671920928865371,55.336734693877546,33.27142857142857,simulada
171,0.09165324463118564,359.1683673469388,32.371428571428574,simulada
223,0.2470619405692693,716.2091836734693,17.585714285714285,simulada
91,0.10160714285714277,26.90816326530612,19.67142857142857,simulada
171,0.32786575395270934,154.0752551020408,11.67142857142857,simulada
29,0.056447368421052614,4.88265306122449,10.357142857142858,simulada
53,0.3429398148148144,34.525510204081634,4.714285714285714,simulada
90,0.2755350844041314,142.10586734693877,10.714285714285714,simulada
26,0.1672979797979798,6.489795918367347,4.2,simulada
121,0.22347921550579367,141.39158163265307,13.3,simulada
75,0.3855381460644617,21.489795918367346,7.114285714285714,simulada
206,0.16798873387145588,1063.1160714285713,25.014285714285716,simulada
69,0.1033298097251586,37.78061224489796,11.285714285714286,simulada
26,0.1672979797979798,6.489795918367347,4.2,simulada
162,0.06784154339701998,187.95408163265304,39.44285714285714,simulada
133,0.07373932906495964,140.21811224489798,23.84285714285714,simulada
27,0.1534090909090909,6.095663265306122,4.042857142857143,simulada
45,0.13352130325814537,18.473214285714285,17.17142857142857,simulada
102,0.3749239847454132,73.63265306122449,6.485714285714286,simulada
167,0.07546327111702773,177.37244897959184,29.02857142857143,simulada
37,0.07789855072463768,9.418367346938776,10.785714285714286,simulada
166,0.3461507297795515,117.09693877551021,11.128571428571428,simulada
66,0.36042295246840717,13.330357142857142,7.114285714285714,simulada
224,0.36256159320897435,221.87244897959184,12.614285714285714,simulada
26,0.09239130434782612,6.432397959183674,4.328571428571428,simulada
31,0.08112745098039212,6.357142857142857,5.6571428571428575,simulada
231,0.17304942451395597,749.2857142857143,28.82857142857143,simulada
227,0.14857995320376166,639.6377551020408,25.614285714285714,simulada
32,0.12708333333333335,9.744897959183675,5.642857142857143,simulada
134,0.09901566166717689,49.81122448979592,15.371428571428572,simulada
212,0.24330339484229638,1243.6938775510205,21.52857142857143,simulada
66,0.13529636660865849,68.09566326530611,11.914285714285715,simulada
167,0.08263412957171673,298.60714285714283,30.8,simulada
180,0.33116843138029695,487.1670918367346,9.057142857142857,simulada
247,0.212326211901511,1081.8099489795918,21.542857142857144,simulada
228,0.12407455736418918,668.5242346938775,40.77142857142857,simulada
44,0.3504901960784311,44.173469387755105,5.014285714285714,simulada
54,0.4288888888888884,45.38775510204082,4.271428571428571,simulada
154,0.13537976301631752,280.7091836734694,23.014285714285716,simulada
222,0.22056659909102863,878.8877551020407,23.37142857142857,simulada
35,0.07433084344849046,4.836734693877552,11.228571428571428,simulada
71,0.4009720127367187,24.132653061224488,5.9714285714285715,simulada
200,0.3232850542850524,751.5306122448981,9.2,simulada
194,0.10053711236746704,310.21811224489795,33.142857142857146,simulada
78,0.08451178451178452,34.10586734693878,18.17142857142857,simulada
28,0.4538888888888889,5.173469387755103,3.1714285714285713,simulada
27,0.04191033138401559,2.2385204081632653,8.571428571428571,simulada
25,0.23555555555555563,8.10204081632653,4.928571428571429,simulada
193,0.1172843660874864,391.7857142857143,25.97142857142857,simulada
50,0.08034537925842276,9.758928571428571,7.814285714285714,simulada
112,0.3610868749413637,66.03061224489797,8.442857142857143,simulada
38,0.20162835249042121,42.56122448979591,5.914285714285715,simulada
66,0.09505997474747482,23.602040816326532,16.557142857142857,simulada
66,0.09505997474747482,23.602040816326532,16.557142857142857,simulada
200,0.3672663250973483,108.45408163265306,11.557142857142857,simulada
72,0.057945736434108504,15.765306122448978,17.814285714285713,simulada
40,0.10128446115288221,12.586734693877549,12.657142857142857,simulada
235,0.34505588353299194,174.87244897959184,13.985714285714286,simulada
212,0.24330339484229638,1243.6938775510205,21.52857142857143,simulada
53,0.085249042145594,18.677295918367346,14.67142857142857,simulada
149,0.2289536751347346,235.89158163265307,10.885714285714286,simulada
132,0.19631147312726244,297.63265306122446,17.414285714285715,simulada
241,0.3167480396328414,1054.561224489796,16.114285714285714,simulada
143,0.3688083285823223,68.25892857142857,9.771428571428572,simulada
238,0.37572753752236093,204.5612244897959,12.657142857142857,simulada
165,0.3389479815371972,121.1670918367347,12.142857142857142,simulada
168,0.10113573021181776,183.8826530612245,30.357142857142858,simulada
189,0.32577489048304875,104.28061224489797,13.67142857142857,simulada
77,0.09415844415844417,18.320153061224488,20.042857142857144,simulada
34,0.08115079365079358,7.1058673469387745,5.042857142857143,simulada
27,0.05484126984126984,2.6058673469387754,7.928571428571429,simulada
104,0.37157309715206477,51.73852040816326,8.471428571428572,simulada
51,0.1407106782106782,22.248724489795922,8.142857142857142,simulada
173,0.3374431076701452,128.45280612244898,12.114285714285714,simulada
55,0.26611811391223156,29.642857142857142,7.6,simulada
174,0.34847361228617624,150.6875,10.7,simulada
31,0.06633454106280191,7.321428571428571,8.714285714285714,simulada
192,0.35417922205997887,205.93239795918367,12.428571428571429,simulada
86,0.3992166474432909,51.5344387755102,6.828571428571428,simulada
134,0.2589319332559571,146.05102040816328,13.842857142857143,simulada
168,0.354015115547623,186.26530612244898,11.428571428571429,simulada
59,0.2311739847454132,40.45918367346939,5.371428571428571,simulada
36,0.10870098039215684,7.801020408163265,8.257142857142858,simulada
247,0.3472268037961721,170.07142857142858,14.571428571428571,simulada
35,0.07433084344849046,4.836734693877552,11.228571428571428,simulada
74,0.37051900825689743,49.90816326530612,6.685714285714286,simulada
92,0.11240528731817895,54.60586734693878,17.442857142857143,simulada
170,0.09490263268791409,347.42857142857144,31.514285714285716,simulada
44,0.0907581453634085,8.372448979591836,6.914285714285715,simulada
132,0.19631147312726244,297.63265306122446,17.414285714285715,simulada
60,0.19072971781305118,45.40816326530612,8.542857142857143,simulada
37,0.13333333333333333,10.336734693877549,10.042857142857143,simulada
82,0.40754193773971475,21.95280612244898,6.7,simulada
196,0.22033055472475951,384.3915816326531,14.871428571428572,simulada
194,0.366402521984952,209.47321428571428,9.342857142857143,simulada
111,0.15837603851230672,125.94387755102039,14.0,simulada
209,0.2134207346260923,936.7295918367346,24.942857142857143,simulada
92,0.07829721204721206,27.034438775510203,12.657142857142857,simulada
191,0.3464647309212532,272.67729591836735,11.771428571428572,simulada
57,0.4289958407605465,19.70918367346939,4.642857142857143,simulada
104,0.19579059829059814,123.13265306122447,11.842857142857143,simulada
193,0.08121401983708539,323.6875,39.6,simulada
158,0.36058779560230847,46.1875,10.8,simulada
191,0.35890184972555117,164.31122448979593,10.414285714285715,simulada
197,0.16125365583230725,529.9438775510204,21.4,simulada
124,0.3906060834590243,94.98979591836735,6.942857142857143,simulada
153,0.14776231358538122,353.30994897959187,17.714285714285715,simulada
94,0.10342687074829904,64.95280612244898,14.485714285714286,simulada
43,0.09920512820512836,18.44387755102041,13.085714285714285,simulada
214,0.28968740280209,1435.280612244898,11.914285714285715,simulada
180,0.31247932421845576,273.65816326530614,11.228571428571428,simulada
73,0.4063186813186813,26.602040816326532,5.8428571428571425,simulada
161,0.28348444085732266,429.54464285714283,9.0,simulada
33,0.4037414965986396,11.979591836734695,3.7285714285714286,simulada
202,0.36829284132756945,165.00382653061226,11.657142857142857,simulada
27,0.36000000000000004,5.952806122448979,4.242857142857143,simulada
246,0.28675639502956285,1977.2142857142858,18.314285714285713,simulada
185,0.07523446513108152,221.1326530612245,40.42857142857143,simulada
96,0.1959529773541868,74.01530612244899,11.714285714285714,simulada
125,0.37877141421674665,49.1875,7.185714285714286,simulada
242,0.12583515384304847,414.4948979591837,40.92857142857143,simulada
203,0.0915317637867953,443.71811224489795,37.15714285714286,simulada
180,0.3732017644547546,100.38265306122449,9.414285714285715,simulada
230,0.370288309646252,167.23852040816328,11.914285714285715,simulada
216,0.36899069266280354,220.09566326530611,11.928571428571429,simulada
36,0.24597069597069587,16.566326530612244,4.957142857142857,simulada
206,0.16235650044710478,1315.0038265306123,31.0,simulada
112,0.3723985325124199,42.515306122448976,9.271428571428572,simulada
36,0.10870098039215684,7.801020408163265,8.257142857142858,simulada
224,0.22422935213827652,783.8469387755102,22.314285714285713,simulada
210,0.32238299906656837,107.24489795918366,12.7,simulada
65,0.11672824302134659,28.789540816326532,7.914285714285715,simulada
50,0.12963821892393332,16.066326530612244,10.071428571428571,simulada
189,0.07852434759214363,238.52423469387756,35.05714285714286,simulada
62,0.08950021450021432,27.13265306122449,8.32857142857143,simulada
112,0.412015565535553,80.6466836734694,6.114285714285714,simulada
202,0.20972916573565817,366.4234693877551,18.67142857142857,simulada
32,0.44957983193277323,11.83673469387755,3.257142857142857,simulada
196,0.09224542789097745,340.03443877551024,38.05714285714286,simulada
78,0.09700560224089637,57.8469387755102,19.3,simulada
37,0.07789855072463768,9.418367346938776,10.785714285714286,simulada
167,0.3591711662965505,65.03061224489797,11.17142857142857,simulada
31,0.20795454545454542,8.575255102040815,5.871428571428571,simulada
161,0.06578245022585999,118.75,31.271428571428572,simulada
71,0.08777169404347089,29.642857142857142,10.1,simulada
58,0.08030913978494629,16.602040816326532,16.314285714285713,simulada
216,0.16968555549133973,836.265306122449,22.97142857142857,simulada
194,0.13394376156901858,359.59693877551024,31.228571428571428,simulada
171,0.3607768135713944,114.05102040816327,10.857142857142858,simulada
233,0.3453111737237495,206.86096938775512,13.242857142857142,simulada
152,0.3675605536332169,164.83035714285714,8.928571428571429,simulada
73,0.35514748409485225,63.525510204081634,7.0285714285714285,simulada
205,0.3755002058622995,211.36096938775512,10.785714285714286,simulada
197,0.07545435885953312,216.03061224489798,46.3,simulada
71,0.173279569892473,36.51530612244898,10.1,simulada
214,0.12006456585347497,627.1071428571429,32.18571428571428,simulada
200,0.3672663250973483,108.45408163265306,11.557142857142857,simulada
84,0.23651329177644972,118.5612244897959,9.114285714285714,simulada
208,0.1871171251609005,511.1326530612245,20.82857142857143,simulada
86,0.2725600600600603,156.19387755102042,8.385714285714286,simulada
171,0.32786575395270934,154.0752551020408,11.67142857142857,simulada
207,0.3585166629767014,169.98979591836738,12.385714285714286,simulada
175,0.08818169378514128,129.66836734693877,36.15714285714286,simulada
59,0.14792241775937442,26.963010204081634,10.7,simulada
197,0.16125365583230725,529.9438775510204,21.4,simulada
68,0.24735470085470096,49.27551020408163,6.485714285714286,simulada
237,0.3522359719638598,186.27551020408163,13.757142857142858,simulada
40,0.10128446115288221,12.586734693877549,12.657142857142857,simulada
58,0.08030913978494629,16.602040816326532,16.314285714285713,simulada
59,0.2311739847454132,40.45918367346939,5.371428571428571,simulada
34,0.22354788069073786,16.28061224489796,5.142857142857143,simulada
185,0.07523446513108152,221.1326530612245,40.42857142857143,simulada
170,0.3845398453655373,78.97321428571429,10.214285714285714,simulada
155,0.09070426065162901,109.74872448979592,22.571428571428573,simulada
165,0.0772609780289144,163.88137755102042,27.4,simulada
177,0.37939219073119934,166.99489795918367,9.485714285714286,simulada
67,0.42057925461035495,17.959183673469386,5.314285714285714,simulada
96,0.3988805545795045,25.32015306122449,7.271428571428571,simulada
153,0.3412777938943915,117.28061224489797,10.371428571428572,simulada
231,0.17304942451395597,749.2857142857143,28.82857142857143,simulada
54,0.3378024753024753,27.49489795918367,5.085714285714285,simulada
214,0.2797756191572253,323.6466836734694,15.4,simulada
190,0.14061687011686974,211.06122448979593,20.457142857142856,simulada
225,0.37387584896525555,344.56122448979596,10.014285714285714,simulada
199,0.07946387989505795,248.50382653061226,42.72857142857143,simulada
32,0.44957983193277323,11.83673469387755,3.257142857142857,simulada
33,0.4037414965986396,11.979591836734695,3.7285714285714286,simulada
67,0.1288943623426383,37.75,8.17142857142857,simulada
208,0.36646997927912606,217.8112244897959,11.014285714285714,simulada
33,0.2403846153846154,37.19387755102041,4.485714285714286,simulada
244,0.3737663090127298,193.27551020408166,12.971428571428572,simulada
242,0.36346366192060287,290.74872448979596,12.428571428571429,simulada
25,0.12683150183150182,4.964285714285714,5.9714285714285715,simulada
149,0.16120096340141124,346.61607142857144,22.857142857142858,simulada
66,0.08895758303321334,22.872448979591837,17.15714285714286,simulada
29,0.12316849816849818,5.744897959183674,11.014285714285714,simulada
210,0.23066975268955467,761.6938775510205,18.571428571428573,simulada
242,0.2623494482367345,1253.748724489796,19.614285714285714,simulada
175,0.3472569437238803,76.11607142857143,12.3,simulada
215,0.36143648123542366,208.1670918367347,11.085714285714285,simulada
29,0.09238473167044596,6.258928571428571,7.371428571428571,simulada
150,0.06937002151287883,98.6875,22.228571428571428,simulada
25,0.20310846560846563,5.360969387755103,4.985714285714286,simulada
228,0.11690143722462126,404.07142857142856,30.17142857142857,simulada
57,0.1484098639455783,17.177295918367346,10.1,simulada
171,0.32786575395270934,154.0752551020408,11.67142857142857,simulada
58,0.0748924731182796,14.27551020408163,11.814285714285715,simulada
71,0.3514663087457206,33.642857142857146,6.6571428571428575,simulada
249,0.1312850060915918,484.21811224489795,36.128571428571426,simulada
199,0.36329238994293145,170.74872448979593,11.957142857142857,simulada
77,0.2856776556776561,68.42857142857143,8.414285714285715,simulada
168,0.11038846066802338,610.4081632653061,31.5,simulada
53,0.1678078638862953,21.372448979591837,7.9,simulada
28,0.21803100448933785,7.595663265306123,4.714285714285714,simulada
28,0.29623015873015873,15.116071428571429,5.242857142857143,simulada
66,0.13529636660865849,68.09566326530611,11.914285714285715,simulada
31,0.0589110644257703,2.729591836734694,7.385714285714286,simulada
37,0.2002158173210806,22.677295918367346,6.385714285714286,simulada
236,0.2919351280001954,1293.575255102041,15.357142857142858,simulada
66,0.08895758303321334,22.872448979591837,17.15714285714286,simulada
80,0.1926649739149739,108.58673469387756,14.742857142857142,simulada
102,0.3749239847454132,73.63265306122449,6.485714285714286,simulada
195,0.35178668503175453,159.14668367346937,12.657142857142857,simulada
70,0.11916623997269157,39.860969387755105,19.414285714285715,simulada
199,0.07546225804846678,217.78954081632654,46.34285714285714,simulada
215,0.20274149569208094,1331.9795918367347,21.5,simulada
155,0.09087510827552768,62.5969387755102,19.514285714285716,simulada
85,0.37358179967893607,33.17729591836735,7.4,simulada
30,0.07807017543859648,8.33673469387755,6.614285714285714,simulada
207,0.3181713667381917,562.4630102040817,11.185714285714285,simulada
70,0.2461901326187046,113.95280612244899,10.942857142857143,simulada
191,0.3464647309212532,272.67729591836735,11.771428571428572,simulada
80,0.0747292250233428,23.336734693877553,14.857142857142858,simulada
118,0.14791498490773877,116.61607142857143,16.685714285714287,simulada
70,0.11916623997269157,39.860969387755105,19.414285714285715,simulada
207,0.18902000682868988,260.67729591836735,20.928571428571427,simulada
244,0.3737663090127298,193.27551020408166,12.971428571428572,simulada
154,0.12082386094534477,197.17729591836732,23.257142857142856,simulada
223,0.1960924950970721,941.765306122449,21.514285714285716,simulada
28,0.451578947368421,5.7397959183673475,3.2142857142857144,simulada
118,0.1393109668109667,64.63775510204081,16.65714285714286,simulada
166,0.2932462213712216,294.0255102040816,12.385714285714286,simulada
246,0.2689116156954342,1359.4591836734694,18.885714285714286,simulada
32,0.07056530214424947,7.8609693877551035,16.214285714285715,simulada
203,0.16742181915501256,803.9540816326529,25.542857142857144,simulada
57,0.4289958407605465,19.70918367346939,4.642857142857143,simulada
227,0.11812365320809605,539.6466836734694,36.957142857142856,simulada
49,0.09492307692307703,15.58673469387755,13.9,simulada
219,0.36659483683124416,126.52423469387756,12.885714285714286,simulada
196,0.10560994893784538,213.44387755102042,31.0,simulada
31,0.4068627450980392,6.534438775510204,3.9285714285714284,simulada
188,0.3071497086673535,429.952806122449,12.157142857142857,simulada
113,0.38494617730132946,54.285714285714285,8.385714285714286,simulada
32,0.1253968253968254,15.646683673469386,6.785714285714286,simulada
206,0.16798873387145588,1063.1160714285713,25.014285714285716,simulada
224,0.3562687404288353,136.3826530612245,12.571428571428571,simulada
53,0.41588235294117654,16.034438775510203,4.928571428571429,simulada
67,0.20101951188907705,48.309948979591844,8.885714285714286,simulada
51,0.2994107744107744,35.53061224489796,6.257142857142857,simulada
166,0.3758793899396696,160.30994897959184,8.542857142857143,simulada
57,0.1253055555555555,23.677295918367346,5.671428571428572,simulada
58,0.12928476946334103,23.8609693877551,11.128571428571428,simulada
132,0.19631147312726244,297.63265306122446,17.414285714285715,simulada
179,0.3671736874564757,137.96301020408163,10.0,simulada
186,0.340580692980718,119.21811224489795,12.357142857142858,simulada
90,0.21079343971631298,115.88137755102039,8.8,simulada
174,0.3505688521384959,83.85204081632652,11.885714285714286,simulada
48,0.19613997113997142,22.391581632653065,8.257142857142858,simulada
181,0.1121267375381293,190.78954081632654,26.042857142857144,simulada
51,0.12335843169176505,26.38137755102041,7.014285714285714,simulada
228,0.11690143722462126,404.07142857142856,30.17142857142857,simulada
29,0.09238473167044596,6.258928571428571,7.371428571428571,simulada
196,0.22033055472475951,384.3915816326531,14.871428571428572,simulada
162,0.09063905503778924,116.73979591836734,34.25714285714286,simulada
30,0.07807017543859648,8.33673469387755,6.614285714285714,simulada
38,0.11146825396825395,12.311224489795919,9.928571428571429,simulada
212,0.10863138750836868,575.9323979591837,35.57142857142857,simulada
54,0.3802761341222879,31.78061224489796,5.114285714285714,simulada
200,0.06908917597693083,241.23852040816328,47.48571428571429,simulada
51,0.12335843169176505,26.38137755102041,7.014285714285714,simulada
61,0.09297052154194996,26.479591836734695,7.5,simulada
185,0.19112166659336124,728.2091836734695,20.8,simulada
146,0.07268604220659027,62.14668367346939,21.214285714285715,simulada
32,0.44957983193277323,11.83673469387755,3.257142857142857,simulada
66,0.08895758303321334,22.872448979591837,17.15714285714286,simulada
31,0.43697478991596655,12.122448979591837,3.7857142857142856,simulada
41,0.40626721763085394,21.238520408163264,4.557142857142857,simulada
25,0.20310846560846563,5.360969387755103,4.985714285714286,simulada
43,0.22114252645502644,20.561224489795915,6.828571428571428,simulada
203,0.28017204068486296,832.908163265306,12.728571428571428,simulada
73,0.15386851710381105,47.94387755102041,12.728571428571428,simulada
198,0.38212646033295555,139.41836734693877,10.614285714285714,simulada
71,0.08777169404347089,29.642857142857142,10.1,simulada
229,0.3773398522768541,163.46301020408166,12.571428571428571,simulada
179,0.11902520041939992,379.1058673469388,24.12857142857143,simulada
228,0.15379265300288383,916.3469387755102,25.571428571428573,simulada
131,0.13459767240229442,251.39158163265304,26.3,simulada
137,0.11488408338203748,83.45408163265306,9.371428571428572,simulada
155,0.09133054483054572,115.45918367346938,24.985714285714284,simulada
44,0.3504901960784311,44.173469387755105,5.014285714285714,simulada
28,0.295422335600907,7.918367346938775,4.542857142857143,simulada
28,0.451578947368421,5.7397959183673475,3.2142857142857144,simulada
195,0.35178668503175453,159.14668367346937,12.657142857142857,simulada
29,0.15447303921568628,15.738520408163264,5.8,simulada
207,0.3181713667381917,562.4630102040817,11.185714285714285,simulada
102,0.4055077127804024,52.66836734693878,6.957142857142857,simulada
210,0.18014696234366545,507.45918367346934,19.385714285714286,simulada
249,0.29658596393435877,1429.7589285714287,20.2,simulada
105,0.15311841998704265,98.75892857142857,16.0,simulada
53,0.33105783105783093,27.454081632653065,5.442857142857143,simulada
29,0.056447368421052614,4.88265306122449,10.357142857142858,simulada
236,0.36921863083351447,277.98979591836735,12.657142857142857,simulada
91,0.4177236652236651,28.64668367346939,5.742857142857143,simulada
249,0.2502880774902618,2293.0663265306125,18.7,simulada
43,0.22114252645502644,20.561224489795915,6.828571428571428,simulada
246,0.218084063337823,1453.075255102041,30.2,simulada
53,0.33105783105783093,27.454081632653065,5.442857142857143,simulada
246,0.3645128368393868,181.23852040816328,13.742857142857142,simulada
230,0.384382110671204,189.00382653061226,12.071428571428571,simulada
244,0.3562393565074519,366.11607142857144,12.82857142857143,simulada
82,0.40754193773971475,21.95280612244898,6.7,simulada
32,0.2560457516339871,23.60204081632653,4.828571428571428,simulada
181,0.08034676763787223,146.5,39.97142857142857,simulada
218,0.16467799015062576,844.4948979591837,22.514285714285716,simulada
28,0.4419642857142857,12.816326530612246,3.657142857142857,simulada
67,0.42057925461035495,17.959183673469386,5.314285714285714,simulada
199,0.36329238994293145,170.74872448979593,11.957142857142857,simulada
149,0.35401160944998866,94.71811224489797,8.3,simulada
167,0.08263412957171673,298.60714285714283,30.8,simulada
29,0.44642857142857145,12.244897959183675,3.3714285714285714,simulada
38,0.20162835249042121,42.56122448979591,5.914285714285715,simulada
27,0.33854166666666674,9.872448979591836,4.3,simulada
211,0.34712511220751313,202.10204081632654,12.014285714285714,simulada
32,0.1253968253968254,15.646683673469386,6.785714285714286,simulada
54,0.4288888888888884,45.38775510204082,4.271428571428571,simulada
46,0.25467687074829964,64.88265306122449,9.4,simulada
212,0.359705533719367,198.0344387755102,11.785714285714286,simulada
83,0.4054311603183781,25.20918367346939,5.457142857142857,simulada
228,0.3528435279281836,255.97321428571428,11.785714285714286,simulada
231,0.17304942451395597,749.2857142857143,28.82857142857143,simulada
37,0.23585600907029486,17.503826530612248,5.371428571428571,simulada
201,0.3635482210589897,162.95280612244898,11.571428571428571,simulada
143,0.07955760310212388,92.02551020408164,31.228571428571428,simulada
165,0.19471650123165235,176.46301020408163,19.2,simulada
27,0.05484126984126984,2.6058673469387754,7.928571428571429,simulada
210,0.36874781719848154,185.10586734693877,11.5,simulada
204,0.10049993250476842,398.5,34.885714285714286,simulada
206,0.36300443285204476,244.59566326530611,11.528571428571428,simulada
28,0.07705314009661839,8.964285714285714,8.457142857142857,simulada
53,0.33105783105783093,27.454081632653065,5.442857142857143,simulada
66,0.08895758303321334,22.872448979591837,17.15714285714286,simulada
232,0.3568904137503365,196.48979591836732,12.0,simulada
188,0.21348614218332523,1586.9795918367347,25.32857142857143,simulada
33,0.24634740259740262,15.989795918367347,5.442857142857143,simulada
249,0.2502880774902618,2293.0663265306125,18.7,simulada
47,0.18668831168831168,19.214285714285715,6.4714285714285715,simulada
72,0.10612824675324689,30.387755102040817,12.228571428571428,simulada
54,0.4288888888888884,45.38775510204082,4.271428571428571,simulada
185,0.33992589906225,140.60714285714286,12.32857142857143,simulada
165,0.3389479815371972,121.1670918367347,12.142857142857142,simulada
37,0.08678571428571427,9.59566326530612,8.357142857142858,simulada
149,0.35401160944998866,94.71811224489797,8.3,simulada
209,0.2271183463640464,713.718112244898,15.157142857142857,simulada
145,0.21496512145862684,416.51530612244903,14.528571428571428,simulada
206,0.3760641022014684,244.46301020408166,10.67142857142857,simulada
123,0.24559468309468283,153.38137755102042,10.042857142857143,simulada
73,0.11486775153609856,35.28954081632653,14.871428571428572,simulada
165,0.1618085306441473,252.51530612244898,14.542857142857143,simulada
27,0.21527777777777768,10.034438775510205,3.8857142857142857,simulada
199,0.37412567917405337,174.62244897959184,11.571428571428571,simulada
84,0.141571497285783,50.60586734693877,17.142857142857142,simulada
196,0.09310163370695454,413.61607142857144,35.27142857142857,simulada
105,0.03840090090090088,2.739795918367347,59.41428571428571,no_simulada
147,0.03440801457194912,3.830357142857143,61.75714285714286,no_simulada
37,0.03370098039215687,1.030612244897959,45.371428571428574,no_simulada
247,0.04479610684853614,3.673469387755102,62.05714285714286,no_simulada
60,0.042120387174833636,3.9183673469387754,60.98571428571429,no_simulada
151,0.03549180327868864,4.024234693877551,61.81428571428572,no_simulada
120,0.034220608993748826,3.0752551020408165,61.67142857142857,no_simulada
42,0.03913630229419703,2.0306122448979593,61.07142857142857,no_simulada
81,0.07984126984126984,1.677295918367347,40.0,no_simulada
203,0.0908201058201061,3.673469387755102,61.8,no_simulada
93,0.03573805202661831,2.534438775510204,61.642857142857146,no_simulada
208,0.0584679705215421,4.030612244897959,62.8,no_simulada
187,0.03723776223776218,3.346938775510204,61.74285714285714,no_simulada
82,0.03923409130971266,3.8201530612244894,61.357142857142854,no_simulada
232,0.09378205128205146,2.1466836734693877,63.614285714285714,no_simulada
195,0.07080128205128239,2.4591836734693877,62.57142857142857,no_simulada
236,0.06612925170068021,2.177295918367347,63.114285714285714,no_simulada
137,0.035062160062160036,4.26530612244898,61.4,no_simulada
208,0.07776422764227678,4.561224489795918,62.25714285714286,no_simulada
146,0.03282051282051284,2.7091836734693877,61.6,no_simulada
231,0.05588664421997747,2.9528061224489797,62.57142857142857,no_simulada
29,0.04777777777777777,0.6377551020408163,10.5,no_simulada
214,0.03882495026996291,1.9285714285714286,61.82857142857143,no_simulada
176,0.039489348370927504,3.454081632653061,62.05714285714286,no_simulada
56,0.037577050734945446,3.0306122448979593,58.871428571428574,no_simulada
189,0.03676315392733294,3.107142857142857,61.75714285714286,no_simulada
159,0.03385245901639356,2.6772959183673466,61.785714285714285,no_simulada
154,0.043604651162790824,4.6875,61.52857142857143,no_simulada
153,0.03595387840670871,4.775510204081633,62.01428571428571,no_simulada
192,0.03837258917904078,3.2385204081632653,61.91428571428571,no_simulada
114,0.03425858732462513,3.0956632653061225,62.01428571428571,no_simulada
128,0.033847481021393955,2.607142857142857,61.34285714285714,no_simulada
98,0.037373737373737344,3.954081632653061,57.32857142857143,no_simulada
249,0.0761746453900708,2.1160714285714284,63.457142857142856,no_simulada
235,0.06219205630970333,2.3826530612244894,62.82857142857143,no_simulada
162,0.04824700493305156,3.1058673469387754,61.82857142857143,no_simulada
192,0.04849419448476064,4.2895408163265305,61.785714285714285,no_simulada
147,0.09694444444444426,2.6326530612244894,57.01428571428571,no_simulada
237,0.09599593495934979,3.9642857142857144,62.614285714285714,no_simulada
197,0.05809983896940448,3.7385204081632653,62.67142857142857,no_simulada
240,0.04608003108003089,2.218112244897959,62.1,no_simulada
91,0.03527497194163865,3.5956632653061225,61.34285714285714,no_simulada
162,0.046379492600422983,3.9897959183673466,62.17142857142857,no_simulada
30,0.03606719367588932,2.1466836734693877,46.542857142857144,no_simulada
143,0.03897015366430268,3.7385204081632653,61.92857142857143,no_simulada
82,0.05162698412698412,2.4591836734693877,43.94285714285714,no_simulada
249,0.06089703425229716,3.167091836734694,62.75714285714286,no_simulada
25,0.03896103896103896,1.9081632653061225,43.67142857142857,no_simulada
215,0.04106739032112152,2.3010204081632653,61.857142857142854,no_simulada
71,0.040129058277878604,7.667091836734694,61.25714285714286,no_simulada
144,0.04588394062078279,2.7181122448979593,61.92857142857143,no_simulada
109,0.03651019440493122,3.034438775510204,60.94285714285714,no_simulada
191,0.04089030046380334,3.229591836734694,62.24285714285714,no_simulada
240,0.0430676328502412,3.229591836734694,61.92857142857143,no_simulada
106,0.0362620192307692,2.173469387755102,61.4,no_simulada
134,0.03748792270531408,2.525510204081633,62.41428571428571,no_simulada
77,0.036058201058201074,2.748724489795918,61.52857142857143,no_simulada
125,0.03643231575701521,3.739795918367347,61.75714285714286,no_simulada
229,0.09277777777777804,2.9017857142857144,62.55714285714286,no_simulada
245,0.058510860484544513,2.622448979591837,62.7,no_simulada
103,0.041722689075630266,4.809948979591836,57.457142857142856,no_simulada
158,0.05476529160739696,2.534438775510204,62.1,no_simulada
137,0.03574225865209479,3.289540816326531,61.68571428571428,no_simulada
170,0.03940717447006771,3.9642857142857144,61.98571428571429,no_simulada
161,0.040233451536643226,2.3112244897959187,62.4,no_simulada
92,0.03683908045977013,2.8112244897959187,58.55714285714286,no_simulada
202,0.06283670033670062,4.2895408163265305,63.17142857142857,no_simulada
108,0.06646903820816866,2.5752551020408165,51.642857142857146,no_simulada
224,0.07041062801932377,3.8877551020408165,62.628571428571426,no_simulada
142,0.038770685579196336,4.673469387755103,62.22857142857143,no_simulada
28,0.034795321637426886,2.4732142857142856,32.785714285714285,no_simulada
33,0.04,1.6875,55.74285714285714,no_simulada
166,0.03831035316884389,3.7448979591836737,62.114285714285714,no_simulada
134,0.04265054528212418,3.003826530612245,60.07142857142857,no_simulada
54,0.06228632478632479,1.3099489795918369,29.014285714285716,no_simulada
117,0.03418826017979911,3.443877551020408,61.642857142857146,no_simulada
163,0.052388211382113935,3.193877551020408,62.114285714285714,no_simulada
164,0.034234654234654216,2.7857142857142856,61.51428571428571,no_simulada
94,0.0564935064935065,2.4017857142857144,49.957142857142856,no_simulada
221,0.044496233521657214,2.852040816326531,62.31428571428572,no_simulada
103,0.03412532028884235,3.5510204081632653,61.9,no_simulada
146,0.03300477897252101,3.309948979591837,61.68571428571428,no_simulada
247,0.04493443754313292,3.2589285714285716,61.871428571428574,no_simulada
91,0.03606403013182678,3.3826530612244903,61.55714285714286,no_simulada
162,0.037707390648567256,4.280612244897959,62.08571428571429,no_simulada
25,0.03355263157894737,1.4795918367346939,45.371428571428574,no_simulada
218,0.041518429487179355,2.167091836734694,61.957142857142856,no_simulada
129,0.03258217382536812,4.401785714285714,61.714285714285715,no_simulada
112,0.03548076923076925,2.4323979591836737,61.55714285714286,no_simulada
148,0.06616487455197119,2.346938775510204,59.75714285714286,no_simulada
164,0.053879892037786856,2.704081632653061,62.32857142857143,no_simulada
215,0.04423952641165753,3.142857142857143,62.214285714285715,no_simulada
241,0.07493061979648472,2.142857142857143,63.457142857142856,no_simulada
38,0.07698412698412696,0.8099489795918366,13.571428571428571,no_simulada
116,0.03752418964683125,5.137755102040816,62.01428571428571,no_simulada
66,0.03314024390243903,2.142857142857143,61.785714285714285,no_simulada
94,0.04328110161443492,1.989795918367347,55.1,no_simulada
73,0.05582788671023964,2.6058673469387754,39.871428571428574,no_simulada
80,0.03926366843033508,3.204081632653061,53.31428571428572,no_simulada
88,0.05353174603174605,2.0153061224489797,46.75714285714286,no_simulada
47,0.04106280193236715,3.8877551020408165,61.31428571428572,no_simulada
196,0.07861545756282637,3.6160714285714284,62.05714285714286,no_simulada
197,0.04346610761705125,1.9948979591836733,62.5,no_simulada
42,0.11111111111111109,1.25,12.342857142857143,no_simulada
79,0.040211640211640164,4.432397959183674,61.18571428571428,no_simulada
214,0.08901137980085384,2.789540816326531,62.75714285714286,no_simulada
188,0.038709677419354896,3.443877551020408,61.885714285714286,no_simulada
133,0.03576388888888895,2.503826530612245,62.22857142857143,no_simulada
208,0.0480078563411898,2.0,62.41428571428571,no_simulada
138,0.06494252873563211,2.6581632653061225,61.0,no_simulada
123,0.03719806763285016,4.668367346938775,61.285714285714285,no_simulada
47,0.05694444444444446,2.2385204081632653,20.214285714285715,no_simulada
250,0.04408557625948906,2.0242346938775513,61.92857142857143,no_simulada
246,0.04673978591889017,2.0510204081632653,62.22857142857143,no_simulada
157,0.0536324786324787,2.943877551020408,62.31428571428572,no_simulada
119,0.03482664995822902,4.275510204081632,61.92857142857143,no_simulada
236,0.08923957179771135,6.515306122448979,61.34285714285714,no_simulada
153,0.04250402576489548,2.954081632653061,62.22857142857143,no_simulada
249,0.06815432994678249,3.2181122448979593,63.2,no_simulada
129,0.032558816678313604,2.443877551020408,62.02857142857143,no_simulada
141,0.03502212904728643,3.4732142857142856,61.542857142857144,no_simulada
217,0.03991805677494861,2.423469387755102,61.871428571428574,no_simulada
184,0.03673941798941799,3.9630102040816326,61.81428571428572,no_simulada
171,0.05214101144333722,3.846938775510204,61.97142857142857,no_simulada
166,0.04225850340136069,4.479591836734694,62.2,no_simulada
159,0.06380952380952389,4.173469387755103,60.55714285714286,no_simulada
232,0.08959349593495956,2.229591836734694,63.44285714285714,no_simulada
129,0.034546254399195626,4.963010204081633,61.84285714285714,no_simulada
224,0.047179622774545966,2.9285714285714284,62.05714285714286,no_simulada
32,0.03543956043956045,1.336734693877551,29.814285714285713,no_simulada
163,0.03367720222417319,3.311224489795918,61.44285714285714,no_simulada
118,0.03388637506284574,3.6772959183673466,61.94285714285714,no_simulada
209,0.08578710289236637,2.748724489795918,62.08571428571429,no_simulada
97,0.03338624338624339,2.6772959183673466,61.58571428571429,no_simulada
100,0.03470609579100151,4.748724489795919,61.72857142857143,no_simulada
27,0.04230769230769231,3.7755102040816326,49.9,no_simulada
216,0.07698412698412725,2.6772959183673466,62.98571428571429,no_simulada
217,0.0429480820105819,2.830357142857143,62.02857142857143,no_simulada
118,0.03300847457627124,2.6058673469387754,61.67142857142857,no_simulada
156,0.044478114478114644,4.2895408163265305,61.385714285714286,no_simulada
143,0.04943693693693695,2.860969387755102,60.67142857142857,no_simulada
141,0.046727395411605976,2.7385204081632653,61.5,no_simulada
183,0.0664867296446246,3.8367346938775513,61.67142857142857,no_simulada
201,0.06506342494714616,4.928571428571429,62.128571428571426,no_simulada
161,0.033525641025641054,3.4081632653061225,61.74285714285714,no_simulada
201,0.05582890070922015,4.3813775510204085,62.2,no_simulada
196,0.0650212930700739,1.8915816326530612,62.385714285714286,no_simulada
43,0.03676470588235294,2.479591836734694,54.72857142857143,no_simulada
60,0.06367521367521367,1.489795918367347,30.65714285714286,no_simulada
195,0.039490527393753236,3.248724489795918,61.957142857142856,no_simulada
80,0.03386554621848738,3.0956632653061225,57.642857142857146,no_simulada
228,0.058641751330430515,4.6875,62.44285714285714,no_simulada
222,0.056851717464925046,2.857142857142857,62.57142857142857,no_simulada
179,0.043288084464555246,3.3010204081632653,62.32857142857143,no_simulada
210,0.06610269360269388,3.7755102040816326,62.24285714285714,no_simulada
121,0.03568920105355569,3.2385204081632653,61.214285714285715,no_simulada
72,0.038852813852813826,2.605867346938776,50.614285714285714,no_simulada
90,0.04361538461538461,2.6160714285714284,51.08571428571429,no_simulada
150,0.05497354497354496,3.289540816326531,59.628571428571426,no_simulada
114,0.03577802916038218,5.82015306122449,61.31428571428572,no_simulada
227,0.045822316234796316,2.346938775510204,62.22857142857143,no_simulada
166,0.0562707444286392,2.9732142857142856,60.47142857142857,no_simulada
36,0.03984674329501915,2.5153061224489797,57.542857142857144,no_simulada
48,0.03234126984126984,2.7385204081632653,55.27142857142857,no_simulada
123,0.04193404634581099,2.7181122448979593,60.32857142857143,no_simulada
218,0.08532051282051326,3.2385204081632653,62.542857142857144,no_simulada
204,0.0503202614379088,2.044642857142857,62.55714285714286,no_simulada
229,0.049416195856873735,3.309948979591837,62.32857142857143,no_simulada
164,0.07830981182795699,3.852040816326531,58.52857142857143,no_simulada
173,0.08124999999999995,2.218112244897959,61.08571428571429,no_simulada
104,0.03431174089068824,3.0714285714285716,61.9,no_simulada
144,0.03384226884226882,2.167091836734694,61.48571428571429,no_simulada
211,0.04397363465160074,4.463010204081632,62.24285714285714,no_simulada
225,0.049737850373059084,1.9540816326530612,62.22857142857143,no_simulada
109,0.03793995859213245,2.704081632653061,61.17142857142857,no_simulada
146,0.037188208616780176,3.7397959183673466,62.32857142857143,no_simulada
213,0.04441619585687379,3.4528061224489797,62.25714285714286,no_simulada
243,0.06721970839617884,3.489795918367347,62.81428571428572,no_simulada
108,0.03564375094225833,2.979591836734694,61.31428571428572,no_simulada
58,0.033942652329749114,1.5956632653061225,60.457142857142856,no_simulada
70,0.03908045977011495,3.503826530612245,61.48571428571429,no_simulada
172,0.1014778325123152,3.693877551020408,60.15714285714286,no_simulada
176,0.09247311827956989,3.667091836734694,60.27142857142857,no_simulada
80,0.038039867109634584,3.8201530612244903,61.02857142857143,no_simulada
140,0.042450669485553316,2.830357142857143,61.94285714285714,no_simulada
199,0.04827802916038236,2.075255102040816,62.614285714285714,no_simulada
223,0.04062801932367127,3.2653061224489797,61.8,no_simulada
218,0.042054877129503815,3.2653061224489797,61.97142857142857,no_simulada
223,0.06391723356009078,3.3367346938775513,63.15714285714286,no_simulada
189,0.03914312617702456,2.667091836734694,61.94285714285714,no_simulada
124,0.08152173913043471,1.9642857142857142,53.285714285714285,no_simulada
72,0.041558441558441565,2.7181122448979593,41.371428571428574,no_simulada
96,0.035645009416195875,2.9732142857142856,61.51428571428571,no_simulada
40,0.03832442067736185,2.693877551020408,59.0,no_simulada
148,0.053841341341341394,3.503826530612245,60.68571428571428,no_simulada
221,0.06761674718196475,2.881377551020408,63.31428571428572,no_simulada
72,0.038667069973785065,4.095663265306123,61.52857142857143,no_simulada
46,0.03231225296442687,1.6466836734693877,52.05714285714286,no_simulada
74,0.03581081081081083,2.943877551020408,60.91428571428571,no_simulada
164,0.07917562724014328,2.6772959183673466,60.42857142857143,no_simulada
107,0.03619528619528623,3.3826530612244903,61.6,no_simulada
149,0.06646953405017901,2.4732142857142856,58.65714285714286,no_simulada
44,0.036450924608819345,2.173469387755102,59.371428571428574,no_simulada
114,0.03488917306052851,3.003826530612245,61.24285714285714,no_simulada
105,0.04634099616858233,3.6377551020408165,56.18571428571428,no_simulada
182,0.044037252056120205,3.9591836734693877,62.214285714285715,no_simulada
203,0.09305322128851566,2.1466836734693877,62.885714285714286,no_simulada
233,0.06354248366013066,3.748724489795918,62.51428571428571,no_simulada
42,0.02784722222222223,1.459183673469388,38.84285714285714,no_simulada
112,0.03497340425531922,5.372448979591836,60.77142857142857,no_simulada
200,0.03736464735147782,3.8826530612244894,61.8,no_simulada
223,0.04045215100965745,2.352040816326531,61.97142857142857,no_simulada
123,0.03302721088435383,2.7448979591836737,61.885714285714286,no_simulada
200,0.0384735576923077,2.4897959183673466,61.9,no_simulada
43,0.03802733214497919,2.4948979591836737,53.8,no_simulada
60,0.037980769230769255,3.239795918367347,60.82857142857143,no_simulada
71,0.03633156966490298,2.2040816326530615,54.357142857142854,no_simulada
97,0.03559397163120573,3.0867346938775513,62.18571428571428,no_simulada
139,0.060921717171717155,4.860969387755103,54.97142857142857,no_simulada
47,0.04070112893642305,4.780612244897959,57.32857142857143,no_simulada
192,0.037894327894327805,3.943877551020408,61.75714285714286,no_simulada
231,0.0458416005291004,3.5306122448979593,62.214285714285715,no_simulada
107,0.03312841530054648,1.6377551020408163,61.48571428571429,no_simulada
227,0.09898055950687563,2.0242346938775513,63.72857142857143,no_simulada
45,0.03499999999999999,2.5969387755102042,54.75714285714286,no_simulada
101,0.03701923076923074,3.8214285714285716,61.357142857142854,no_simulada
92,0.035519480519480576,3.2397959183673466,61.72857142857143,no_simulada
106,0.03384308510638304,3.0752551020408165,61.92857142857143,no_simulada
59,0.03488620199146515,4.963010204081633,58.44285714285714,no_simulada
234,0.05226962789791531,3.667091836734694,62.3,no_simulada
235,0.06761224489795903,3.891581632653061,62.75714285714286,no_simulada
146,0.03534506556245677,3.6058673469387754,61.31428571428572,no_simulada
244,0.06271837875611447,2.816326530612245,62.857142857142854,no_simulada
234,0.05668290043290033,4.535714285714286,62.57142857142857,no_simulada
222,0.04348958333333324,2.102040816326531,62.114285714285714,no_simulada
110,0.08473684210526324,2.1058673469387754,50.08571428571429,no_simulada
133,0.035080037664783514,2.857142857142857,61.385714285714286,no_simulada
115,0.03380614657210407,2.6772959183673466,62.15714285714286,no_simulada
127,0.03259175465057824,2.7806122448979593,62.15714285714286,no_simulada
191,0.06950067476383293,1.4183673469387756,63.02857142857143,no_simulada
112,0.0348227752639518,4.881377551020408,61.0,no_simulada
120,0.03365943945002651,2.9732142857142856,61.58571428571429,no_simulada
214,0.03903452685421977,3.9323979591836737,61.542857142857144,no_simulada
94,0.036925665788703516,3.2181122448979593,61.15714285714286,no_simulada
95,0.04407692307692309,2.346938775510204,54.871428571428574,no_simulada
160,0.0676294191919191,3.3826530612244903,60.385714285714286,no_simulada
46,0.03333333333333332,2.923469387755102,41.75714285714286,no_simulada
111,0.03654826958105646,3.1377551020408165,61.542857142857144,no_simulada
107,0.03692546583850926,4.13265306122449,61.128571428571426,no_simulada
111,0.03995245245245243,3.2653061224489797,60.871428571428574,no_simulada
126,0.04856376262626259,2.5357142857142856,59.91428571428571,no_simulada
85,0.033322087269455694,3.9948979591836737,60.9,no_simulada
42,0.056212121212121206,1.9323979591836735,18.3,no_simulada
242,0.07429138321995452,2.5956632653061225,63.05714285714286,no_simulada
40,0.03880952380952382,1.6326530612244898,30.37142857142857,no_simulada
242,0.07952495974235099,2.748724489795918,63.4,no_simulada
214,0.05702721088435394,3.739795918367347,62.75714285714286,no_simulada
249,0.060633116883116664,3.1058673469387754,62.9,no_simulada
212,0.04301928656767355,3.954081632653061,62.08571428571429,no_simulada
61,0.06655982905982906,1.489795918367347,30.557142857142857,no_simulada
223,0.05527903469079943,2.860969387755102,62.542857142857144,no_simulada
84,0.06179337231968816,2.2040816326530615,43.628571428571426,no_simulada
74,0.03549075391180657,2.872448979591837,61.58571428571429,no_simulada
226,0.08037098560354387,3.1326530612244903,63.57142857142857,no_simulada
130,0.08342391304347818,2.6875,53.1,no_simulada
125,0.034135802469135876,2.381377551020408,61.82857142857143,no_simulada
157,0.055867709815078354,4.218112244897959,61.05714285714286,no_simulada
74,0.035784313725490194,2.9183673469387754,61.5,no_simulada
139,0.035026143790849784,4.534438775510204,61.9,no_simulada
117,0.03243525480367593,3.75,61.75714285714286,no_simulada
43,0.033576998050682254,2.381377551020408,39.82857142857143,no_simulada
157,0.04848577235772372,3.3367346938775513,62.114285714285714,no_simulada
90,0.04078483245149911,3.034438775510204,53.44285714285714,no_simulada
168,0.0658131816026555,5.178571428571429,59.871428571428574,no_simulada
110,0.036077705827937144,2.9081632653061225,62.0,no_simulada
183,0.034151138716356035,3.4081632653061225,61.57142857142857,no_simulada
112,0.03458988590810987,3.5510204081632653,61.8,no_simulada
65,0.042067307692307696,3.5612244897959187,61.15714285714286,no_simulada
61,0.04951388888888887,1.218112244897959,40.0,no_simulada
66,0.08939393939393939,1.6670918367346939,28.7,no_simulada
127,0.03392773892773889,3.193877551020408,61.47142857142857,no_simulada
116,0.03181261770244825,2.360969387755102,61.58571428571429,no_simulada
63,0.033230769230769244,3.6058673469387754,52.72857142857143,no_simulada
185,0.03543645409317052,1.1785714285714286,61.77142857142857,no_simulada
188,0.03484781972490487,3.503826530612245,61.82857142857143,no_simulada
108,0.03490217792543374,3.0344387755102042,61.6,no_simulada
228,0.05537037037037032,4.238520408163265,62.642857142857146,no_simulada
131,0.07858333333333323,2.5969387755102042,55.357142857142854,no_simulada
107,0.03507257257257255,2.381377551020408,62.114285714285714,no_simulada
231,0.06928769657724342,2.0255102040816326,63.07142857142857,no_simulada
246,0.04727564102564084,2.622448979591837,62.24285714285714,no_simulada
146,0.08057929724596372,2.086734693877551,61.17142857142857,no_simulada
52,0.030026455026455012,2.667091836734694,54.41428571428571,no_simulada
188,0.0528985507246379,3.248724489795918,62.65714285714286,no_simulada
226,0.047326125073056634,2.391581632653061,62.47142857142857,no_simulada
156,0.03514384920634919,3.1581632653061225,61.58571428571429,no_simulada
116,0.03651709401709399,2.881377551020408,61.48571428571429,no_simulada
128,0.035355417529330434,2.391581632653061,61.34285714285714,no_simulada
181,0.04172490100163076,3.1160714285714284,62.25714285714286,no_simulada
111,0.038874034462269745,1.8163265306122451,61.57142857142857,no_simulada
84,0.03680408738548276,4.095663265306123,61.8,no_simulada
53,0.04070048309178744,3.372448979591837,61.371428571428574,no_simulada
234,0.043492098331869795,3.0752551020408165,61.82857142857143,no_simulada
215,0.07276670358065741,2.4323979591836737,63.31428571428572,no_simulada
59,0.03826530612244898,2.857142857142857,61.5,no_simulada
174,0.040934929850024386,3.607142857142857,61.57142857142857,no_simulada
115,0.039380341880341944,2.9323979591836737,61.114285714285714,no_simulada
218,0.04508637405252943,3.4323979591836737,62.18571428571428,no_simulada
117,0.06838768115942023,2.075255102040816,54.7,no_simulada
221,0.06016326530612253,2.7091836734693877,62.74285714285714,no_simulada
89,0.08305555555555554,1.5255102040816326,44.114285714285714,no_simulada
182,0.09122983870967756,2.9528061224489797,60.01428571428571,no_simulada
199,0.040778688524590226,3.122448979591837,62.142857142857146,no_simulada
206,0.0885385385385388,3.391581632653061,60.42857142857143,no_simulada
112,0.06458333333333335,2.061224489795918,54.785714285714285,no_simulada
205,0.0661645525017621,3.5714285714285716,62.82857142857143,no_simulada
146,0.09376923076923063,3.830357142857143,56.47142857142857,no_simulada
26,0.02843137254901961,1.2385204081632655,41.957142857142856,no_simulada
122,0.03956365272154743,3.0956632653061225,60.385714285714286,no_simulada
103,0.06053391053391057,1.3520408163265305,55.44285714285714,no_simulada
153,0.07662835249042133,3.5153061224489797,59.17142857142857,no_simulada
33,0.03646825396825396,2.0956632653061225,47.114285714285714,no_simulada
111,0.03487886382623232,2.6058673469387754,61.8,no_simulada
181,0.1012903225806453,4.892857142857143,57.285714285714285,no_simulada
198,0.09390968508615598,2.193877551020408,62.47142857142857,no_simulada
173,0.0551490514905151,3.0714285714285716,61.91428571428571,no_simulada
123,0.08221618357487911,3.391581632653061,52.65714285714286,no_simulada
126,0.04220009483167376,3.2806122448979593,60.285714285714285,no_simulada
206,0.058903792784459126,2.5956632653061225,62.74285714285714,no_simulada
152,0.036065653613871144,1.9528061224489797,61.9,no_simulada
157,0.034122157588577576,4.391581632653061,61.542857142857144,no_simulada
105,0.03547414442936827,2.2589285714285716,61.25714285714286,no_simulada
164,0.04386370644465017,3.8915816326530615,61.68571428571428,no_simulada
50,0.03631907308377896,3.1058673469387754,58.4,no_simulada
86,0.08539682539682536,1.280612244897959,42.371428571428574,no_simulada
44,0.0370879120879121,1.1683673469387756,34.871428571428574,no_simulada
119,0.034875776397515455,2.360969387755102,61.214285714285715,no_simulada
160,0.03527568922305777,3.6466836734693877,61.97142857142857,no_simulada
160,0.042870862884160886,3.061224489795918,62.42857142857143,no_simulada
210,0.07315137437088695,3.423469387755102,62.98571428571429,no_simulada
76,0.04007523148148147,3.8826530612244903,61.01428571428571,no_simulada
242,0.04910394265232958,1.7385204081632655,62.357142857142854,no_simulada
48,0.03948801742919389,2.193877551020408,40.15714285714286,no_simulada
121,0.03737487487487485,2.2806122448979593,60.18571428571428,no_simulada
205,0.03988014473089086,3.2385204081632653,61.8,no_simulada
76,0.037992831541218616,2.1466836734693877,60.07142857142857,no_simulada
157,0.056268768768768865,2.789540816326531,60.6,no_simulada
154,0.04383536360280559,3.622448979591837,62.34285714285714,no_simulada
231,0.08468834688346902,1.8099489795918369,63.44285714285714,no_simulada
138,0.07833333333333317,1.8201530612244898,58.58571428571429,no_simulada
73,0.04181763285024152,3.4183673469387754,49.042857142857144,no_simulada
32,0.03706896551724138,1.0612244897959184,60.05714285714286,no_simulada
87,0.061695906432748554,1.7040816326530612,44.15714285714286,no_simulada
89,0.03253623188405799,3.5956632653061225,59.82857142857143,no_simulada
58,0.04438775510204082,3.8826530612244903,61.5,no_simulada
187,0.07710317460317484,2.4081632653061225,62.114285714285714,no_simulada
212,0.041490393090075794,2.423469387755102,62.17142857142857,no_simulada
134,0.03600628930817623,5.015306122448979,61.65714285714286,no_simulada
201,0.039038461538461425,3.330357142857143,61.714285714285715,no_simulada
247,0.07976410730804794,3.168367346938776,63.27142857142857,no_simulada
94,0.03455837870538417,2.816326530612245,61.357142857142854,no_simulada
43,0.03781609195402299,2.9323979591836737,58.6,no_simulada
99,0.036387844611528865,3.5752551020408165,61.614285714285714,no_simulada
198,0.06774390243902466,1.4630102040816326,62.885714285714286,no_simulada
247,0.0508813678829541,2.607142857142857,62.41428571428571,no_simulada
107,0.0342995169082126,2.137755102040816,61.92857142857143,no_simulada
148,0.046817363922627114,3.3201530612244903,60.65714285714286,no_simulada
75,0.03569226025285232,2.4948979591836737,60.628571428571426,no_simulada
223,0.049616858237547856,3.6326530612244894,62.214285714285715,no_simulada
162,0.03601694915254248,4.979591836734694,61.785714285714285,no_simulada
128,0.03548068481123784,2.4897959183673466,61.47142857142857,no_simulada
208,0.06090177133655425,3.1326530612244894,62.614285714285714,no_simulada
76,0.04156920077972706,1.1058673469387756,52.82857142857143,no_simulada
156,0.040249433106576096,3.789540816326531,62.25714285714286,no_simulada
154,0.03317747905708175,4.423469387755103,61.77142857142857,no_simulada
148,0.07680623973727402,3.3915816326530615,57.77142857142857,no_simulada
51,0.03519713261648746,2.6772959183673466,54.27142857142857,no_simulada
176,0.03708568738229768,2.4642857142857144,62.042857142857144,no_simulada
182,0.0568534178999298,3.9323979591836737,61.77142857142857,no_simulada
225,0.05768602312719956,3.479591836734694,62.5,no_simulada
137,0.03486319966583134,3.704081632653061,61.94285714285714,no_simulada
119,0.06323076923076913,2.075255102040816,55.385714285714286,no_simulada
171,0.038367003367003515,4.525510204081632,61.81428571428572,no_simulada
69,0.05281862745098037,1.8201530612244898,37.65714285714286,no_simulada
118,0.0331482563802845,2.1683673469387754,61.72857142857143,no_simulada
112,0.03239693313222733,3.4323979591836737,61.3,no_simulada
233,0.05745230078563405,2.0306122448979593,62.714285714285715,no_simulada
150,0.04409601238869538,3.391581632653061,62.3,no_simulada
106,0.056222222222222215,2.1466836734693877,53.642857142857146,no_simulada
30,0.03394736842105263,1.7091836734693877,44.5,no_simulada
246,0.05054644808743149,2.5306122448979593,62.48571428571429,no_simulada
42,0.042172739541160596,3.816326530612245,58.81428571428572,no_simulada
76,0.035462962962962946,3.034438775510204,59.94285714285714,no_simulada
193,0.03922597712920295,3.809948979591837,61.785714285714285,no_simulada
190,0.041773288439955335,2.4948979591836737,62.357142857142854,no_simulada
238,0.08993418505613633,2.5867346938775513,63.15714285714286,no_simulada
215,0.08137820512820548,2.852040816326531,63.41428571428571,no_simulada
220,0.04128224206349195,3.2385204081632653,62.18571428571428,no_simulada
45,0.04091061827956989,3.6581632653061225,55.81428571428572,no_simulada
90,0.03387155297532662,2.0956632653061225,61.857142857142854,no_simulada
142,0.03433366402116407,3.5510204081632653,61.714285714285715,no_simulada
46,0.030844155844155834,2.044642857142857,48.77142857142857,no_simulada
78,0.08746031746031746,2.551020408163265,32.1,no_simulada
96,0.032061965811965826,1.9234693877551021,62.32857142857143,no_simulada
246,0.08873326286116971,2.9528061224489797,63.24285714285714,no_simulada
52,0.0368389780154486,2.4948979591836737,59.542857142857144,no_simulada
37,0.03223684210526316,1.5663265306122447,47.0,no_simulada
70,0.03396551724137933,1.677295918367347,60.17142857142857,no_simulada
203,0.038618925831201883,2.0867346938775513,61.57142857142857,no_simulada
171,0.03747227263561217,2.596938775510204,61.871428571428574,no_simulada
208,0.03962053571428571,3.1160714285714284,62.02857142857143,no_simulada
242,0.07323554421768692,4.357142857142857,62.957142857142856,no_simulada
132,0.041050260787102846,3.1160714285714284,61.3,no_simulada
240,0.07554733271662033,2.748724489795918,63.15714285714286,no_simulada
64,0.034367971210076474,3.204081632653061,61.042857142857144,no_simulada
91,0.04067540322580646,3.3201530612244903,59.34285714285714,no_simulada
196,0.036921453339363745,2.9591836734693877,61.785714285714285,no_simulada
172,0.038374245080849544,3.739795918367347,61.98571428571429,no_simulada
25,0.02537878787878788,1.1875,24.385714285714286,no_simulada
211,0.08936436436436468,2.003826530612245,63.47142857142857,no_simulada
133,0.033768561187916074,2.9642857142857144,61.628571428571426,no_simulada
90,0.04070197044334974,2.9528061224489797,55.97142857142857,no_simulada
139,0.03649555254032858,3.5510204081632653,61.51428571428571,no_simulada
56,0.04952380952380951,2.1058673469387754,32.785714285714285,no_simulada
242,0.0447073032111393,3.3826530612244894,61.98571428571429,no_simulada
180,0.04055973266499602,3.566326530612245,61.871428571428574,no_simulada
222,0.042987567987567844,3.173469387755102,61.94285714285714,no_simulada
213,0.05145742622157724,3.066326530612245,62.27142857142857,no_simulada
150,0.03406936882435989,3.096938775510204,61.871428571428574,no_simulada
234,0.04789186507936494,3.4630102040816326,62.17142857142857,no_simulada
154,0.034536768263183505,1.3201530612244898,62.22857142857143,no_simulada
150,0.03663945578231305,2.7091836734693877,62.042857142857144,no_simulada
153,0.03587929366231263,2.311224489795918,62.114285714285714,no_simulada
189,0.04791156462585057,2.534438775510204,62.5,no_simulada
59,0.09074074074074076,1.1670918367346939,25.84285714285714,no_simulada
45,0.04305555555555556,1.3099489795918369,25.65714285714286,no_simulada
105,0.03704318936877081,4.3813775510204085,60.98571428571429,no_simulada
36,0.034090909090909095,2.5153061224489797,49.0,no_simulada
81,0.03782267115600453,3.0,61.4,no_simulada
65,0.03070607553366172,2.309948979591837,58.5,no_simulada
134,0.05092097445038622,2.943877551020408,61.15714285714286,no_simulada
116,0.034210013637249244,3.003826530612245,61.67142857142857,no_simulada
180,0.041401515151515314,3.4528061224489797,62.114285714285714,no_simulada
133,0.03447712418300641,1.959183673469388,61.41428571428571,no_simulada
102,0.03464714714714712,2.8367346938775513,61.68571428571428,no_simulada
222,0.06738359543632455,2.6058673469387754,63.114285714285714,no_simulada
145,0.033399378399378385,2.3201530612244894,61.58571428571429,no_simulada
211,0.07783119658119697,1.6683673469387756,63.614285714285714,no_simulada
131,0.03404817404817397,3.391581632653061,61.55714285714286,no_simulada
220,0.040803557967737006,2.423469387755102,62.042857142857144,no_simulada
96,0.03559523809523816,2.7755102040816326,61.74285714285714,no_simulada
172,0.037794918330308694,3.248724489795918,61.9,no_simulada
250,0.054458568738229594,2.316326530612245,62.642857142857146,no_simulada
82,0.03967827274278886,4.360969387755103,61.3,no_simulada
69,0.03412298387096773,3.2385204081632653,59.128571428571426,no_simulada
177,0.03705373406193089,4.218112244897959,62.01428571428571,no_simulada
196,0.07815315315315349,3.544642857142857,62.1,no_simulada
104,0.03517957351290691,3.360969387755102,61.857142857142854,no_simulada
36,0.03910098522167488,2.7653061224489797,53.92857142857143,no_simulada
223,0.08880341880341909,3.9323979591836737,62.5,no_simulada
49,0.034662867996201344,2.5714285714285716,56.31428571428572,no_simulada
206,0.04327956989247304,3.0,61.98571428571429,no_simulada
103,0.03647586980920321,3.693877551020408,61.75714285714286,no_simulada
98,0.03372926093514333,3.5242346938775513,61.82857142857143,no_simulada
39,0.055808080808080834,1.7487244897959182,20.557142857142857,no_simulada
126,0.03478759034020807,2.346938775510204,61.628571428571426,no_simulada
26,0.041923076923076924,1.989795918367347,54.65714285714286,no_simulada
247,0.05329234972677572,2.9017857142857144,62.24285714285714,no_simulada
113,0.031937358276644054,4.173469387755103,61.857142857142854,no_simulada
69,0.037588183421516756,3.229591836734694,53.9,no_simulada
172,0.03406862745098033,4.418367346938775,61.5,no_simulada
86,0.03742857142857146,3.0956632653061225,61.65714285714286,no_simulada
103,0.03381097560975615,3.4081632653061225,60.92857142857143,no_simulada
29,0.03875,3.2448979591836737,51.17142857142857,no_simulada
76,0.040061058344640424,3.5242346938775513,61.15714285714286,no_simulada
204,0.05649379432624139,2.4017857142857144,62.628571428571426,no_simulada
56,0.04099326599326599,3.4081632653061225,61.15714285714286,no_simulada
196,0.03900052882072983,3.034438775510204,62.08571428571429,no_simulada
241,0.061257014590347755,2.4528061224489797,62.82857142857143,no_simulada
37,0.04176923076923076,3.311224489795918,50.6,no_simulada
78,0.09508547008547004,1.3826530612244898,37.4,no_simulada
71,0.04235933503836317,4.336734693877551,60.92857142857143,no_simulada
157,0.03433859050866718,2.4591836734693877,61.51428571428571,no_simulada
73,0.039426691729323324,2.954081632653061,61.614285714285714,no_simulada
129,0.033482993197279,1.5153061224489797,62.2,no_simulada
150,0.07371647509578529,2.6466836734693877,61.92857142857143,no_simulada
186,0.06301780874951628,4.1020408163265305,61.94285714285714,no_simulada
246,0.08676767676767674,3.9285714285714284,63.614285714285714,no_simulada
159,0.05137201979307252,2.846938775510204,61.371428571428574,no_simulada
55,0.03400735294117647,1.2589285714285714,42.55714285714286,no_simulada
238,0.09335365853658556,1.7487244897959184,63.6,no_simulada
171,0.04201307189542498,3.9017857142857144,62.371428571428574,no_simulada
52,0.031505223171889835,1.4285714285714286,59.18571428571428,no_simulada
234,0.05142704071692951,2.852040816326531,62.4,no_simulada
143,0.03505116959064339,2.918367346938776,61.92857142857143,no_simulada
243,0.0992479674796748,3.0752551020408165,63.52857142857143,no_simulada
74,0.03586309523809528,2.809948979591837,60.957142857142856,no_simulada
229,0.06184353741496604,2.5242346938775513,63.128571428571426,no_simulada
140,0.042566782810685294,2.5752551020408165,62.08571428571429,no_simulada
226,0.06378968253968256,2.789540816326531,62.67142857142857,no_simulada
191,0.06851495726495756,3.789540816326531,61.0,no_simulada
75,0.06499999999999997,2.0242346938775513,38.72857142857143,no_simulada
152,0.04320782576596535,3.066326530612245,62.41428571428571,no_simulada
241,0.04571460877430999,2.167091836734694,62.01428571428571,no_simulada
221,0.040990338164251044,4.408163265306123,61.8,no_simulada
42,0.040865384615384616,1.9183673469387756,61.542857142857144,no_simulada
180,0.044591836734694044,3.372448979591837,62.01428571428571,no_simulada
120,0.036301264261486346,3.830357142857143,62.05714285714286,no_simulada
99,0.036801515952758636,4.408163265306123,61.47142857142857,no_simulada
160,0.03460382513661212,3.003826530612245,61.74285714285714,no_simulada
247,0.045576259489302655,3.2653061224489797,61.75714285714286,no_simulada
61,0.03874434389140272,3.9642857142857144,60.81428571428572,no_simulada
229,0.06570748299319724,4.096938775510204,62.25714285714286,no_simulada
74,0.04578947368421053,2.8010204081632653,43.82857142857143,no_simulada
53,0.036055555555555556,3.044642857142857,49.91428571428571,no_simulada
65,0.03290322580645163,3.1160714285714284,58.24285714285714,no_simulada
54,0.06161616161616164,1.524234693877551,25.02857142857143,no_simulada
65,0.03312815656565657,2.2385204081632653,60.628571428571426,no_simulada
218,0.060820578231292666,2.7385204081632653,62.94285714285714,no_simulada
125,0.051720430107526784,2.044642857142857,60.97142857142857,no_simulada
204,0.0376314293833474,4.860969387755103,61.714285714285715,no_simulada
76,0.03706896551724136,2.381377551020408,55.785714285714285,no_simulada
46,0.03229717813051147,2.3367346938775513,56.01428571428571,no_simulada
30,0.03705533596837945,2.4897959183673466,45.614285714285714,no_simulada
105,0.036830357142857116,2.177295918367347,61.44285714285714,no_simulada
197,0.05924066243833714,2.3201530612244894,63.0,no_simulada
101,0.03218157181571818,3.0344387755102042,62.0,no_simulada
172,0.03541776837652047,2.561224489795918,61.885714285714286,no_simulada
33,0.038177339901477834,1.836734693877551,59.02857142857143,no_simulada
77,0.05735867446393762,2.1683673469387754,42.114285714285714,no_simulada
125,0.0345281169908035,3.0956632653061225,61.31428571428572,no_simulada
248,0.051571038251365935,2.9642857142857144,62.52857142857143,no_simulada
244,0.06793614881850155,4.891581632653062,63.128571428571426,no_simulada
200,0.03863247863247857,3.3201530612244903,61.91428571428571,no_simulada
220,0.04121305238513298,2.2857142857142856,61.92857142857143,no_simulada
170,0.03651945956846153,2.7755102040816326,62.142857142857146,no_simulada
204,0.03984071484071471,2.860969387755102,61.74285714285714,no_simulada
75,0.036731678486997675,3.809948979591837,61.8,no_simulada
41,0.04107396870554765,3.8877551020408165,60.01428571428571,no_simulada
202,0.06882500967866854,3.193877551020408,62.58571428571429,no_simulada
111,0.03697858988556667,4.392857142857143,60.957142857142856,no_simulada
65,0.03820662768031188,1.7653061224489797,47.84285714285714,no_simulada
127,0.04357142857142853,2.9897959183673466,59.25714285714286,no_simulada
210,0.03849551414768797,2.2653061224489797,61.75714285714286,no_simulada
180,0.04698129251700701,2.479591836734694,62.44285714285714,no_simulada
65,0.03610715979137031,3.0956632653061225,59.74285714285714,no_simulada
163,0.045513468013468124,2.7181122448979593,62.08571428571429,no_simulada
90,0.03733998975934459,3.9948979591836737,61.357142857142854,no_simulada
80,0.09157509157509153,1.7653061224489797,37.18571428571428,no_simulada
233,0.06159893565553935,3.9183673469387754,62.51428571428571,no_simulada
104,0.03368902439024394,3.503826530612245,61.58571428571429,no_simulada
250,0.05017921146953386,2.330357142857143,62.5,no_simulada
243,0.08705073995771655,3.4323979591836737,63.42857142857143,no_simulada
32,0.040332512315270935,2.979591836734694,52.357142857142854,no_simulada
106,0.03489337822671162,4.360969387755103,61.642857142857146,no_simulada
66,0.07735042735042731,1.8201530612244898,31.085714285714285,no_simulada
153,0.07279905913978502,3.7653061224489797,61.357142857142854,no_simulada
163,0.05850202429149811,4.1020408163265305,61.65714285714286,no_simulada
158,0.034107468123861714,5.748724489795919,61.74285714285714,no_simulada
82,0.03315815815815814,3.102040816326531,60.72857142857143,no_simulada
153,0.04155394524959754,2.673469387755102,62.34285714285714,no_simulada
178,0.03683219664677452,3.2181122448979593,61.614285714285714,no_simulada
87,0.03165279062596364,1.7385204081632655,62.1,no_simulada
133,0.07045855379188702,2.9948979591836737,55.75714285714286,no_simulada
184,0.05383838383838411,3.454081632653061,62.15714285714286,no_simulada
87,0.03434684684684683,3.0242346938775513,58.97142857142857,no_simulada
45,0.03528138528138527,3.2589285714285716,39.2,no_simulada
148,0.07220306513409946,3.4528061224489797,57.98571428571429,no_simulada
206,0.06442036645525047,2.9630102040816326,63.0,no_simulada
66,0.05825396825396824,1.6020408163265307,32.32857142857143,no_simulada
158,0.03464743589743595,4.248724489795918,61.72857142857143,no_simulada
170,0.03496853965466775,2.809948979591837,61.55714285714286,no_simulada
127,0.07016666666666656,1.489795918367347,59.02857142857143,no_simulada
87,0.03632653061224496,4.244897959183674,61.92857142857143,no_simulada
153,0.03382718759145442,2.1875,61.42857142857143,no_simulada
150,0.04424141749723155,3.3201530612244894,61.72857142857143,no_simulada
189,0.035120062517760696,2.668367346938776,61.7,no_simulada
217,0.05030844155844161,3.789540816326531,62.44285714285714,no_simulada
232,0.059859072909387336,4.360969387755103,62.42857142857143,no_simulada
42,0.04207317073170732,4.336734693877551,60.05714285714286,no_simulada
89,0.03578911564625858,3.105867346938776,61.74285714285714,no_simulada
218,0.05826143790849684,4.280612244897959,62.9,no_simulada
45,0.042841880341880335,2.1683673469387754,61.91428571428571,no_simulada
130,0.03758767072720565,2.479591836734694,62.27142857142857,no_simulada
216,0.05223344556677888,3.8201530612244894,62.32857142857143,no_simulada
65,0.03371647509578545,1.8928571428571428,59.614285714285714,no_simulada
79,0.034492607526881706,3.5752551020408165,56.77142857142857,no_simulada
124,0.03341126047145927,2.852040816326531,61.68571428571428,no_simulada
245,0.05589811026690029,3.9528061224489797,62.614285714285714,no_simulada
143,0.03885521885521894,2.739795918367347,62.25714285714286,no_simulada
186,0.037688301282051265,2.311224489795918,61.8,no_simulada
243,0.05043627710206214,2.1466836734693877,62.24285714285714,no_simulada
213,0.07850609756097598,3.122448979591837,62.91428571428571,no_simulada
246,0.0974160206718345,6.3813775510204085,62.22857142857143,no_simulada
214,0.06294326241134776,3.5306122448979593,62.44285714285714,no_simulada
191,0.04499274310595087,3.443877551020408,62.4,no_simulada
39,0.03134920634920635,2.443877551020408,28.942857142857143,no_simulada
102,0.08171052631578951,3.0612244897959187,45.52857142857143,no_simulada
190,0.04178124449145069,4.248724489795918,61.81428571428572,no_simulada
234,0.08722415795586554,2.316326530612245,63.6,no_simulada
78,0.029887106357694586,2.0255102040816326,60.957142857142856,no_simulada
104,0.04089330808080807,4.932397959183674,58.15714285714286,no_simulada
144,0.06519713261648735,2.534438775510204,60.91428571428571,no_simulada
111,0.03285818713450298,3.1058673469387754,61.77142857142857,no_simulada
163,0.03483340871400566,4.575255102040816,60.98571428571429,no_simulada
242,0.07555407801418422,4.605867346938775,62.628571428571426,no_simulada
38,0.033869395711500966,3.1938775510204076,37.9,no_simulada
139,0.05985663082437267,2.2385204081632653,59.92857142857143,no_simulada
185,0.0574289405684757,2.75,61.25714285714286,no_simulada
155,0.03768926158863282,4.524234693877551,61.52857142857143,no_simulada
179,0.038479437229437384,1.8112244897959184,62.114285714285714,no_simulada
217,0.04303635432667685,3.0510204081632653,62.07142857142857,no_simulada
111,0.03550813008130085,3.503826530612245,61.74285714285714,no_simulada
125,0.03511272141706927,2.8201530612244894,61.871428571428574,no_simulada
173,0.07715389185977428,3.5153061224489797,60.957142857142856,no_simulada
215,0.04070179406000289,4.238520408163265,61.957142857142856,no_simulada
67,0.03712121212121216,2.642857142857143,60.128571428571426,no_simulada
80,0.052368421052631564,1.8112244897959184,46.82857142857143,no_simulada
162,0.03519820971866999,3.9630102040816326,61.48571428571429,no_simulada
101,0.03362386621315199,3.607142857142857,62.15714285714286,no_simulada
167,0.034117750749162845,3.0306122448979593,61.68571428571428,no_simulada
229,0.04541997354497343,2.892857142857143,62.02857142857143,no_simulada
146,0.03728571428571437,3.891581632653061,61.91428571428571,no_simulada
68,0.04324966078697422,3.7448979591836737,61.114285714285714,no_simulada
138,0.03423413236846068,4.0,61.41428571428571,no_simulada
164,0.03789502164502182,2.066326530612245,62.17142857142857,no_simulada
164,0.036304302422723624,4.391581632653061,61.72857142857143,no_simulada
49,0.04053030303030303,3.316326530612245,61.07142857142857,no_simulada
194,0.07862862862862889,2.8367346938775513,61.7,no_simulada
66,0.039336158192090395,3.316326530612245,61.32857142857143,no_simulada
213,0.07927845528455325,3.0969387755102042,63.3,no_simulada
43,0.03709150326797384,2.346938775510204,38.74285714285714,no_simulada
248,0.04514925373134305,3.463010204081633,62.24285714285714,no_simulada
96,0.08308966861598441,3.3915816326530615,41.1,no_simulada
242,0.08543868921775902,2.4183673469387754,62.857142857142854,no_simulada
150,0.04352536997885845,3.7857142857142856,61.67142857142857,no_simulada
94,0.03339500462534694,3.289540816326531,62.08571428571429,no_simulada
130,0.07048059964726616,4.836734693877551,53.68571428571428,no_simulada
122,0.0709166666666666,1.959183673469388,53.75714285714286,no_simulada
138,0.032370129870129966,2.816326530612245,62.0,no_simulada
112,0.03751420858198347,4.146683673469388,61.24285714285714,no_simulada
138,0.048249299719887846,1.5663265306122451,62.34285714285714,no_simulada
186,0.04071637426900601,4.82015306122449,62.01428571428571,no_simulada
206,0.04177243081262116,2.979591836734694,61.72857142857143,no_simulada
94,0.03314814814814815,2.4183673469387754,62.15714285714286,no_simulada
26,0.03365384615384615,2.0510204081632653,21.857142857142858,no_simulada
119,0.04281512605042014,3.381377551020408,60.6,no_simulada
134,0.059099616858237475,2.015306122448979,60.82857142857143,no_simulada
174,0.04953301127214186,3.789540816326531,61.957142857142856,no_simulada
247,0.04793833860998016,1.7857142857142858,62.1,no_simulada
180,0.036670080218467314,3.809948979591837,61.857142857142854,no_simulada
74,0.09188034188034183,1.7895408163265307,32.51428571428571,no_simulada
243,0.06746405228758152,2.881377551020408,62.98571428571429,no_simulada
106,0.08096491228070182,2.167091836734694,49.8,no_simulada
203,0.047874446773817934,3.5714285714285716,62.31428571428572,no_simulada
135,0.043089141773352255,2.381377551020408,61.3,no_simulada
56,0.034111111111111106,2.8826530612244903,48.957142857142856,no_simulada
221,0.05739869281045755,2.9528061224489797,62.58571428571429,no_simulada
221,0.05238496071829404,2.454081632653061,62.08571428571429,no_simulada
96,0.03646526711042838,3.346938775510204,61.41428571428571,no_simulada
127,0.033765032377428346,2.2295918367346936,62.128571428571426,no_simulada
94,0.03697746697746692,4.146683673469388,61.31428571428572,no_simulada
168,0.057820512820513,3.6160714285714284,60.17142857142857,no_simulada
148,0.05950683303624477,2.979591836734694,59.457142857142856,no_simulada
245,0.09081219168428464,4.6772959183673475,63.34285714285714,no_simulada
51,0.05621212121212121,1.3915816326530612,24.142857142857142,no_simulada
94,0.0375222816399287,3.289540816326531,58.957142857142856,no_simulada
200,0.04012483465608458,3.330357142857143,61.98571428571429,no_simulada
153,0.052157420578473224,3.673469387755102,60.457142857142856,no_simulada
90,0.037483130904183516,3.9285714285714284,59.02857142857143,no_simulada
146,0.08478157644824293,3.0867346938775513,57.48571428571429,no_simulada
220,0.08560897435897473,2.3201530612244894,62.857142857142854,no_simulada
156,0.04245571658615148,4.748724489795919,61.1,no_simulada
204,0.09029100529100557,2.6466836734693877,62.628571428571426,no_simulada
124,0.03531961405095721,1.8571428571428572,61.41428571428571,no_simulada
204,0.0551020408163268,1.9081632653061225,62.457142857142856,no_simulada
53,0.03444444444444446,1.25,38.128571428571426,no_simulada
44,0.041957026713124276,3.4285714285714284,59.91428571428571,no_simulada
112,0.060449735449735385,4.775510204081633,52.885714285714286,no_simulada
80,0.035306513409961715,3.193877551020408,57.7,no_simulada
66,0.0408514013749339,3.5510204081632653,61.34285714285714,no_simulada
184,0.09982078853046603,3.173469387755102,61.31428571428572,no_simulada
31,0.038690476190476185,0.8010204081632654,15.485714285714286,no_simulada
180,0.07823529411764726,2.9183673469387754,62.385714285714286,no_simulada
46,0.03890243902439026,3.309948979591837,60.68571428571428,no_simulada
161,0.05936462778568055,4.248724489795918,61.67142857142857,no_simulada
163,0.03454120397428419,2.7755102040816326,62.05714285714286,no_simulada
90,0.03678961748633879,4.218112244897959,61.41428571428571,no_simulada
192,0.04864052287581724,4.392857142857143,61.97142857142857,no_simulada
29,0.05999999999999999,0.6058673469387755,10.585714285714285,no_simulada
237,0.0532242353399571,4.177295918367347,62.3,no_simulada
187,0.05040136054421795,4.718112244897959,62.3,no_simulada
169,0.08760536398467428,2.1670918367346936,61.55714285714286,no_simulada
128,0.036658615136876085,3.5969387755102042,62.17142857142857,no_simulada
167,0.03537660256410256,2.309948979591837,61.628571428571426,no_simulada
114,0.0344702979023445,3.8826530612244894,61.44285714285714,no_simulada
102,0.03597943722943729,2.1581632653061225,61.8,no_simulada
199,0.06342746400885964,1.5038265306122447,63.128571428571426,no_simulada
242,0.07138775510204066,3.2653061224489797,63.114285714285714,no_simulada
144,0.07368637110016399,2.872448979591837,58.67142857142857,no_simulada
117,0.03382832518052651,3.122448979591837,61.714285714285715,no_simulada
78,0.03151881720430107,2.3112244897959187,61.285714285714285,no_simulada
201,0.03837339743589742,3.0752551020408165,61.72857142857143,no_simulada
107,0.03985215053763438,2.544642857142857,59.58571428571429,no_simulada
56,0.03416666666666667,2.289540816326531,59.714285714285715,no_simulada
138,0.03488888888888902,4.891581632653062,62.25714285714286,no_simulada
204,0.090687830687831,3.0956632653061225,63.32857142857143,no_simulada
107,0.038602484472049614,4.418367346938775,61.18571428571428,no_simulada
204,0.0443234523089333,3.0153061224489797,62.4,no_simulada
95,0.03603603603603605,3.7181122448979593,60.128571428571426,no_simulada
56,0.056196581196581226,1.6160714285714286,28.242857142857144,no_simulada
69,0.03799102132435467,2.4948979591836737,61.6,no_simulada
83,0.04175,2.5242346938775513,52.72857142857143,no_simulada
179,0.04207184325108876,3.809948979591837,62.214285714285715,no_simulada
175,0.04644122383252835,2.622448979591837,62.51428571428571,no_simulada
62,0.03591397849462366,2.809948979591837,57.857142857142854,no_simulada
141,0.052037037037037,1.780612244897959,61.385714285714286,no_simulada
138,0.042982456140350886,2.8010204081632653,61.97142857142857,no_simulada
99,0.035945512820512796,3.107142857142857,61.357142857142854,no_simulada
42,0.04221906565656564,3.525510204081633,55.05714285714286,no_simulada
187,0.03648422351489524,3.6466836734693877,62.17142857142857,no_simulada
127,0.03381123058542415,4.061224489795918,61.5,no_simulada
194,0.03575224292615584,4.668367346938775,61.55714285714286,no_simulada
109,0.034626135569531896,4.524234693877551,61.871428571428574,no_simulada
102,0.060944444444444405,3.7806122448979593,45.82857142857143,no_simulada
194,0.056714975845410874,2.739795918367347,62.58571428571429,no_simulada
115,0.04163292847503376,3.034438775510204,61.614285714285714,no_simulada
134,0.04091318038686453,2.677295918367347,62.22857142857143,no_simulada
159,0.03474142345110097,3.3826530612244894,61.82857142857143,no_simulada
43,0.040360046457607435,2.642857142857143,61.47142857142857,no_simulada
46,0.046703296703296704,2.0510204081632653,25.042857142857144,no_simulada
174,0.03804698527929035,3.4528061224489797,61.92857142857143,no_simulada
81,0.03876319758672702,2.309948979591837,61.82857142857143,no_simulada
64,0.03596560846560845,3.4323979591836737,60.4,no_simulada
198,0.051394557823129454,4.01530612244898,60.47142857142857,no_simulada
228,0.05875060474117073,2.5,62.68571428571428,no_simulada
161,0.03766666666666679,4.096938775510204,62.07142857142857,no_simulada
239,0.04635911352329241,4.034438775510204,62.05714285714286,no_simulada
218,0.05670588235294127,3.622448979591837,62.65714285714286,no_simulada
46,0.036316287878787885,2.1160714285714284,58.08571428571429,no_simulada
64,0.033809523809523796,2.4528061224489797,60.58571428571429,no_simulada
214,0.04414312617702447,3.667091836734694,62.24285714285714,no_simulada
35,0.041349206349206344,1.7589285714285714,27.485714285714284,no_simulada
43,0.04278846153846154,3.346938775510204,61.1,no_simulada
212,0.04038073038073028,2.8877551020408165,61.91428571428571,no_simulada
189,0.04097019286966691,4.45280612244898,61.9,no_simulada
229,0.05239139515455301,2.8214285714285716,62.385714285714286,no_simulada
114,0.03531240854550766,4.3520408163265305,61.3,no_simulada
208,0.05206762192056322,2.9017857142857144,62.51428571428571,no_simulada
126,0.04596638655462185,2.846938775510204,60.77142857142857,no_simulada
101,0.03332491582491583,3.3112244897959187,61.67142857142857,no_simulada
32,0.03592307692307692,2.6160714285714284,49.52857142857143,no_simulada
107,0.035803049289891455,3.881377551020408,61.7,no_simulada
114,0.03607723577235771,2.2448979591836737,62.114285714285714,no_simulada
236,0.09991452991452997,4.1020408163265305,63.17142857142857,no_simulada
140,0.039860817477096584,3.5,61.542857142857144,no_simulada
120,0.09473684210526322,1.346938775510204,54.92857142857143,no_simulada
57,0.04277597402597402,2.9285714285714284,61.55714285714286,no_simulada
147,0.041715060007743034,2.667091836734694,62.385714285714286,no_simulada
131,0.04911375661375657,4.330357142857143,59.91428571428571,no_simulada
82,0.03709523809523813,4.463010204081632,61.18571428571428,no_simulada
212,0.04471069549970777,3.003826530612245,62.34285714285714,no_simulada
48,0.03496415770609319,2.534438775510204,57.871428571428574,no_simulada
68,0.036559139784946244,3.1875,56.82857142857143,no_simulada
176,0.04669075963718839,3.852040816326531,62.15714285714286,no_simulada
122,0.05141117052881755,5.030612244897959,55.55714285714286,no_simulada
237,0.08175651867512344,2.596938775510204,63.642857142857146,no_simulada
190,0.039549304295220966,2.0357142857142856,62.128571428571426,no_simulada
87,0.036754807692307684,3.1581632653061225,61.25714285714286,no_simulada
114,0.05807217473884135,3.025510204081633,55.4,no_simulada
168,0.035778297292032135,3.204081632653061,62.0,no_simulada
154,0.040086339808819066,2.561224489795918,62.44285714285714,no_simulada
203,0.0443243525480368,2.218112244897959,62.32857142857143,no_simulada
70,0.03599999999999998,1.9323979591836733,50.785714285714285,no_simulada
93,0.036313131313131346,3.8112244897959187,61.4,no_simulada
239,0.044414292175485995,2.9528061224489797,62.128571428571426,no_simulada
188,0.09744623655913988,2.9732142857142856,61.457142857142856,no_simulada
183,0.03445273631840789,2.13265306122449,61.47142857142857,no_simulada
231,0.056122334455667715,3.748724489795918,62.6,no_simulada
230,0.054966329966329955,3.4642857142857144,62.67142857142857,no_simulada
47,0.03607142857142856,2.1058673469387754,44.114285714285714,no_simulada
91,0.0385296474358974,2.602040816326531,61.371428571428574,no_simulada
250,0.05152756443078997,1.9630102040816326,62.27142857142857,no_simulada
96,0.03704301075268814,2.534438775510204,58.55714285714286,no_simulada
213,0.0776219512195126,2.4948979591836737,63.31428571428572,no_simulada
237,0.043470149253731105,2.8201530612244894,61.91428571428571,no_simulada
201,0.08231389284020893,3.809948979591837,60.642857142857146,no_simulada
53,0.054924242424242445,0.9081632653061223,28.071428571428573,no_simulada
40,0.034325396825396814,2.9081632653061225,36.885714285714286,no_simulada
204,0.04393796992481211,2.0969387755102042,62.25714285714286,no_simulada
161,0.0503048780487806,2.391581632653061,62.1,no_simulada
157,0.03454545454545451,3.034438775510204,61.58571428571429,no_simulada
137,0.04202235772357726,3.673469387755102,61.52857142857143,no_simulada
140,0.04167682926829265,2.5969387755102042,62.32857142857143,no_simulada
70,0.06166666666666665,1.9183673469387756,38.857142857142854,no_simulada
247,0.053380045831129645,2.193877551020408,62.25714285714286,no_simulada
85,0.035579648526077146,1.5446428571428572,61.871428571428574,no_simulada
137,0.036496732026143876,3.8826530612244903,61.91428571428571,no_simulada
94,0.0359543010752688,2.7806122448979593,60.22857142857143,no_simulada
65,0.035591206179441455,3.979591836734694,57.55714285714286,no_simulada
65,0.035946573751451834,2.3367346938775513,61.92857142857143,no_simulada
73,0.036291048133153384,4.811224489795919,56.82857142857143,no_simulada
198,0.050986928104575405,2.003826530612245,62.51428571428571,no_simulada
56,0.034801136363636354,2.066326530612245,59.18571428571428,no_simulada
218,0.06140873015873031,4.473214285714286,62.48571428571429,no_simulada
239,0.08769841269841283,2.9897959183673466,63.72857142857143,no_simulada
83,0.05214912280701755,1.3813775510204083,49.714285714285715,no_simulada
248,0.0736326530612243,2.218112244897959,63.08571428571429,no_simulada
193,0.04534125320288865,3.1160714285714284,62.3,no_simulada
241,0.06227579781038882,3.4323979591836737,62.957142857142856,no_simulada
94,0.03541352438411267,3.860969387755102,61.128571428571426,no_simulada
110,0.10672514619883043,4.034438775510204,41.55714285714286,no_simulada
57,0.03217086834733893,2.122448979591837,60.17142857142857,no_simulada
182,0.04330551523947771,3.5867346938775513,61.98571428571429,no_simulada
174,0.040838744588744785,4.423469387755103,62.142857142857146,no_simulada
46,0.03637432795698925,3.003826530612245,56.98571428571429,no_simulada
211,0.041865079365079244,2.622448979591837,61.957142857142856,no_simulada
139,0.032365396249243894,2.0242346938775513,61.9,no_simulada
85,0.07279411764705883,1.6224489795918369,38.92857142857143,no_simulada
70,0.032282051282051284,1.8520408163265307,55.97142857142857,no_simulada
88,0.03571428571428571,2.607142857142857,58.65714285714286,no_simulada
88,0.03418300653594777,2.6785714285714284,61.642857142857146,no_simulada
243,0.06471895424836596,1.6020408163265305,63.25714285714286,no_simulada
235,0.04357061665245788,2.122448979591837,61.94285714285714,no_simulada
246,0.05637225247025592,2.534438775510204,62.48571428571429,no_simulada
105,0.03896169354838704,2.4528061224489797,58.18571428571428,no_simulada
121,0.03238636363636373,2.3201530612244894,61.92857142857143,no_simulada
132,0.041153697251258316,4.107142857142857,61.128571428571426,no_simulada
182,0.035469289164941235,2.9285714285714284,61.65714285714286,no_simulada
147,0.0333182571988542,2.1466836734693877,61.5,no_simulada
176,0.0420437405731525,4.2895408163265305,61.24285714285714,no_simulada
132,0.0447619047619047,1.9630102040816326,62.47142857142857,no_simulada
201,0.04107468123861569,3.003826530612245,61.91428571428571,no_simulada
48,0.03244206773618538,1.738520408163265,60.55714285714286,no_simulada
75,0.03614267676767675,3.642857142857143,60.44285714285714,no_simulada
75,0.03884711779448623,2.5969387755102042,61.6,no_simulada
111,0.03923751686909582,3.6377551020408165,61.457142857142856,no_simulada
39,0.03839031339031338,4.024234693877552,48.542857142857144,no_simulada
185,0.05283650458069076,2.4540816326530615,62.42857142857143,no_simulada
46,0.04344537815126052,2.852040816326531,58.94285714285714,no_simulada
230,0.08442702284165725,2.381377551020408,63.42857142857143,no_simulada
68,0.05457516339869278,3.534438775510204,32.91428571428571,no_simulada
212,0.09399399399399448,3.4528061224489797,62.285714285714285,no_simulada
66,0.037015503875969,4.738520408163265,60.67142857142857,no_simulada
62,0.04387254901960783,2.3469387755102042,37.24285714285714,no_simulada
81,0.04003028185418126,4.524234693877551,59.5,no_simulada
61,0.039060232220609586,3.0956632653061225,61.51428571428571,no_simulada
177,0.03705837173579113,5.258928571428571,61.65714285714286,no_simulada
32,0.03508771929824561,1.6683673469387756,45.75714285714286,no_simulada
32,0.04117647058823529,2.7181122448979593,35.41428571428571,no_simulada
226,0.04663841807909593,2.239795918367347,62.47142857142857,no_simulada
119,0.03419030732860527,4.454081632653062,58.84285714285714,no_simulada
186,0.03788615804744841,4.765306122448979,61.885714285714286,no_simulada
137,0.046684184184184144,3.622448979591837,58.91428571428571,no_simulada
59,0.038590810977489995,3.360969387755102,61.7,no_simulada
158,0.04429563492063511,3.667091836734694,62.18571428571428,no_simulada
205,0.07306426635694963,4.586734693877551,62.08571428571429,no_simulada
249,0.061125541125540944,3.0510204081632653,62.8,no_simulada
214,0.04418079096045199,3.4081632653061225,62.17142857142857,no_simulada
72,0.04225197541703248,5.061224489795919,61.05714285714286,no_simulada
234,0.06792517006802717,3.142857142857143,62.72857142857143,no_simulada
101,0.04503284072249584,4.086734693877551,48.18571428571428,no_simulada
130,0.06899335232668553,1.9795918367346939,58.542857142857144,no_simulada
72,0.03886832363828662,2.4081632653061225,61.34285714285714,no_simulada
140,0.04877904220009486,4.432397959183674,58.51428571428571,no_simulada
151,0.07069892473118278,4.932397959183674,57.44285714285714,no_simulada
51,0.04103755323267519,4.066326530612245,60.48571428571429,no_simulada
127,0.035416666666666624,3.0255102040816326,61.55714285714286,no_simulada
137,0.07822886989553639,3.3367346938775513,55.41428571428571,no_simulada
232,0.07509661835748803,4.204081632653061,62.82857142857143,no_simulada
69,0.04307692307692305,3.360969387755102,61.24285714285714,no_simulada
186,0.039436002337814254,2.872448979591837,62.1,no_simulada
187,0.04358024691358047,3.330357142857143,62.22857142857143,no_simulada
135,0.03259729784230703,3.693877551020408,61.82857142857143,no_simulada
209,0.03876121463077969,2.066326530612245,61.57142857142857,no_simulada
118,0.09095238095238099,2.7040816326530615,50.385714285714286,no_simulada
172,0.08788530465949826,2.8826530612244903,60.05714285714286,no_simulada
90,0.035038314176245214,2.13265306122449,59.8,no_simulada
227,0.046919269499914484,2.5867346938775513,62.214285714285715,no_simulada
156,0.0661300505050504,2.5956632653061225,60.97142857142857,no_simulada
65,0.03417989417989419,4.13265306122449,59.25714285714286,no_simulada
46,0.03435672514619883,1.4732142857142858,44.57142857142857,no_simulada
120,0.03384399551066225,5.309948979591837,61.871428571428574,no_simulada
67,0.05326388888888889,1.5255102040816326,41.22857142857143,no_simulada
248,0.04831730769230749,2.8826530612244894,62.18571428571428,no_simulada
88,0.03593902201441654,2.0242346938775513,61.58571428571429,no_simulada
95,0.03454248366013077,4.107142857142857,61.58571428571429,no_simulada
174,0.04522222222222239,4.738520408163266,62.22857142857143,no_simulada
242,0.0879933051444679,4.596938775510204,62.94285714285714,no_simulada
96,0.044974358974358995,2.044642857142857,55.15714285714286,no_simulada
182,0.034321041849575636,2.2448979591836737,61.65714285714286,no_simulada
36,0.049768518518518524,0.8915816326530611,19.02857142857143,no_simulada
145,0.036621315192743864,2.122448979591837,62.18571428571428,no_simulada
94,0.032239057239057234,3.025510204081633,61.98571428571429,no_simulada
231,0.062210910005027646,3.4630102040816326,62.6,no_simulada
182,0.037965475652042745,3.4642857142857144,61.72857142857143,no_simulada
65,0.09242424242424244,1.2895408163265305,28.942857142857143,no_simulada
63,0.04345878136200717,2.642857142857143,61.15714285714286,no_simulada
244,0.04996159754224247,4.177295918367347,62.32857142857143,no_simulada
134,0.03644383948376699,3.775510204081633,61.8,no_simulada
134,0.04105691056910571,3.0752551020408165,61.77142857142857,no_simulada
63,0.039407955596669764,2.3112244897959187,61.75714285714286,no_simulada
65,0.032076923076923086,1.5714285714285714,56.142857142857146,no_simulada
121,0.03213763575605689,2.789540816326531,61.885714285714286,no_simulada
95,0.06311403508771932,1.6670918367346939,50.91428571428571,no_simulada
217,0.08245934959349632,4.066326530612245,62.042857142857144,no_simulada
33,0.024252136752136756,1.3520408163265305,28.8,no_simulada
45,0.03906714200831848,3.566326530612245,57.714285714285715,no_simulada
196,0.052238475177305205,3.860969387755102,62.457142857142856,no_simulada
188,0.07762762762762788,3.5510204081632653,61.4,no_simulada
238,0.0656405228758169,3.1466836734693877,63.05714285714286,no_simulada
208,0.06178743961352691,2.6160714285714284,62.94285714285714,no_simulada
203,0.07174796747967513,3.6466836734693877,62.614285714285714,no_simulada
88,0.035893719806763334,2.852040816326531,61.82857142857143,no_simulada
113,0.03421052631578955,3.503826530612245,61.8,no_simulada
210,0.0396327187591453,2.289540816326531,61.72857142857143,no_simulada
128,0.032969034608378966,2.4017857142857144,61.74285714285714,no_simulada
147,0.03268065268065272,2.352040816326531,61.58571428571429,no_simulada
43,0.03264102564102564,2.075255102040816,54.27142857142857,no_simulada
210,0.04631478120588839,3.2755102040816326,62.08571428571429,no_simulada
235,0.058857442348008285,4.321428571428571,61.98571428571429,no_simulada
157,0.038757861635220284,3.2448979591836737,62.24285714285714,no_simulada
228,0.0617278911564626,1.7385204081632655,62.957142857142856,no_simulada
118,0.0335803589433354,2.503826530612245,61.75714285714286,no_simulada
91,0.0757797270955166,2.9528061224489797,38.214285714285715,no_simulada
39,0.03632246376811594,2.1058673469387754,47.714285714285715,no_simulada
213,0.03953716267149088,2.4630102040816326,61.72857142857143,no_simulada
90,0.03400383141762452,2.330357142857143,59.5,no_simulada
41,0.04343434343434344,1.336734693877551,21.885714285714286,no_simulada
52,0.0442156862745098,6.846938775510204,61.08571428571429,no_simulada
212,0.04392655367231639,2.193877551020408,62.25714285714286,no_simulada
198,0.04472117794486227,3.443877551020408,61.8,no_simulada
158,0.03938271604938289,5.32015306122449,61.4,no_simulada
59,0.033513708513708496,1.034438775510204,54.05714285714286,no_simulada
79,0.04015790343915343,5.704081632653062,61.128571428571426,no_simulada
50,0.04209065679925995,4.13265306122449,61.628571428571426,no_simulada
236,0.06895238095238086,3.2806122448979593,62.91428571428571,no_simulada
60,0.10555555555555557,1.6224489795918369,19.714285714285715,no_simulada
163,0.04101473922902509,3.289540816326531,62.07142857142857,no_simulada
100,0.04921652421652422,2.360969387755102,53.871428571428574,no_simulada
75,0.039588667008021834,2.167091836734694,61.371428571428574,no_simulada
245,0.09003322259136215,1.7385204081632655,63.84285714285714,no_simulada
156,0.033997175141243084,5.401785714285714,61.65714285714286,no_simulada
193,0.042568306010928966,3.5752551020408165,61.75714285714286,no_simulada
63,0.037072649572649566,3.4081632653061225,59.857142857142854,no_simulada
244,0.0907622739018088,2.7589285714285716,63.58571428571429,no_simulada
175,0.09367816091954023,2.1160714285714284,61.41428571428571,no_simulada
202,0.04022768670309656,3.1058673469387754,62.18571428571428,no_simulada
119,0.0509961685823754,3.2091836734693877,56.3,no_simulada
110,0.03555002370791841,2.0344387755102042,61.857142857142854,no_simulada
29,0.04083333333333333,2.602040816326531,51.72857142857143,no_simulada
116,0.0549823633156966,2.239795918367347,59.05714285714286,no_simulada
79,0.03485714285714289,2.044642857142857,61.82857142857143,no_simulada
125,0.04172922922922919,3.289540816326531,61.41428571428571,no_simulada
189,0.03624609263995444,3.309948979591837,61.52857142857143,no_simulada
174,0.07927714646464654,2.729591836734694,59.7,no_simulada
120,0.039001501501501466,3.167091836734694,60.02857142857143,no_simulada
123,0.058600164203612394,2.9948979591836737,57.57142857142857,no_simulada
171,0.052903600464576234,2.391581632653061,61.17142857142857,no_simulada
177,0.08355429292929303,3.7487244897959187,60.82857142857143,no_simulada
53,0.07121212121212124,1.4630102040816324,21.442857142857143,no_simulada
170,0.07104872251931091,2.003826530612245,62.542857142857144,no_simulada
105,0.03472148774898645,3.381377551020408,61.51428571428571,no_simulada
235,0.08513289036544863,3.3201530612244894,63.42857142857143,no_simulada
103,0.07649122807017553,2.1683673469387754,47.55714285714286,no_simulada
41,0.031818181818181815,1.5446428571428572,50.57142857142857,no_simulada
108,0.035238095238095304,3.5153061224489797,61.67142857142857,no_simulada
226,0.07812846068660054,2.316326530612245,62.91428571428571,no_simulada
62,0.03753968253968252,2.2589285714285716,48.07142857142857,no_simulada
41,0.031862745098039214,1.6326530612244898,39.18571428571428,no_simulada
208,0.08211875843454836,3.289540816326531,62.82857142857143,no_simulada
203,0.05951690821256071,3.3367346938775513,62.871428571428574,no_simulada
166,0.07593118686868704,3.4081632653061225,59.457142857142856,no_simulada
25,0.03143939393939394,1.146683673469388,26.442857142857143,no_simulada
55,0.034307992202729044,1.1377551020408163,47.51428571428571,no_simulada
204,0.0750711382113824,4.167091836734694,63.042857142857144,no_simulada
76,0.03670174165457187,2.5752551020408165,61.72857142857143,no_simulada
178,0.06743717401612163,3.1326530612244894,61.55714285714286,no_simulada
63,0.038325281803542686,3.7755102040816326,61.1,no_simulada
238,0.06045888655951539,3.8201530612244894,62.67142857142857,no_simulada
67,0.03694581280788176,3.5867346938775513,53.642857142857146,no_simulada
188,0.05625692137320069,2.392857142857143,62.17142857142857,no_simulada
180,0.03622205154463221,2.360969387755102,61.84285714285714,no_simulada
129,0.04829174093879971,3.0153061224489797,60.25714285714286,no_simulada
73,0.03495991366019119,2.1466836734693877,61.82857142857143,no_simulada
60,0.03958333333333334,2.2385204081632653,37.371428571428574,no_simulada
163,0.05298076923076938,3.168367346938776,60.07142857142857,no_simulada
145,0.03732679738562104,4.051020408163265,62.32857142857143,no_simulada
160,0.03593073593073607,4.6938775510204085,62.1,no_simulada
50,0.04595238095238096,1.6058673469387756,33.81428571428572,no_simulada
135,0.035575163398692905,4.408163265306123,61.84285714285714,no_simulada
66,0.036560846560846565,3.1466836734693877,59.44285714285714,no_simulada
155,0.07756272401433702,3.204081632653061,59.58571428571429,no_simulada
206,0.041370673952641185,3.003826530612245,62.02857142857143,no_simulada
152,0.041755233494364025,5.015306122448979,61.68571428571428,no_simulada
50,0.04380081300813008,3.852040816326531,60.94285714285714,no_simulada
81,0.03965773809523808,3.4017857142857144,61.32857142857143,no_simulada
212,0.043940677966101696,2.248724489795918,62.31428571428572,no_simulada
30,0.038537549407114624,2.8469387755102042,44.214285714285715,no_simulada
167,0.039928104575163506,1.5510204081632655,62.18571428571428,no_simulada
138,0.043915879442195216,3.372448979591837,62.01428571428571,no_simulada
250,0.056906634402096985,2.3367346938775513,62.68571428571428,no_simulada
126,0.042626837363679435,3.852040816326531,59.885714285714286,no_simulada
102,0.039551971326164836,2.391581632653061,59.94285714285714,no_simulada
104,0.04310344827586203,2.0510204081632653,59.65714285714286,no_simulada
105,0.03308922558922563,2.381377551020408,62.3,no_simulada
131,0.042805305305305276,2.7806122448979593,60.7,no_simulada
140,0.03435635123614653,1.9732142857142858,61.32857142857143,no_simulada
99,0.041688712522045854,2.3877551020408165,54.68571428571428,no_simulada
117,0.03801301301301299,2.4948979591836737,61.77142857142857,no_simulada
135,0.06170498084291177,2.6466836734693877,59.65714285714286,no_simulada
249,0.0917899929527836,3.7857142857142856,63.371428571428574,no_simulada
84,0.03325035561877665,3.1581632653061225,59.05714285714286,no_simulada
205,0.0636892177589855,1.9630102040816326,63.18571428571428,no_simulada
41,0.046390013495276654,3.602040816326531,57.07142857142857,no_simulada
65,0.03325906120023768,1.4795918367346939,60.7,no_simulada
29,0.042222222222222223,1.9528061224489794,32.214285714285715,no_simulada
186,0.08578431372549036,3.668367346938776,61.94285714285714,no_simulada
80,0.03780081925243216,2.0956632653061225,61.357142857142854,no_simulada
119,0.04047619047619043,2.860969387755102,59.05714285714286,no_simulada
105,0.03420542635658912,4.075255102040816,61.357142857142854,no_simulada
94,0.03441457237482956,2.0306122448979593,61.57142857142857,no_simulada
146,0.0331925243215567,2.0242346938775513,61.72857142857143,no_simulada
89,0.03446003401360549,4.025510204081632,61.628571428571426,no_simulada
104,0.062499999999999986,3.0956632653061225,46.4,no_simulada
192,0.05493498817966926,4.738520408163266,61.785714285714285,no_simulada
112,0.09892787524366478,2.5,46.65714285714286,no_simulada
41,0.040728228228228226,3.9897959183673466,59.214285714285715,no_simulada
209,0.053385620915032864,2.9528061224489797,62.1,no_simulada
28,0.02849264705882353,0.9591836734693878,40.05714285714286,no_simulada
146,0.03442712906057938,2.789540816326531,61.34285714285714,no_simulada
136,0.04074915824915835,3.5752551020408165,61.31428571428572,no_simulada
99,0.0350859788359788,1.677295918367347,61.44285714285714,no_simulada
212,0.043665755919854256,3.891581632653061,62.15714285714286,no_simulada
236,0.09797008547008555,2.8877551020408165,63.41428571428571,no_simulada
107,0.036728826728826665,2.789540816326531,61.3,no_simulada
171,0.038035714285714436,2.4183673469387754,62.07142857142857,no_simulada
97,0.03480907851159172,2.4017857142857144,61.68571428571428,no_simulada
80,0.03556910569105693,4.775510204081633,61.44285714285714,no_simulada
167,0.04623965721040209,3.4540816326530615,62.114285714285714,no_simulada
244,0.04783253205128181,2.1683673469387754,62.27142857142857,no_simulada
215,0.05500251382604336,2.9897959183673466,62.47142857142857,no_simulada
144,0.035816326530612355,3.9948979591836737,62.34285714285714,no_simulada
179,0.04163754949918492,3.248724489795918,62.214285714285715,no_simulada
248,0.08675925925925919,3.2091836734693877,63.128571428571426,no_simulada
131,0.07333808167141491,2.9630102040816326,58.44285714285714,no_simulada
34,0.0376068376068376,3.5242346938775513,51.55714285714286,no_simulada
145,0.04758179231863441,2.6581632653061225,62.214285714285715,no_simulada
169,0.05099690282617122,2.622448979591837,62.55714285714286,no_simulada
83,0.03174490279753437,2.1466836734693877,62.15714285714286,no_simulada
53,0.03333333333333332,1.6377551020408163,47.94285714285714,no_simulada
195,0.04076207543949476,3.881377551020408,61.65714285714286,no_simulada
204,0.03801932367149742,3.7040816326530615,61.52857142857143,no_simulada
235,0.07570853462157807,2.860969387755102,63.48571428571429,no_simulada
122,0.06305792972459628,3.003826530612245,54.885714285714286,no_simulada
113,0.038529411764705875,2.2448979591836737,61.18571428571428,no_simulada
130,0.0716761633428299,3.309948979591837,56.5,no_simulada
45,0.05010683760683762,1.8520408163265305,25.385714285714286,no_simulada
231,0.04458818958818937,2.7181122448979593,62.042857142857144,no_simulada
64,0.03921768707482994,2.9183673469387754,61.57142857142857,no_simulada
87,0.08333333333333334,2.003826530612245,39.0,no_simulada
170,0.04444444444444462,3.4017857142857144,62.2,no_simulada
246,0.07061437908496718,2.1466836734693877,62.91428571428571,no_simulada
215,0.08824786324786368,4.096938775510204,62.92857142857143,no_simulada
118,0.033435374149659955,3.289540816326531,62.042857142857144,no_simulada
220,0.0471798493408662,4.024234693877551,62.114285714285714,no_simulada
245,0.07715849522047473,2.066326530612245,63.4,no_simulada
38,0.029605263157894735,1.4948979591836733,47.92857142857143,no_simulada
222,0.06862318840579727,2.248724489795918,63.02857142857143,no_simulada
122,0.035728458049886704,2.8010204081632653,62.1,no_simulada
71,0.03325396825396822,3.0306122448979593,59.55714285714286,no_simulada
48,0.041159099298634184,3.239795918367347,60.371428571428574,no_simulada
194,0.08719887955182093,2.9528061224489797,63.02857142857143,no_simulada
81,0.03900000000000001,2.3201530612244894,52.72857142857143,no_simulada
237,0.05067395264116557,2.5242346938775513,62.3,no_simulada
184,0.05242059821153275,3.789540816326531,62.385714285714286,no_simulada
222,0.09884884884884924,1.4948979591836735,63.74285714285714,no_simulada
32,0.039942528735632185,2.9183673469387754,55.75714285714286,no_simulada
45,0.04018492176386913,3.4591836734693877,59.885714285714286,no_simulada
33,0.03714726631393298,1.9948979591836733,56.6,no_simulada
204,0.08489739739739773,1.8099489795918369,62.857142857142854,no_simulada
132,0.03406535947712425,3.860969387755102,61.94285714285714,no_simulada
135,0.04331983805668009,2.177295918367347,62.385714285714286,no_simulada
232,0.04338383838383827,2.544642857142857,61.885714285714286,no_simulada
105,0.0339520395972009,3.561224489795918,61.457142857142856,no_simulada
182,0.0477258711069999,2.534438775510204,62.24285714285714,no_simulada
139,0.035810457516339995,3.2653061224489797,61.7,no_simulada
153,0.03685897435897449,3.5752551020408165,62.34285714285714,no_simulada
87,0.03539540816326537,3.4323979591836737,61.75714285714286,no_simulada
227,0.07766703580657099,1.2040816326530612,63.44285714285714,no_simulada
133,0.034384893713251825,2.7806122448979593,61.48571428571429,no_simulada
37,0.03430674264007598,1.423469387755102,56.15714285714286,no_simulada
198,0.05144557823129277,2.1466836734693877,62.58571428571429,no_simulada
160,0.035719507101086186,1.7806122448979593,62.07142857142857,no_simulada
60,0.041597222222222216,1.0153061224489794,42.857142857142854,no_simulada
189,0.06693089430894336,3.4897959183673466,61.74285714285714,no_simulada
44,0.03660919540229885,3.167091836734694,55.94285714285714,no_simulada
215,0.06785829307568451,3.4948979591836737,62.22857142857143,no_simulada
83,0.040873015873015846,5.494897959183674,60.52857142857143,no_simulada
157,0.051514227642276554,3.852040816326531,61.92857142857143,no_simulada
68,0.03253284072249591,2.892857142857143,58.0,no_simulada
96,0.03558823529411763,2.602040816326531,60.5,no_simulada
167,0.03579566854990598,2.489795918367347,61.91428571428571,no_simulada
143,0.03495807127882612,2.9528061224489797,61.9,no_simulada
247,0.056341320864991044,2.5752551020408165,62.65714285714286,no_simulada
236,0.06680272108843525,2.5956632653061225,63.142857142857146,no_simulada
112,0.03396910735620413,5.044642857142857,61.142857142857146,no_simulada
114,0.045044191919191845,2.3915816326530615,61.07142857142857,no_simulada
95,0.03847611493037192,2.122448979591837,61.5,no_simulada
63,0.03717406624383371,5.158163265306122,59.77142857142857,no_simulada
119,0.03260620482989605,2.622448979591837,61.542857142857144,no_simulada
158,0.0348678601875532,2.9630102040816326,61.48571428571429,no_simulada
99,0.05829725829725832,1.1670918367346939,53.44285714285714,no_simulada
217,0.06386672576832163,3.816326530612245,62.22857142857143,no_simulada
129,0.038569492837785525,2.5956632653061225,61.7,no_simulada
203,0.07763157894736876,2.75,62.74285714285714,no_simulada
208,0.09425925925925967,2.8214285714285716,63.55714285714286,no_simulada
202,0.04260357815442562,2.607142857142857,62.01428571428571,no_simulada
171,0.03697263993316641,3.4528061224489797,62.18571428571428,no_simulada
202,0.052619047619047905,3.2448979591836737,62.628571428571426,no_simulada
64,0.08055555555555555,1.9438775510204083,26.814285714285713,no_simulada
235,0.09329268292682942,3.248724489795918,63.25714285714286,no_simulada
176,0.04809589885908124,2.6326530612244894,62.4,no_simulada
61,0.04145480225988701,5.816326530612245,61.42857142857143,no_simulada
236,0.0887437088656602,2.667091836734694,63.542857142857144,no_simulada
119,0.051545698924731195,1.6326530612244898,60.94285714285714,no_simulada
46,0.062499999999999986,0.44387755102040816,22.942857142857143,no_simulada
154,0.04255637773079644,2.503826530612245,62.542857142857144,no_simulada
119,0.035919784580498965,4.105867346938775,61.5,no_simulada
98,0.03303096274794391,3.9897959183673466,61.67142857142857,no_simulada
162,0.035949788263762966,2.2091836734693877,61.9,no_simulada
149,0.049188034188034246,3.7448979591836737,61.642857142857146,no_simulada
25,0.038141025641025644,1.7385204081632655,22.885714285714286,no_simulada
131,0.03777551020408172,2.9081632653061225,62.22857142857143,no_simulada
143,0.03564174773852198,3.6058673469387754,61.67142857142857,no_simulada
156,0.034894013510365786,3.4897959183673466,61.885714285714286,no_simulada
236,0.09168699186991891,1.6785714285714286,63.871428571428574,no_simulada
51,0.033399209486165995,2.248724489795918,49.957142857142856,no_simulada
222,0.04044858523119377,3.2589285714285716,61.81428571428572,no_simulada
59,0.03166963755199049,2.4285714285714284,60.55714285714286,no_simulada
227,0.04019668737060021,2.6683673469387754,61.8,no_simulada
174,0.03393327480245822,1.8201530612244898,61.6,no_simulada
75,0.03130252100840336,3.360969387755102,58.042857142857144,no_simulada
234,0.04361902608171246,3.0255102040816326,62.15714285714286,no_simulada
190,0.03716746794871795,3.003826530612245,61.84285714285714,no_simulada
120,0.09388888888888898,2.7755102040816326,48.0,no_simulada
160,0.034154982662445314,2.9323979591836737,61.628571428571426,no_simulada
208,0.07021963824289441,2.13265306122449,62.48571428571429,no_simulada
118,0.03542857142857148,3.0306122448979593,61.628571428571426,no_simulada
197,0.07972972972973003,2.0969387755102042,62.885714285714286,no_simulada
219,0.0534416491963662,4.116071428571429,62.05714285714286,no_simulada
250,0.07986111111111081,3.7397959183673466,62.7,no_simulada
169,0.0558867521367523,2.7385204081632653,61.5,no_simulada
159,0.038202614379085106,2.309948979591837,62.25714285714286,no_simulada
95,0.036887089518668426,4.5,59.8,no_simulada
181,0.03812797461660503,2.7181122448979593,61.9,no_simulada
48,0.03643724696356275,2.816326530612245,60.17142857142857,no_simulada
219,0.051180033416875506,3.5306122448979593,62.357142857142854,no_simulada
202,0.08017318938371606,4.821428571428571,62.128571428571426,no_simulada
196,0.03783895502645507,1.346938775510204,62.01428571428571,no_simulada
111,0.032790849673202664,4.075255102040816,61.6,no_simulada
221,0.060588235294117644,3.9323979591836737,61.97142857142857,no_simulada
111,0.04932266009852213,2.4897959183673466,56.34285714285714,no_simulada
142,0.03453389830508484,3.4948979591836737,61.65714285714286,no_simulada
101,0.038862433862433855,3.3877551020408165,60.18571428571428,no_simulada
80,0.03615859449192781,1.6466836734693877,58.92857142857143,no_simulada
191,0.048360544217687304,3.003826530612245,62.41428571428571,no_simulada
229,0.0913141025641028,2.1875,63.82857142857143,no_simulada
61,0.03447197197197195,3.248724489795918,60.214285714285715,no_simulada
216,0.05891156462585045,2.816326530612245,62.72857142857143,no_simulada
154,0.036078858248669674,2.544642857142857,62.042857142857144,no_simulada
237,0.05367513611615231,2.075255102040816,62.51428571428571,no_simulada
192,0.04823403720462567,3.102040816326531,62.285714285714285,no_simulada
149,0.03522306643288539,4.575255102040816,61.7,no_simulada
178,0.06181961313540284,2.357142857142857,62.628571428571426,no_simulada
211,0.08020325203252067,4.918367346938775,62.042857142857144,no_simulada
159,0.039455782312925326,3.979591836734694,62.52857142857143,no_simulada
37,0.03069852941176471,1.5956632653061225,36.51428571428571,no_simulada
145,0.03690801457194908,2.9642857142857144,61.857142857142854,no_simulada
205,0.048800372699743896,3.9528061224489797,62.24285714285714,no_simulada
248,0.0895789288231148,2.357142857142857,63.52857142857143,no_simulada
138,0.03657823129251711,3.4323979591836737,62.2,no_simulada
104,0.035468749999999966,4.7895408163265305,61.42857142857143,no_simulada
209,0.057440476190476396,3.3214285714285716,62.7,no_simulada
246,0.06381900768693209,3.4591836734693877,62.55714285714286,no_simulada
29,0.09166666666666667,0.7487244897959184,7.714285714285714,no_simulada
203,0.07733918128655004,2.7385204081632653,62.82857142857143,no_simulada
53,0.03556022408963587,1.4795918367346939,61.857142857142854,no_simulada
48,0.034583333333333334,0.9630102040816327,41.9,no_simulada
184,0.051119162640902,1.6326530612244898,62.57142857142857,no_simulada
186,0.05038416075650143,2.6377551020408165,61.957142857142856,no_simulada
201,0.05031446540880518,4.503826530612245,62.371428571428574,no_simulada
205,0.08169140800719786,5.158163265306122,62.68571428571428,no_simulada
204,0.043284936479129,3.4630102040816326,62.25714285714286,no_simulada
117,0.04273989898989893,2.392857142857143,60.3,no_simulada
175,0.0565137437088658,3.789540816326531,61.871428571428574,no_simulada
125,0.03420060331825048,5.346938775510204,61.42857142857143,no_simulada
230,0.05593714927048254,3.9642857142857144,62.58571428571429,no_simulada
226,0.06805427073697205,3.7181122448979593,63.32857142857143,no_simulada
49,0.037539682539682546,3.5969387755102042,57.58571428571429,no_simulada
144,0.07825261158594475,1.8010204081632655,58.371428571428574,no_simulada
28,0.043478260869565216,2.2448979591836737,45.114285714285714,no_simulada
70,0.06583820662768029,4.6772959183673475,30.042857142857144,no_simulada
120,0.03481248544141635,2.6875,62.01428571428571,no_simulada
98,0.03162020905923346,2.6466836734693877,61.55714285714286,no_simulada
138,0.04100851722802947,3.503826530612245,61.58571428571429,no_simulada
203,0.07848290598290643,3.673469387755102,62.68571428571428,no_simulada
135,0.03335819835180441,2.830357142857143,61.3,no_simulada
214,0.05812244897959199,2.075255102040816,62.82857142857143,no_simulada
195,0.07101495726495753,2.4323979591836737,62.6,no_simulada
79,0.03287843592721641,3.3112244897959187,61.4,no_simulada
174,0.03397047397047394,2.789540816326531,61.628571428571426,no_simulada
242,0.07514775413711569,2.0956632653061225,63.285714285714285,no_simulada
160,0.03541902071563108,2.503826530612245,61.957142857142856,no_simulada
64,0.03271604938271604,1.718112244897959,55.542857142857144,no_simulada
65,0.038114035087719295,2.1160714285714284,46.25714285714286,no_simulada
68,0.04640522875816993,2.193877551020408,42.25714285714286,no_simulada
104,0.03528842431281456,4.248724489795918,60.7,no_simulada
207,0.05845667591736077,3.25,62.81428571428572,no_simulada
55,0.03473180076628353,3.534438775510204,54.47142857142857,no_simulada
237,0.09516260162601636,3.6058673469387754,63.628571428571426,no_simulada
150,0.035624679979518674,3.2448979591836737,61.55714285714286,no_simulada
74,0.034989316239316226,2.7806122448979593,61.97142857142857,no_simulada
241,0.058658008658008486,4.116071428571429,62.05714285714286,no_simulada
47,0.03990384615384615,1.9183673469387756,61.3,no_simulada
206,0.08874338624338655,1.1734693877551021,63.51428571428571,no_simulada
157,0.03483796296296301,3.5612244897959187,61.58571428571429,no_simulada
199,0.07221544715447188,4.530612244897959,62.142857142857146,no_simulada
221,0.056773101112723726,5.167091836734694,62.41428571428571,no_simulada
34,0.029684095860566445,1.3724489795918369,38.74285714285714,no_simulada
226,0.05833961789844147,2.3201530612244894,62.74285714285714,no_simulada
194,0.07916073968705585,4.801020408163265,63.0,no_simulada
198,0.04471814581877497,2.9948979591836737,62.5,no_simulada
250,0.09389534883720914,4.6772959183673475,62.08571428571429,no_simulada
91,0.031417069243156216,1.9528061224489797,62.128571428571426,no_simulada
218,0.03862958226768953,2.852040816326531,61.72857142857143,no_simulada
204,0.06483896940418708,6.075255102040816,60.714285714285715,no_simulada
183,0.04062850729517413,3.311224489795918,62.08571428571429,no_simulada
96,0.03598870056497181,3.7385204081632653,61.47142857142857,no_simulada
50,0.03502844950213371,2.2448979591836737,61.55714285714286,no_simulada
96,0.0822984749455338,2.1058673469387754,44.02857142857143,no_simulada
50,0.03677536231884058,3.0153061224489797,44.97142857142857,no_simulada
142,0.03438155136268353,2.8877551020408165,62.08571428571429,no_simulada
44,0.0369949494949495,1.3571428571428572,25.97142857142857,no_simulada
166,0.067367724867725,4.464285714285714,60.628571428571426,no_simulada
178,0.0512642614862784,5.025510204081633,60.72857142857143,no_simulada
215,0.059849773242630515,3.0153061224489797,62.74285714285714,no_simulada
90,0.03898156277436343,4.309948979591836,61.17142857142857,no_simulada
53,0.03317901234567902,2.5969387755102042,56.34285714285714,no_simulada
45,0.038799283154121865,2.892857142857143,54.98571428571429,no_simulada
55,0.039752252252252256,5.586734693877551,55.91428571428571,no_simulada
180,0.0701991465149362,4.748724489795919,61.05714285714286,no_simulada
206,0.04903331003959945,3.4540816326530615,62.142857142857146,no_simulada
214,0.042596859532343365,3.1581632653061225,62.15714285714286,no_simulada
204,0.041869114877589465,3.1377551020408165,62.24285714285714,no_simulada
93,0.03613026819923372,2.739795918367347,58.128571428571426,no_simulada
242,0.04412130523851308,2.0510204081632653,61.957142857142856,no_simulada
201,0.036810883773799256,2.2385204081632653,61.75714285714286,no_simulada
98,0.08725490196078438,2.463010204081633,35.32857142857143,no_simulada
185,0.04037176274018398,2.891581632653061,62.01428571428571,no_simulada
217,0.04076923076923067,2.2755102040816326,62.114285714285714,no_simulada
197,0.0573429951690824,3.122448979591837,62.48571428571429,no_simulada
206,0.0718641114982582,3.044642857142857,63.07142857142857,no_simulada
152,0.03600777116402114,1.5255102040816326,61.67142857142857,no_simulada
77,0.039970601537765695,2.2385204081632653,61.042857142857144,no_simulada
47,0.036992337164750956,2.0956632653061225,57.67142857142857,no_simulada
213,0.09801587301587336,2.667091836734694,62.65714285714286,no_simulada
225,0.08875000000000029,5.596938775510204,61.47142857142857,no_simulada
213,0.038937198067632656,3.0956632653061225,61.614285714285714,no_simulada
48,0.030726600985221664,2.3112244897959187,56.67142857142857,no_simulada
52,0.034946236559139775,2.2755102040816326,58.128571428571426,no_simulada
103,0.04400383141762448,3.7653061224489797,56.457142857142856,no_simulada
104,0.035718725718725676,2.5752551020408165,61.32857142857143,no_simulada
176,0.03565454855777444,3.423469387755102,61.98571428571429,no_simulada
108,0.03697385620915041,2.8915816326530615,61.614285714285714,no_simulada
122,0.0341517857142857,3.673469387755102,61.47142857142857,no_simulada
182,0.03719945355191274,3.1058673469387754,61.91428571428571,no_simulada
94,0.03291223404255322,3.4540816326530615,61.31428571428572,no_simulada
193,0.039591346153846095,2.963010204081633,61.97142857142857,no_simulada
146,0.03848256501182043,4.204081632653061,62.114285714285714,no_simulada
73,0.037603578154425596,2.7181122448979593,61.385714285714286,no_simulada
176,0.035488137907492834,3.2385204081632653,61.871428571428574,no_simulada
203,0.03799533799533793,2.5242346938775513,61.75714285714286,no_simulada
189,0.04829251700680295,3.454081632653061,62.17142857142857,no_simulada
191,0.03765574330090465,2.5,61.9,no_simulada
54,0.040204081632653065,3.2653061224489797,61.44285714285714,no_simulada
174,0.039022014416520694,3.9528061224489797,61.957142857142856,no_simulada
198,0.1006944444444447,2.6377551020408165,62.457142857142856,no_simulada
43,0.03573968705547653,1.6734693877551021,60.957142857142856,no_simulada
65,0.0393778344671202,3.4528061224489797,59.94285714285714,no_simulada
90,0.07861519607843137,1.8724489795918366,44.357142857142854,no_simulada
80,0.03602216748768471,2.167091836734694,57.44285714285714,no_simulada
176,0.037581526529173286,6.534438775510204,60.2,no_simulada
64,0.0412568306010929,4.561224489795918,61.371428571428574,no_simulada
229,0.041877732549374214,2.7091836734693877,62.02857142857143,no_simulada
209,0.04144353369763203,2.391581632653061,62.22857142857143,no_simulada
158,0.03542891602593091,3.1160714285714284,61.58571428571429,no_simulada
149,0.0333662900188325,2.596938775510204,61.857142857142854,no_simulada
207,0.04436612364243949,3.1058673469387754,62.42857142857143,no_simulada
186,0.036534576534576486,3.167091836734694,61.6,no_simulada
114,0.06837944664031625,2.0956632653061225,53.114285714285714,no_simulada
151,0.049313990103463864,2.881377551020408,62.15714285714286,no_simulada
166,0.03530505952380954,4.551020408163265,61.714285714285715,no_simulada
231,0.09577147998200661,0.9732142857142857,63.7,no_simulada
192,0.046202225447508634,2.311224489795918,62.5,no_simulada
146,0.07147509578544042,2.8877551020408165,59.75714285714286,no_simulada
111,0.03821800090456802,5.2397959183673475,61.27142857142857,no_simulada
137,0.0893719806763284,1.8915816326530612,58.27142857142857,no_simulada
242,0.05577147866744575,3.7806122448979593,62.47142857142857,no_simulada
30,0.03444444444444444,0.9528061224489797,20.9,no_simulada
130,0.04270520520520517,2.7806122448979593,62.5,no_simulada
128,0.050340501792114634,1.6160714285714286,61.52857142857143,no_simulada
129,0.09466403162055324,3.667091836734694,45.8,no_simulada
77,0.03962906057945564,2.860969387755102,61.15714285714286,no_simulada
173,0.04703703703703722,3.193877551020408,62.5,no_simulada
130,0.07359924026590683,3.352040816326531,55.642857142857146,no_simulada
149,0.03510928961748646,3.443877551020408,61.77142857142857,no_simulada
119,0.03196598639455787,2.729591836734694,62.17142857142857,no_simulada
173,0.04001281155369224,2.9897959183673466,62.0,no_simulada
207,0.0412143710530807,1.5612244897959184,62.15714285714286,no_simulada
81,0.035396341463414686,2.1377551020408165,61.74285714285714,no_simulada
197,0.0363293824992683,4.301020408163265,61.714285714285715,no_simulada
172,0.08987455197132614,3.9017857142857144,58.6,no_simulada
69,0.037912457912457925,3.748724489795918,61.57142857142857,no_simulada
194,0.037327117327117305,2.309948979591837,61.94285714285714,no_simulada
208,0.05433333333333352,3.1785714285714284,62.47142857142857,no_simulada
31,0.042741935483870966,1.959183673469388,59.5,no_simulada
130,0.0538172043010752,2.2040816326530615,60.34285714285714,no_simulada
153,0.08608906525573169,2.9528061224489797,57.8,no_simulada
187,0.040649717514124335,2.9528061224489797,61.97142857142857,no_simulada
73,0.03302564102564102,2.075255102040816,52.8,no_simulada
66,0.03801406926406927,3.7806122448979593,61.6,no_simulada
26,0.03333333333333333,1.8010204081632655,33.84285714285714,no_simulada
221,0.04355265403652493,2.229591836734694,62.17142857142857,no_simulada
185,0.049376417233560316,3.4285714285714284,60.642857142857146,no_simulada
148,0.058823529411764754,2.330357142857143,60.1,no_simulada
186,0.0910279263220443,5.525510204081633,60.05714285714286,no_simulada
204,0.050064057768460374,4.642857142857143,62.44285714285714,no_simulada
60,0.04101010101010102,2.881377551020408,61.357142857142854,no_simulada
48,0.040420819490586936,3.622448979591837,61.0,no_simulada
186,0.04101399331662505,3.7142857142857144,61.77142857142857,no_simulada
131,0.03403044871794868,3.4897959183673466,61.48571428571429,no_simulada
241,0.05901515151515133,3.309948979591837,62.628571428571426,no_simulada
223,0.04276207010582005,3.25,62.18571428571428,no_simulada
36,0.06428571428571428,1.173469387755102,15.114285714285714,no_simulada
88,0.043638888888888866,2.8201530612244894,52.42857142857143,no_simulada
171,0.03597165686717917,5.096938775510204,61.47142857142857,no_simulada
82,0.03928571428571432,4.668367346938775,61.31428571428572,no_simulada
149,0.0423097251585625,3.704081632653061,61.785714285714285,no_simulada
207,0.05498639455782334,2.3877551020408165,62.5,no_simulada
165,0.03530830695009793,3.748724489795918,61.68571428571428,no_simulada
133,0.06529146141215098,2.360969387755102,59.91428571428571,no_simulada
59,0.03519203664552502,2.881377551020408,61.785714285714285,no_simulada
124,0.035085470085470014,3.3112244897959187,61.4,no_simulada
207,0.05152941176470609,2.789540816326531,62.714285714285715,no_simulada
80,0.04361001317523057,2.0242346938775513,52.48571428571429,no_simulada
95,0.03519214703425235,2.391581632653061,61.714285714285715,no_simulada
245,0.09090992986341827,2.289540816326531,63.8,no_simulada
144,0.03909017713365546,2.5867346938775513,62.31428571428572,no_simulada
167,0.05323267518389488,4.857142857142857,59.92857142857143,no_simulada
222,0.05338945005611667,3.1772959183673466,62.2,no_simulada
219,0.05471093372036765,3.2091836734693877,62.52857142857143,no_simulada
240,0.10170940170940161,3.102040816326531,63.48571428571429,no_simulada
157,0.051196581196581284,3.360969387755102,61.77142857142857,no_simulada
56,0.036947601010101,2.9630102040816326,59.32857142857143,no_simulada
218,0.05064935064935065,4.3813775510204085,62.371428571428574,no_simulada
61,0.03956228956228956,2.3367346938775513,61.642857142857146,no_simulada
108,0.0341624149659865,4.218112244897959,62.08571428571429,no_simulada
70,0.0446327683615819,5.534438775510204,60.48571428571429,no_simulada
69,0.05131944444444443,1.5752551020408163,40.42857142857143,no_simulada
118,0.03585858585858589,3.6058673469387754,61.9,no_simulada
115,0.034788135593220394,2.9017857142857144,61.542857142857144,no_simulada
113,0.03351694915254243,2.193877551020408,61.628571428571426,no_simulada
160,0.03677495291902085,3.8112244897959187,61.82857142857143,no_simulada
132,0.10461760461760454,3.204081632653061,53.714285714285715,no_simulada
182,0.04320270924044532,2.5956632653061225,62.128571428571426,no_simulada
69,0.0379931972789116,2.561224489795918,61.75714285714286,no_simulada
96,0.07933723196881098,2.729591836734694,40.91428571428571,no_simulada
160,0.033888888888888864,2.5714285714285716,61.542857142857144,no_simulada
219,0.07889082462253225,2.177295918367347,63.457142857142856,no_simulada
243,0.05242937853107326,2.3826530612244894,62.51428571428571,no_simulada
167,0.03570148489503335,3.0255102040816326,61.81428571428572,no_simulada
175,0.044244976359338224,2.352040816326531,62.34285714285714,no_simulada
169,0.03825216450216466,2.9183673469387754,62.114285714285714,no_simulada
138,0.09617918313570475,1.4948979591836735,58.02857142857143,no_simulada
132,0.03611111111111108,3.309948979591837,61.58571428571429,no_simulada
152,0.03707473999647457,4.964285714285714,61.614285714285714,no_simulada
235,0.04669725529100511,1.9528061224489797,62.1,no_simulada
82,0.04064102564102562,5.25,60.92857142857143,no_simulada
102,0.03227689125295513,4.044642857142857,62.07142857142857,no_simulada
151,0.042139479905437455,3.6581632653061225,62.214285714285715,no_simulada
248,0.0687530237058538,3.891581632653061,63.042857142857144,no_simulada
27,0.07055555555555557,0.8520408163265306,8.7,no_simulada
35,0.03450854700854702,1.1058673469387756,31.642857142857142,no_simulada
172,0.06356092935040322,2.5752551020408165,62.47142857142857,no_simulada
135,0.03452659263588557,2.891581632653061,61.82857142857143,no_simulada
34,0.06666666666666667,0.5969387755102041,13.17142857142857,no_simulada
201,0.04051648157941126,3.622448979591837,62.0,no_simulada
136,0.03332750989983702,2.4323979591836737,61.84285714285714,no_simulada
236,0.06414379084967316,2.2755102040816326,62.98571428571429,no_simulada
231,0.06202237305178471,4.9528061224489806,62.44285714285714,no_simulada
36,0.03268398268398268,1.5255102040816326,51.1,no_simulada
118,0.033562352245862945,3.6160714285714284,61.9,no_simulada
29,0.04325396825396825,0.9323979591836735,10.971428571428572,no_simulada
142,0.03940235690235694,3.2385204081632653,61.74285714285714,no_simulada
114,0.03429281122150794,2.9017857142857144,61.628571428571426,no_simulada
191,0.04092558983666072,2.748724489795918,62.128571428571426,no_simulada
76,0.034663865546218496,2.5867346938775513,59.84285714285714,no_simulada
139,0.03430255211377372,2.357142857142857,61.81428571428572,no_simulada
96,0.03815389924085572,4.38265306122449,61.02857142857143,no_simulada
144,0.03451730418943544,3.7385204081632653,61.75714285714286,no_simulada
149,0.036796128707893554,2.881377551020408,62.02857142857143,no_simulada
61,0.04044011544011544,2.7448979591836737,46.1,no_simulada
96,0.034478339947089945,2.346938775510204,61.18571428571428,no_simulada
163,0.03564174773852199,2.7589285714285716,61.75714285714286,no_simulada
96,0.05097435897435899,4.575255102040816,49.18571428571428,no_simulada
189,0.04077380952380974,3.423469387755102,62.1,no_simulada
175,0.037392032434338196,1.739795918367347,61.98571428571429,no_simulada
241,0.07233560090702937,2.891581632653061,63.142857142857146,no_simulada
203,0.05067973856209176,2.3010204081632653,62.58571428571429,no_simulada
154,0.03642857142857159,4.024234693877551,62.042857142857144,no_simulada
91,0.06315789473684208,1.3724489795918369,53.01428571428571,no_simulada
46,0.035238095238095256,0.9323979591836735,38.94285714285714,no_simulada
217,0.04098824061510612,3.1772959183673466,61.77142857142857,no_simulada
186,0.044357764876632996,3.463010204081633,62.05714285714286,no_simulada
45,0.03389328063241106,2.107142857142857,51.114285714285714,no_simulada
201,0.08888888888888918,3.2181122448979593,61.74285714285714,no_simulada
117,0.03640873015873024,3.75,61.75714285714286,no_simulada
69,0.04086206896551723,3.677295918367347,51.32857142857143,no_simulada
82,0.03339243498817968,3.7857142857142856,61.785714285714285,no_simulada
89,0.03885154061624651,3.789540816326531,57.84285714285714,no_simulada
250,0.05933151845130034,2.923469387755102,62.614285714285714,no_simulada
155,0.03409057652911904,3.330357142857143,61.41428571428571,no_simulada
90,0.06171052631578947,2.3201530612244894,42.2,no_simulada
117,0.07955917874396126,4.605867346938775,46.142857142857146,no_simulada
195,0.035802050354289114,2.6058673469387754,61.74285714285714,no_simulada
163,0.040442176870748456,3.7857142857142856,60.32857142857143,no_simulada
241,0.05246233521657227,4.489795918367347,62.55714285714286,no_simulada
114,0.035132890365448505,3.9323979591836737,61.785714285714285,no_simulada
186,0.04297895500725712,3.6875,62.214285714285715,no_simulada
249,0.06776646556058293,2.8201530612244894,63.114285714285714,no_simulada
180,0.04221342383107107,3.3201530612244894,62.44285714285714,no_simulada
212,0.03848039215686258,1.3099489795918369,61.74285714285714,no_simulada
219,0.0744450317124737,1.8915816326530612,62.97142857142857,no_simulada
169,0.036205096073517296,2.7385204081632653,62.07142857142857,no_simulada
149,0.03550546448087442,3.872448979591837,61.81428571428572,no_simulada
207,0.09402116402116431,3.248724489795918,62.74285714285714,no_simulada
161,0.04147534013605456,3.0956632653061225,62.214285714285715,no_simulada
111,0.03672014260249551,1.8877551020408165,62.08571428571429,no_simulada
87,0.06971677559912856,2.0153061224489797,45.628571428571426,no_simulada
199,0.04270894213910005,1.7487244897959184,62.22857142857143,no_simulada
232,0.09747863247863255,4.51530612244898,62.871428571428574,no_simulada
124,0.06353846153846146,1.3303571428571428,59.785714285714285,no_simulada
92,0.03670150987224156,3.748724489795918,61.642857142857146,no_simulada
28,0.028125000000000008,1.8099489795918369,35.7,no_simulada
119,0.03895299145299149,4.954081632653062,60.357142857142854,no_simulada
167,0.03813474107591772,1.7487244897959184,62.47142857142857,no_simulada
159,0.037011217948717916,3.5956632653061225,61.714285714285715,no_simulada
191,0.08551820728291337,2.923469387755102,62.77142857142857,no_simulada
147,0.062029569892472956,2.860969387755102,60.07142857142857,no_simulada
232,0.04575479497354481,3.1466836734693877,62.05714285714286,no_simulada
98,0.03308641975308645,2.309948979591837,61.785714285714285,no_simulada
234,0.04517871017871004,1.9323979591836733,62.01428571428571,no_simulada
82,0.05565789473684211,2.5612244897959187,44.84285714285714,no_simulada
170,0.07832661290322573,2.0242346938775513,62.72857142857143,no_simulada
161,0.0378016591251887,2.330357142857143,62.25714285714286,no_simulada
143,0.0366643372932682,4.075255102040816,61.785714285714285,no_simulada
151,0.05217717717717725,1.860969387755102,61.57142857142857,no_simulada
241,0.08082125603864727,4.432397959183674,63.47142857142857,no_simulada
96,0.03359552154195014,3.025510204081633,61.885714285714286,no_simulada
163,0.050341880341880425,2.3201530612244894,62.614285714285714,no_simulada
42,0.035625000000000004,2.1785714285714284,28.242857142857144,no_simulada
246,0.06241863075196392,2.4323979591836737,62.91428571428571,no_simulada
125,0.03575504828797184,4.714285714285714,61.27142857142857,no_simulada
202,0.07936347278452574,2.7181122448979593,62.17142857142857,no_simulada
184,0.07029529529529553,1.9630102040816326,62.58571428571429,no_simulada
83,0.033468834688346855,3.0956632653061225,61.15714285714286,no_simulada
155,0.07272401433691748,2.5510204081632653,61.6,no_simulada
224,0.09367971210076509,3.4630102040816326,62.542857142857144,no_simulada
64,0.0400505050505051,5.387755102040816,60.714285714285715,no_simulada
216,0.07598722415795618,2.9285714285714284,63.2,no_simulada
121,0.03601112086625689,3.7385204081632653,61.34285714285714,no_simulada
110,0.03358585858585861,4.105867346938775,61.31428571428572,no_simulada
108,0.03596083788706745,3.525510204081633,61.6,no_simulada
183,0.08523469994058253,3.443877551020408,61.65714285714286,no_simulada
76,0.03908045977011496,2.6785714285714284,61.65714285714286,no_simulada
28,0.03739316239316239,1.6938775510204083,58.42857142857143,no_simulada
223,0.06625295508274238,2.0306122448979593,62.84285714285714,no_simulada
220,0.042567791005290866,3.346938775510204,61.98571428571429,no_simulada
32,0.041666666666666664,2.642857142857143,51.7,no_simulada
60,0.04379084967320262,2.3010204081632653,34.357142857142854,no_simulada
211,0.07401277584204445,2.193877551020408,62.82857142857143,no_simulada
48,0.07636363636363637,1.8099489795918369,18.1,no_simulada
101,0.031433172302737546,2.748724489795918,62.114285714285714,no_simulada
47,0.036290322580645164,3.102040816326531,57.48571428571429,no_simulada
187,0.03651442307692308,2.6875,61.84285714285714,no_simulada
29,0.03355263157894737,1.836734693877551,42.957142857142856,no_simulada
142,0.07255291005290994,1.5752551020408163,60.214285714285715,no_simulada
167,0.036761443839483925,3.7181122448979593,62.05714285714286,no_simulada
238,0.08886953155245852,1.6581632653061225,63.82857142857143,no_simulada
87,0.035384199134199164,3.4732142857142856,61.614285714285714,no_simulada
147,0.037344104308390136,2.7589285714285716,62.042857142857144,no_simulada
65,0.042067307692307696,3.346938775510204,61.214285714285715,no_simulada
50,0.04562569213732006,5.432397959183674,57.871428571428574,no_simulada
59,0.036274509803921606,4.357142857142857,58.07142857142857,no_simulada
116,0.034608553566353985,3.860969387755102,61.31428571428572,no_simulada
87,0.03429309708379475,3.3877551020408165,62.114285714285714,no_simulada
34,0.03554131054131054,1.8813775510204083,52.27142857142857,no_simulada
38,0.03398692810457517,1.3813775510204083,40.714285714285715,no_simulada
176,0.08802867383512537,1.586734693877551,62.8,no_simulada
203,0.04271868303136575,2.3201530612244894,62.05714285714286,no_simulada
88,0.03512941461054674,3.503826530612245,61.82857142857143,no_simulada
200,0.04225517890772135,2.75,62.07142857142857,no_simulada
176,0.03724037104254907,3.7487244897959187,62.25714285714286,no_simulada
46,0.04015243902439025,2.0956632653061225,61.41428571428571,no_simulada
57,0.03744949494949496,3.963010204081633,61.214285714285715,no_simulada
155,0.05089743589743601,3.6785714285714284,61.18571428571428,no_simulada
195,0.04841830065359502,2.4591836734693877,62.55714285714286,no_simulada
187,0.10016801075268834,4.575255102040816,60.885714285714286,no_simulada
208,0.06335748792270564,3.1466836734693877,62.84285714285714,no_simulada
241,0.0552454704850962,4.3520408163265305,62.2,no_simulada
38,0.059188034188034186,3.1058673469387754,17.485714285714284,no_simulada
88,0.034833091436865075,4.2397959183673475,61.8,no_simulada
189,0.03974591651542668,3.1326530612244903,62.08571428571429,no_simulada
135,0.05306001188354131,3.3877551020408165,57.72857142857143,no_simulada
142,0.03270105143506672,3.193877551020408,61.24285714285714,no_simulada
72,0.034828862164662376,2.289540816326531,61.857142857142854,no_simulada
214,0.059474206349206554,1.677295918367347,62.871428571428574,no_simulada
213,0.03742236024844707,3.1466836734693877,61.84285714285714,no_simulada
31,0.03858333333333333,2.5956632653061225,50.47142857142857,no_simulada
241,0.05826298701298689,2.239795918367347,62.75714285714286,no_simulada
49,0.03415032679738562,2.1683673469387754,37.32857142857143,no_simulada
53,0.030880230880230865,2.0956632653061225,48.22857142857143,no_simulada
180,0.07408963585434176,2.5255102040816326,60.81428571428572,no_simulada
108,0.03576802248677246,3.6772959183673466,61.47142857142857,no_simulada
178,0.03353819139596134,2.248724489795918,61.614285714285714,no_simulada
120,0.034227053140096664,3.5956632653061225,61.97142857142857,no_simulada
108,0.03530509218612816,3.1377551020408165,61.22857142857143,no_simulada
161,0.09031198686371089,3.4323979591836737,55.128571428571426,no_simulada
220,0.04856411862990814,2.3201530612244894,62.385714285714286,no_simulada
74,0.03464743589743588,3.9630102040816326,59.0,no_simulada
129,0.03604280510018219,3.954081632653061,61.65714285714286,no_simulada
45,0.0875,1.0956632653061225,17.242857142857144,no_simulada
156,0.03670594837261516,2.391581632653061,61.957142857142856,no_simulada
104,0.03459349593495939,3.7755102040816326,61.02857142857143,no_simulada
99,0.03779143897996358,3.0,61.57142857142857,no_simulada
76,0.038201499758103545,4.432397959183674,61.48571428571429,no_simulada
197,0.046750524109014875,3.3201530612244894,62.48571428571429,no_simulada
37,0.03641304347826087,2.0344387755102042,52.77142857142857,no_simulada
91,0.07794117647058832,1.5038265306122447,46.042857142857144,no_simulada
117,0.07929292929292926,1.9017857142857142,50.55714285714286,no_simulada
183,0.06824111560953693,2.6772959183673466,62.4,no_simulada
126,0.040018966334755796,3.9081632653061225,58.6,no_simulada
74,0.038346405228758214,3.1785714285714284,61.885714285714286,no_simulada
98,0.07563352826510729,1.8099489795918369,49.27142857142857,no_simulada
247,0.045537020778460335,3.167091836734694,62.042857142857144,no_simulada
118,0.035924796747967454,2.892857142857143,62.41428571428571,no_simulada
67,0.03704710144927536,2.289540816326531,50.72857142857143,no_simulada
141,0.050978835978836005,2.789540816326531,60.75714285714286,no_simulada
140,0.03282852564102562,3.4017857142857144,61.457142857142856,no_simulada
29,0.04963768115942028,3.6058673469387754,45.25714285714286,no_simulada
26,0.03946078431372549,1.8201530612244898,39.01428571428571,no_simulada
205,0.044358741681790714,3.8010204081632653,62.371428571428574,no_simulada
93,0.0322302737520129,2.2653061224489797,61.9,no_simulada
66,0.03487373737373738,3.8915816326530615,61.47142857142857,no_simulada
184,0.05389730639730664,3.5153061224489797,61.385714285714286,no_simulada
100,0.030813008130081282,2.360969387755102,61.74285714285714,no_simulada
180,0.04366666666666685,2.1875,62.4,no_simulada
39,0.03676470588235294,2.122448979591837,60.385714285714286,no_simulada
28,0.03774703557312253,1.5752551020408165,49.58571428571429,no_simulada
177,0.04121417797888403,3.391581632653061,61.84285714285714,no_simulada
226,0.062469387755102065,3.891581632653061,62.52857142857143,no_simulada
171,0.09692118226600976,2.5242346938775513,60.84285714285714,no_simulada
163,0.06528520499108727,2.289540816326531,61.97142857142857,no_simulada
139,0.03813474107591766,4.765306122448979,61.5,no_simulada
97,0.035497931442080424,3.2755102040816326,61.785714285714285,no_simulada
95,0.037179487179487145,5.024234693877552,61.285714285714285,no_simulada
30,0.035416666666666666,1.2385204081632655,16.042857142857144,no_simulada
31,0.03603896103896103,2.360969387755102,45.042857142857144,no_simulada
142,0.03371143375680592,2.6377551020408165,61.92857142857143,no_simulada
139,0.05639204545454535,3.346938775510204,58.52857142857143,no_simulada
168,0.08299283154121856,2.5956632653061225,61.02857142857143,no_simulada
89,0.03457251082251086,3.1160714285714284,61.7,no_simulada
169,0.03667122040072867,3.102040816326531,61.857142857142854,no_simulada
76,0.034769230769230754,1.8520408163265307,57.67142857142857,no_simulada
46,0.03285087719298245,2.534438775510204,40.42857142857143,no_simulada
246,0.049599041005290764,2.3201530612244894,62.142857142857146,no_simulada
210,0.04249515247664377,2.4948979591836737,62.1,no_simulada
232,0.055319264069263976,2.729591836734694,62.614285714285714,no_simulada
88,0.0646514161220044,1.5153061224489797,45.542857142857144,no_simulada
49,0.029981884057971003,1.8201530612244898,52.542857142857144,no_simulada
108,0.03776338893766457,2.4323979591836737,61.17142857142857,no_simulada
56,0.037326388888888895,3.5510204081632653,59.457142857142856,no_simulada
42,0.0435897435897436,2.0714285714285716,24.714285714285715,no_simulada
50,0.042404946474713906,3.3112244897959187,60.31428571428572,no_simulada
223,0.054719416386083054,3.4285714285714284,62.17142857142857,no_simulada
101,0.07929292929292923,4.551020408163265,44.07142857142857,no_simulada
192,0.07451641925326169,3.811224489795918,60.628571428571426,no_simulada
154,0.05686507936507939,3.6466836734693877,60.857142857142854,no_simulada
53,0.04204545454545455,2.381377551020408,61.5,no_simulada
129,0.03295784263526209,2.8915816326530615,61.65714285714286,no_simulada
158,0.07827586206896539,1.846938775510204,60.84285714285714,no_simulada
161,0.05503793266951167,3.0306122448979593,60.75714285714286,no_simulada
147,0.033446736903716655,4.003826530612245,61.41428571428571,no_simulada
69,0.03643137254901962,3.2385204081632653,61.72857142857143,no_simulada
75,0.06182598039215684,2.1058673469387754,41.042857142857144,no_simulada
99,0.0345008051529791,2.0344387755102042,62.05714285714286,no_simulada
77,0.03392094017094019,2.4081632653061225,61.17142857142857,no_simulada
197,0.05477245862884186,3.923469387755102,60.74285714285714,no_simulada
219,0.04637151763101501,2.1683673469387754,62.22857142857143,no_simulada
31,0.034722222222222224,2.0153061224489797,30.0,no_simulada
215,0.03777432712215305,1.8303571428571428,61.8,no_simulada
183,0.055740740740741,4.3813775510204085,61.84285714285714,no_simulada
168,0.047777777777777954,3.173469387755102,62.17142857142857,no_simulada
111,0.06302777777777771,3.943877551020408,54.9,no_simulada
169,0.06718253968253986,3.748724489795918,59.72857142857143,no_simulada
236,0.05373563218390794,2.846938775510204,62.48571428571429,no_simulada
58,0.03221925133689839,2.566326530612245,60.51428571428571,no_simulada
245,0.09969512195121955,2.2589285714285716,63.47142857142857,no_simulada
65,0.04449152542372881,6.034438775510204,61.2,no_simulada
122,0.036043360433604295,3.102040816326531,61.68571428571428,no_simulada
246,0.04410973084886102,2.622448979591837,61.785714285714285,no_simulada
129,0.04382478632478637,3.729591836734694,59.67142857142857,no_simulada
126,0.031865906084656156,2.177295918367347,61.51428571428571,no_simulada
58,0.04104813315339628,4.7397959183673475,60.4,no_simulada
181,0.036785287591739255,2.9017857142857144,61.81428571428572,no_simulada
203,0.04403717627401845,3.0752551020408165,62.3,no_simulada
28,0.029105392156862746,0.8928571428571429,42.5,no_simulada
216,0.041362179487179324,2.316326530612245,61.957142857142856,no_simulada
71,0.04318910256410256,3.6581632653061225,61.042857142857144,no_simulada
92,0.03624338624338622,3.4017857142857144,60.58571428571429,no_simulada
85,0.03526002506265666,3.7589285714285716,61.6,no_simulada
181,0.06369770580296921,3.4948979591836737,62.17142857142857,no_simulada
104,0.03551587301587299,5.248724489795919,61.42857142857143,no_simulada
140,0.035494987468671774,4.275510204081632,61.871428571428574,no_simulada
158,0.04774824658545601,2.748724489795918,62.1,no_simulada
189,0.03670848267622467,2.2857142857142856,61.92857142857143,no_simulada
243,0.0842929292929292,3.809948979591837,62.7,no_simulada
180,0.035633012820512844,2.811224489795918,61.8,no_simulada
225,0.05911890397184521,3.391581632653061,62.6,no_simulada
214,0.049410774410774475,2.891581632653061,62.44285714285714,no_simulada
167,0.04979674796747985,3.1772959183673466,61.67142857142857,no_simulada
90,0.08937500000000004,2.044642857142857,41.1,no_simulada
66,0.03397222222222221,3.2385204081632653,51.92857142857143,no_simulada
240,0.048056891025640786,3.0306122448979593,62.1,no_simulada
141,0.03498149127445803,4.034438775510204,61.785714285714285,no_simulada
205,0.046904761904762,4.122448979591836,62.25714285714286,no_simulada
142,0.03318191311612374,2.748724489795918,61.8,no_simulada
126,0.034171220400728695,3.503826530612245,61.68571428571428,no_simulada
224,0.03936487638533659,2.1683673469387754,61.91428571428571,no_simulada
54,0.033333333333333326,2.4528061224489797,60.02857142857143,no_simulada
154,0.03452380952380962,4.173469387755103,61.7,no_simulada
227,0.05073603549102633,3.0242346938775513,62.4,no_simulada
211,0.052431059506531284,4.248724489795918,62.44285714285714,no_simulada
26,0.043859649122807015,1.9540816326530612,38.44285714285714,no_simulada
95,0.03676115373685703,2.857142857142857,61.142857142857146,no_simulada
237,0.05710497835497816,3.3010204081632653,62.5,no_simulada
216,0.04891774891774897,2.0956632653061225,62.614285714285714,no_simulada
183,0.05073268921095034,2.7385204081632653,62.51428571428571,no_simulada
237,0.0525034093122928,2.381377551020408,62.41428571428571,no_simulada
112,0.03688422688422684,3.943877551020408,61.285714285714285,no_simulada
100,0.03439566798941798,3.0867346938775513,61.41428571428571,no_simulada
29,0.04398148148148148,3.642857142857143,52.714285714285715,no_simulada
31,0.039,3.0242346938775513,48.214285714285715,no_simulada
172,0.037660144421150864,2.1875,62.22857142857143,no_simulada
88,0.03549953746530994,2.891581632653061,61.628571428571426,no_simulada
234,0.04394327894327881,2.4732142857142856,62.042857142857144,no_simulada
176,0.058363821138211563,4.309948979591836,60.457142857142856,no_simulada
246,0.062070707070706915,4.860969387755103,62.7,no_simulada
139,0.08576923076923057,3.4285714285714284,56.15714285714286,no_simulada
239,0.04363100312588778,3.229591836734694,61.871428571428574,no_simulada
205,0.03743589743589745,1.25,61.9,no_simulada
217,0.09154812707444325,2.789540816326531,63.55714285714286,no_simulada
62,0.04234972677595628,2.4897959183673466,61.32857142857143,no_simulada
25,0.04112554112554113,2.4081632653061225,43.142857142857146,no_simulada
232,0.052344222625529256,3.4897959183673466,62.357142857142854,no_simulada
168,0.034675638371290486,4.503826530612245,61.42857142857143,no_simulada
147,0.07084291187739448,3.1785714285714284,59.02857142857143,no_simulada
81,0.034425287356321825,2.13265306122449,59.9,no_simulada
81,0.07825396825396824,1.423469387755102,39.98571428571429,no_simulada
218,0.043096348096347964,2.443877551020408,61.957142857142856,no_simulada
237,0.04473572037510631,2.7181122448979593,61.94285714285714,no_simulada
50,0.038371266002844955,3.1772959183673466,58.142857142857146,no_simulada
237,0.059043792219892755,2.248724489795918,62.84285714285714,no_simulada
82,0.034951690821256064,1.9795918367346939,61.74285714285714,no_simulada
26,0.04044117647058823,1.9642857142857142,35.214285714285715,no_simulada
63,0.030644499178981953,2.167091836734694,58.08571428571429,no_simulada
191,0.0637596899224809,4.6772959183673475,62.48571428571429,no_simulada
179,0.05316498316498342,2.5306122448979593,62.214285714285715,no_simulada
212,0.08370445344129597,2.846938775510204,62.885714285714286,no_simulada
229,0.07304347826086954,2.729591836734694,63.22857142857143,no_simulada
35,0.051587301587301584,0.5612244897959184,14.685714285714285,no_simulada
193,0.042180735930736124,2.5510204081632653,62.34285714285714,no_simulada
125,0.03292483660130729,2.9948979591836737,62.18571428571428,no_simulada
214,0.10132275132275168,3.943877551020408,61.371428571428574,no_simulada
245,0.06928733031674181,5.459183673469388,62.285714285714285,no_simulada
66,0.03654698581560286,4.6772959183673475,60.91428571428571,no_simulada
137,0.03531926406926421,5.418367346938775,62.07142857142857,no_simulada
49,0.04259146341463416,5.381377551020408,59.01428571428571,no_simulada
237,0.04644563918757455,2.3010204081632653,62.357142857142854,no_simulada
168,0.03614406779661033,2.809948979591837,61.871428571428574,no_simulada
106,0.03423141186299088,3.0306122448979593,61.642857142857146,no_simulada
116,0.03300881410256409,2.891581632653061,61.34285714285714,no_simulada
201,0.08369619619619653,2.5956632653061225,62.51428571428571,no_simulada
152,0.04473052787006288,3.9948979591836737,61.0,no_simulada
60,0.04310064935064935,4.571428571428571,61.48571428571429,no_simulada
152,0.062026515151515006,2.5344387755102042,61.3,no_simulada
111,0.0350292938637065,3.0752551020408165,61.8,no_simulada
145,0.04542285200179936,3.0242346938775513,61.32857142857143,no_simulada
123,0.03737067026540711,1.860969387755102,62.22857142857143,no_simulada
186,0.03470880889669297,1.9630102040816326,61.58571428571429,no_simulada
236,0.05971819061441689,1.6670918367346939,62.9,no_simulada
33,0.024816176470588234,1.6734693877551021,35.542857142857144,no_simulada
113,0.03501585623678645,4.066326530612245,62.128571428571426,no_simulada
48,0.040718349928876234,3.6785714285714284,60.72857142857143,no_simulada
33,0.032900432900432895,1.4540816326530612,49.01428571428571,no_simulada
159,0.04126275510204096,2.003826530612245,62.32857142857143,no_simulada
195,0.04358757062146897,4.887755102040816,61.98571428571429,no_simulada
126,0.04902553763440854,3.248724489795918,60.97142857142857,no_simulada
182,0.03568658558082156,2.391581632653061,62.07142857142857,no_simulada
202,0.08638638638638671,3.9591836734693877,62.22857142857143,no_simulada
33,0.042361111111111106,2.372448979591837,31.142857142857142,no_simulada
56,0.03979591836734696,3.0969387755102042,61.47142857142857,no_simulada
116,0.03409017713365543,2.352040816326531,62.142857142857146,no_simulada
129,0.04213900134952762,4.646683673469388,60.857142857142854,no_simulada
32,0.04351851851851851,1.177295918367347,17.242857142857144,no_simulada
197,0.04616818075937595,3.5242346938775513,62.4,no_simulada
196,0.03851952359415035,3.748724489795918,61.72857142857143,no_simulada
232,0.04428237599879371,3.748724489795918,62.1,no_simulada
199,0.056259636139377366,2.693877551020408,62.82857142857143,no_simulada
178,0.07115079365079378,3.4732142857142856,62.114285714285714,no_simulada
120,0.04601814516129028,2.668367346938776,59.41428571428571,no_simulada
225,0.0772815362931643,4.744897959183674,61.84285714285714,no_simulada
67,0.0332437275985663,3.2448979591836737,55.128571428571426,no_simulada
73,0.03810935441370222,2.0956632653061225,49.0,no_simulada
176,0.03687901811805976,2.177295918367347,62.17142857142857,no_simulada
140,0.03497723132969046,2.13265306122449,61.77142857142857,no_simulada
183,0.0433787561146054,3.7487244897959187,61.871428571428574,no_simulada
41,0.0824404761904762,1.1785714285714286,14.157142857142857,no_simulada
168,0.06556878306878319,2.7487244897959187,60.857142857142854,no_simulada
223,0.04581450094161954,2.3367346938775513,62.457142857142856,no_simulada
155,0.04006519274376432,4.494897959183674,61.81428571428572,no_simulada
198,0.07548076923076957,5.673469387755103,60.82857142857143,no_simulada
193,0.03998633879781428,3.622448979591837,61.82857142857143,no_simulada
99,0.03401307189542487,4.1772959183673475,61.8,no_simulada
246,0.053524590163934266,3.4323979591836737,62.385714285714286,no_simulada
117,0.03558503401360551,3.6326530612244894,61.82857142857143,no_simulada
149,0.06463068181818186,3.739795918367347,57.74285714285714,no_simulada
222,0.09540066382171679,2.391581632653061,62.885714285714286,no_simulada
190,0.09895833333333351,2.8112244897959187,62.05714285714286,no_simulada
55,0.04107843137254902,4.13265306122449,61.357142857142854,no_simulada
74,0.038347457627118636,5.015306122448979,61.48571428571429,no_simulada
134,0.03365478277810258,3.0956632653061225,61.785714285714285,no_simulada
166,0.03606411862990823,2.0510204081632653,62.01428571428571,no_simulada
212,0.0769841269841274,3.360969387755102,62.871428571428574,no_simulada
189,0.05515151515151534,3.2589285714285716,62.114285714285714,no_simulada
183,0.06567701304543432,3.168367346938776,62.07142857142857,no_simulada
168,0.03432082014171561,2.061224489795918,61.58571428571429,no_simulada
47,0.10416666666666667,1.360969387755102,14.228571428571428,no_simulada
233,0.04471758852794824,4.605867346938775,61.92857142857143,no_simulada
163,0.03455743879472708,1.7040816326530612,61.92857142857143,no_simulada
185,0.0940188172043012,2.5867346938775513,62.08571428571429,no_simulada
78,0.03419473480449091,2.9540816326530615,61.042857142857144,no_simulada
101,0.03545751633986925,3.1772959183673466,61.15714285714286,no_simulada
121,0.03441582002902768,3.881377551020408,61.72857142857143,no_simulada
199,0.035970880889669196,2.789540816326531,61.714285714285715,no_simulada
221,0.07749169435215977,2.693877551020408,63.25714285714286,no_simulada
206,0.041511839708561024,2.979591836734694,61.92857142857143,no_simulada
227,0.04569039085168102,3.503826530612245,62.2,no_simulada
176,0.06680430430430452,2.979591836734694,62.08571428571429,no_simulada
219,0.06533302497687345,2.7448979591836737,63.114285714285714,no_simulada
200,0.04059516851743629,2.061224489795918,62.32857142857143,no_simulada
55,0.03276315789473683,1.6670918367346939,47.114285714285714,no_simulada
143,0.0322409967571259,3.25,61.55714285714286,no_simulada
27,0.039473684210526314,2.2040816326530615,40.31428571428572,no_simulada
148,0.05826330532212881,3.4948979591836737,61.128571428571426,no_simulada
172,0.09523809523809526,1.5510204081632655,62.32857142857143,no_simulada
142,0.08564102564102544,3.168367346938776,55.642857142857146,no_simulada
150,0.03421845574387961,2.6160714285714284,61.82857142857143,no_simulada
202,0.042508372994888,2.9081632653061225,61.91428571428571,no_simulada
48,0.03952991452991452,2.372448979591837,61.08571428571429,no_simulada
202,0.04331140350877208,2.3877551020408165,62.41428571428571,no_simulada
120,0.03567773600668345,5.116071428571429,61.91428571428571,no_simulada
31,0.035130718954248366,1.5306122448979593,45.65714285714286,no_simulada
228,0.06779336734693878,3.9017857142857144,63.01428571428571,no_simulada
35,0.041666666666666664,3.489795918367347,56.52857142857143,no_simulada
197,0.05079365079365106,2.1581632653061225,62.628571428571426,no_simulada
210,0.0624421831637374,3.9323979591836737,62.4,no_simulada
115,0.07302777777777768,4.25,50.81428571428572,no_simulada
122,0.05812807881773392,4.428571428571429,54.05714285714286,no_simulada
172,0.048381642512077494,4.244897959183674,62.01428571428571,no_simulada
146,0.0848205128205127,1.5752551020408163,59.871428571428574,no_simulada
210,0.05856009070294807,2.0867346938775513,62.5,no_simulada
222,0.05977124183006546,2.0255102040816326,62.77142857142857,no_simulada
203,0.04393126177024481,2.943877551020408,62.128571428571426,no_simulada
226,0.04455605158730148,2.316326530612245,62.214285714285715,no_simulada
95,0.03522727272727277,3.1466836734693877,61.8,no_simulada
87,0.03500631313131312,3.0969387755102042,58.47142857142857,no_simulada
147,0.08589743589743568,3.0956632653061225,56.58571428571429,no_simulada
26,0.030429292929292934,1.2895408163265307,24.585714285714285,no_simulada
122,0.07669082125603857,2.75,52.2,no_simulada
115,0.037314319667260835,1.9630102040816326,59.91428571428571,no_simulada
149,0.03813725490196092,4.177295918367347,62.114285714285714,no_simulada
215,0.04918069584736262,2.443877551020408,62.55714285714286,no_simulada
61,0.03599290780141845,2.381377551020408,61.8,no_simulada
235,0.09204268292682936,2.607142857142857,63.08571428571429,no_simulada
140,0.03261267193444538,2.13265306122449,61.47142857142857,no_simulada
144,0.04732343679712105,5.034438775510204,60.042857142857144,no_simulada
101,0.03458017676767676,2.667091836734694,58.82857142857143,no_simulada
220,0.03959613696224744,2.248724489795918,61.91428571428571,no_simulada
167,0.03582843358962753,5.095663265306123,61.642857142857146,no_simulada
62,0.07941919191919192,1.8303571428571428,29.3,no_simulada
76,0.03980392156862748,4.244897959183674,61.74285714285714,no_simulada
80,0.04975633528265106,1.6581632653061225,49.6,no_simulada
101,0.037142022209234425,3.044642857142857,61.642857142857146,no_simulada
247,0.05466101694915232,2.4285714285714284,62.214285714285715,no_simulada
60,0.040466101694915255,3.2448979591836737,61.4,no_simulada
242,0.09452187379016654,4.311224489795918,62.68571428571428,no_simulada
127,0.03826923076923073,1.6020408163265305,62.17142857142857,no_simulada
165,0.04496608078939269,3.6466836734693877,61.44285714285714,no_simulada
175,0.05066827697262497,6.030612244897959,61.52857142857143,no_simulada
220,0.04190304487179481,4.1020408163265305,62.05714285714286,no_simulada
149,0.034339332748024476,2.167091836734694,61.52857142857143,no_simulada
39,0.04065860215053764,3.372448979591837,52.72857142857143,no_simulada
219,0.03910973084886109,2.352040816326531,61.77142857142857,no_simulada
214,0.042763270182624984,3.8826530612244894,62.114285714285714,no_simulada
129,0.08188405797101439,2.561224489795918,55.142857142857146,no_simulada
73,0.03597222222222223,2.1224489795918364,55.44285714285714,no_simulada
77,0.03380816714150047,1.7295918367346939,58.1,no_simulada
61,0.0348717948717949,1.524234693877551,61.42857142857143,no_simulada
48,0.03692307692307694,3.765306122448979,48.6,no_simulada
86,0.04491927825261159,3.2181122448979593,54.24285714285714,no_simulada
212,0.0610083256244221,2.9528061224489797,62.885714285714286,no_simulada
173,0.03777216610549964,2.0510204081632653,62.3,no_simulada
92,0.03647411616161613,2.9528061224489797,58.3,no_simulada
179,0.03568121693121695,3.891581632653061,61.8,no_simulada
175,0.03806110257723161,3.7397959183673466,61.81428571428572,no_simulada
247,0.045731538992408304,2.0153061224489797,61.857142857142854,no_simulada
104,0.04382051282051286,1.6058673469387756,57.1,no_simulada
153,0.04467935165609597,3.7091836734693877,60.7,no_simulada
152,0.03630190796857474,2.9323979591836737,62.17142857142857,no_simulada
73,0.039177489177489165,2.289540816326531,49.47142857142857,no_simulada
83,0.03989648033126292,4.738520408163266,61.01428571428571,no_simulada
122,0.06049382716049371,2.789540816326531,54.614285714285714,no_simulada
233,0.05785072951739612,2.503826530612245,62.371428571428574,no_simulada
194,0.03834698754053593,4.566326530612245,61.84285714285714,no_simulada
205,0.04520562770562782,2.5242346938775513,62.371428571428574,no_simulada
80,0.032373150105708244,3.316326530612245,62.1,no_simulada
131,0.03359903381642501,3.0306122448979593,61.285714285714285,no_simulada
187,0.04672108843537437,1.8915816326530612,62.77142857142857,no_simulada
195,0.04686139332365771,2.075255102040816,62.542857142857144,no_simulada
33,0.04080459770114943,2.4897959183673466,54.72857142857143,no_simulada
104,0.0344312169312169,2.667091836734694,61.6,no_simulada
135,0.039912280701754344,2.8010204081632653,61.542857142857144,no_simulada
186,0.04893617021276616,2.357142857142857,62.42857142857143,no_simulada
237,0.07343380614657197,3.1466836734693877,62.82857142857143,no_simulada
74,0.03360597439544805,3.418367346938776,60.885714285714286,no_simulada
70,0.032598566308243725,2.2181122448979593,58.34285714285714,no_simulada
160,0.03671383647798756,2.809948979591837,62.24285714285714,no_simulada
124,0.05329501915708806,1.8915816326530612,60.1,no_simulada
166,0.0459467120181408,5.051020408163265,61.957142857142856,no_simulada
54,0.046139705882352916,2.13265306122449,39.285714285714285,no_simulada
77,0.032911877394636,2.2040816326530615,57.82857142857143,no_simulada
111,0.035812425328554345,2.7448979591836737,61.55714285714286,no_simulada
246,0.0919896640826873,2.7806122448979593,63.42857142857143,no_simulada
196,0.04374458874458888,3.1377551020408165,62.285714285714285,no_simulada
137,0.038187056737588744,4.748724489795919,60.642857142857146,no_simulada
219,0.06557165861513714,2.177295918367347,63.285714285714285,no_simulada
109,0.06940836940836949,2.4528061224489797,49.48571428571429,no_simulada
111,0.03329966329966332,3.3112244897959187,61.84285714285714,no_simulada
25,0.03881578947368421,1.336734693877551,47.285714285714285,no_simulada
169,0.05334881920247794,2.6326530612244894,62.27142857142857,no_simulada
164,0.04118367346938793,3.4948979591836737,62.285714285714285,no_simulada
122,0.04008403361344536,1.9183673469387756,60.25714285714286,no_simulada
166,0.059086819613135576,4.346938775510204,61.82857142857143,no_simulada
167,0.04875792811839338,5.204081632653062,61.385714285714286,no_simulada
82,0.031090314913844338,2.1377551020408165,60.714285714285715,no_simulada
105,0.03496240601503767,2.0344387755102042,61.785714285714285,no_simulada
125,0.03513112491373351,3.173469387755102,61.285714285714285,no_simulada
217,0.04268766534391522,2.667091836734694,62.05714285714286,no_simulada
110,0.035837359098228716,4.748724489795919,61.51428571428571,no_simulada
131,0.03608695652173924,3.503826530612245,62.07142857142857,no_simulada
105,0.03724371693121687,3.607142857142857,61.5,no_simulada
205,0.09792717086834767,3.729591836734694,62.42857142857143,no_simulada
235,0.045994560994560764,2.561224489795918,62.02857142857143,no_simulada
62,0.03924710910005028,3.173469387755102,61.81428571428572,no_simulada
183,0.04405480140774278,3.4591836734693877,62.214285714285715,no_simulada
74,0.04925438596491228,2.1058673469387754,43.6,no_simulada
66,0.03374551971326165,2.7589285714285716,58.94285714285714,no_simulada
238,0.10053418803418811,3.4642857142857144,63.18571428571428,no_simulada
195,0.03714452214452212,3.0956632653061225,61.81428571428572,no_simulada
180,0.03841746794871788,3.6058673469387754,61.67142857142857,no_simulada
60,0.03412698412698413,3.311224489795918,60.17142857142857,no_simulada
155,0.04084541062801942,3.5956632653061225,62.1,no_simulada
195,0.03766122766122763,2.3201530612244894,61.857142857142854,no_simulada
94,0.03709016393442624,2.622448979591837,61.48571428571429,no_simulada
50,0.0342436974789916,1.6428571428571428,61.55714285714286,no_simulada
163,0.0819534050179211,3.463010204081633,57.15714285714286,no_simulada
132,0.07387179487179475,2.479591836734694,56.285714285714285,no_simulada
25,0.04220779220779221,3.122448979591837,39.457142857142856,no_simulada
92,0.043924466338259395,4.801020408163265,53.77142857142857,no_simulada
197,0.045454545454545574,4.714285714285714,62.01428571428571,no_simulada
107,0.060025641025640945,3.5867346938775513,50.72857142857143,no_simulada
194,0.03934866913449679,3.642857142857143,62.05714285714286,no_simulada
142,0.03627085162423168,2.809948979591837,61.52857142857143,no_simulada
118,0.04020270270270269,3.5242346938775513,61.285714285714285,no_simulada
43,0.036944444444444446,2.248724489795918,31.428571428571427,no_simulada
51,0.03088768115942028,1.6058673469387756,57.2,no_simulada
28,0.04791666666666668,1.0956632653061225,16.271428571428572,no_simulada
167,0.033931623931623946,2.503826530612245,61.65714285714286,no_simulada
170,0.056358434846807165,5.932397959183674,59.97142857142857,no_simulada
214,0.04604519774011295,1.9017857142857142,62.18571428571428,no_simulada
183,0.04340628507295197,4.330357142857143,62.17142857142857,no_simulada
49,0.03862179487179487,4.061224489795919,60.58571428571429,no_simulada
68,0.040762098597919495,1.6734693877551021,61.114285714285714,no_simulada
77,0.03515585721468077,2.4528061224489797,61.871428571428574,no_simulada
77,0.037814143775569846,3.1058673469387754,61.44285714285714,no_simulada
190,0.036336698858647806,1.7295918367346939,61.68571428571428,no_simulada
130,0.043385490753911786,5.034438775510204,59.357142857142854,no_simulada
191,0.04236237144585613,4.239795918367347,62.142857142857146,no_simulada
193,0.08335978835978866,3.357142857142857,62.871428571428574,no_simulada
236,0.07603864734299509,1.9017857142857142,63.44285714285714,no_simulada
232,0.07416264090177134,1.9438775510204083,63.3,no_simulada
241,0.06817647058823512,3.809948979591837,63.2,no_simulada
121,0.032062647754137176,2.881377551020408,62.17142857142857,no_simulada
26,0.03666666666666667,0.6772959183673469,10.385714285714286,no_simulada
203,0.047191558441558465,4.238520408163265,62.34285714285714,no_simulada
162,0.04306968855997546,2.8201530612244894,61.8,no_simulada
158,0.03415300546448102,1.5956632653061225,61.857142857142854,no_simulada
90,0.03666125541125545,3.0153061224489797,61.628571428571426,no_simulada
158,0.04334175084175095,3.5956632653061225,62.08571428571429,no_simulada
68,0.0409626216077829,3.642857142857143,61.285714285714285,no_simulada
43,0.040467171717171714,4.146683673469388,55.785714285714285,no_simulada
53,0.03372584541062803,2.360969387755102,53.01428571428571,no_simulada
150,0.049940730203888097,3.4591836734693877,61.57142857142857,no_simulada
220,0.09550734945471821,3.4948979591836737,61.82857142857143,no_simulada
91,0.03625087351502451,4.034438775510204,61.714285714285715,no_simulada
88,0.03490740740740742,2.3915816326530615,60.2,no_simulada
55,0.041666666666666664,3.122448979591837,61.52857142857143,no_simulada
156,0.035476190476190335,3.0306122448979593,61.385714285714286,no_simulada
29,0.03055555555555556,1.586734693877551,40.44285714285714,no_simulada
64,0.04114379084967321,3.1581632653061225,61.385714285714286,no_simulada
119,0.03557165861513689,2.668367346938776,62.22857142857143,no_simulada
57,0.04000443262411348,2.852040816326531,61.614285714285714,no_simulada
135,0.0353482413230842,4.158163265306123,61.92857142857143,no_simulada
107,0.04952516619183288,3.4323979591836737,57.22857142857143,no_simulada
40,0.05181818181818183,1.1326530612244898,20.5,no_simulada
151,0.03486516470387441,3.816326530612245,61.58571428571429,no_simulada
136,0.033225859788359825,2.918367346938776,61.65714285714286,no_simulada
156,0.03949121315192756,3.034438775510204,62.542857142857144,no_simulada
68,0.038857560568086896,2.2589285714285716,61.44285714285714,no_simulada
232,0.045168269230769026,3.248724489795918,61.97142857142857,no_simulada
211,0.05642176870748316,4.45280612244898,62.68571428571428,no_simulada
38,0.03310276679841898,2.0306122448979593,51.52857142857143,no_simulada
175,0.05617886178861805,2.9540816326530615,62.58571428571429,no_simulada
54,0.045127353266888166,4.473214285714286,60.84285714285714,no_simulada
83,0.03476142473118279,2.8915816326530615,60.05714285714286,no_simulada
168,0.05104282022886691,3.5153061224489797,62.214285714285715,no_simulada
86,0.03528664731494924,4.146683673469388,61.58571428571429,no_simulada
56,0.03840682788051207,4.244897959183674,60.25714285714286,no_simulada
113,0.04368279569892472,2.218112244897959,60.385714285714286,no_simulada
104,0.03475609756097558,3.372448979591837,61.42857142857143,no_simulada
214,0.038209109730848755,2.4630102040816326,61.714285714285715,no_simulada
153,0.04827427094868968,4.463010204081632,61.65714285714286,no_simulada
178,0.04385034013605457,2.852040816326531,62.357142857142854,no_simulada
105,0.03620156791798579,2.811224489795918,61.27142857142857,no_simulada
117,0.05902564102564099,2.4528061224489797,56.41428571428571,no_simulada
53,0.03294334975369458,2.372448979591837,55.97142857142857,no_simulada
189,0.05551958063521456,4.891581632653062,61.91428571428571,no_simulada
108,0.04794973544973543,2.6581632653061225,56.47142857142857,no_simulada
97,0.09080882352941179,2.1785714285714284,42.614285714285714,no_simulada
122,0.05454022988505742,2.891581632653061,56.27142857142857,no_simulada
34,0.03285714285714285,1.3520408163265305,50.31428571428572,no_simulada
235,0.08526250880902053,5.9438775510204085,63.0,no_simulada
247,0.04955770502645483,2.309948979591837,62.3,no_simulada
99,0.03710491659350304,3.167091836734694,61.214285714285715,no_simulada
220,0.04890098810244004,2.6875,62.44285714285714,no_simulada
140,0.04524656235182546,2.3112244897959187,61.857142857142854,no_simulada
108,0.03736236236236236,4.801020408163265,59.042857142857144,no_simulada
209,0.05970005910165506,5.003826530612245,62.4,no_simulada
235,0.05151129943502812,3.1058673469387754,62.385714285714286,no_simulada
166,0.034589947089947136,3.6772959183673466,61.82857142857143,no_simulada
89,0.040747126436781585,4.218112244897959,51.385714285714286,no_simulada
238,0.04940889550264524,1.8303571428571428,62.02857142857143,no_simulada
186,0.08443256090314932,2.4081632653061225,62.97142857142857,no_simulada
128,0.04781639928698746,2.7589285714285716,60.457142857142856,no_simulada
174,0.03507211538461541,1.8201530612244898,61.714285714285715,no_simulada
138,0.03505228758169943,3.3367346938775513,62.02857142857143,no_simulada
115,0.03613821138211382,2.748724489795918,61.74285714285714,no_simulada
81,0.03540260908681963,3.918367346938776,61.614285714285714,no_simulada
94,0.03310457516339876,2.881377551020408,61.91428571428571,no_simulada
233,0.06387581699346404,3.167091836734694,63.0,no_simulada
96,0.036971458773784396,3.381377551020408,61.84285714285714,no_simulada
174,0.0832325268817205,2.1581632653061225,60.614285714285714,no_simulada
192,0.03737839221710194,3.034438775510204,61.885714285714286,no_simulada
169,0.03436285936285938,2.943877551020408,61.77142857142857,no_simulada
239,0.04216701173222891,2.816326530612245,61.97142857142857,no_simulada
54,0.04306429070580014,4.846938775510204,61.628571428571426,no_simulada
46,0.03497536945812806,2.1875,56.42857142857143,no_simulada
233,0.06217647058823528,1.860969387755102,63.05714285714286,no_simulada
186,0.04604072398190068,3.5242346938775513,62.32857142857143,no_simulada
36,0.07460317460317457,1.003826530612245,13.528571428571428,no_simulada
113,0.03502722323049009,3.248724489795918,61.68571428571428,no_simulada
205,0.041748633879781456,2.309948979591837,62.17142857142857,no_simulada
214,0.038926579225086536,2.7806122448979593,62.01428571428571,no_simulada
51,0.03593474426807762,3.1875,51.5,no_simulada
248,0.047055167055166804,2.4630102040816326,62.18571428571428,no_simulada
50,0.03508403361344538,3.352040816326531,57.58571428571429,no_simulada
166,0.03537614955525398,4.963010204081633,61.542857142857144,no_simulada
184,0.03570405548017481,2.0153061224489797,61.67142857142857,no_simulada
107,0.039775641025641066,4.336734693877551,58.9,no_simulada
227,0.054747474747474725,2.443877551020408,62.65714285714286,no_simulada
216,0.03817115251897846,2.13265306122449,61.857142857142854,no_simulada
64,0.03497222222222222,2.7091836734693877,50.81428571428572,no_simulada
64,0.03631959126145174,2.4591836734693877,61.385714285714286,no_simulada
137,0.04320512820512818,3.8915816326530615,61.18571428571428,no_simulada
135,0.032592984311651814,2.6785714285714284,61.74285714285714,no_simulada
202,0.059264184397163355,4.709183673469388,62.01428571428571,no_simulada
171,0.03481833257952655,3.5956632653061225,61.67142857142857,no_simulada
163,0.04434840425531929,4.943877551020408,62.31428571428572,no_simulada
42,0.033333333333333326,2.2091836734693877,54.25714285714286,no_simulada
32,0.0390625,1.8877551020408165,60.128571428571426,no_simulada
138,0.0914855072463767,2.4630102040816326,55.74285714285714,no_simulada
217,0.04103438476839994,4.003826530612245,61.55714285714286,no_simulada
159,0.035368852459016546,2.816326530612245,61.74285714285714,no_simulada
117,0.03478682170542638,4.432397959183674,61.32857142857143,no_simulada
26,0.03525641025641026,1.4795918367346939,30.17142857142857,no_simulada
78,0.03656336725254398,3.3201530612244894,60.15714285714286,no_simulada
31,0.03804347826086957,1.7755102040816326,48.52857142857143,no_simulada
141,0.03413763909046939,2.9528061224489797,61.7,no_simulada
113,0.06269230769230763,3.102040816326531,50.97142857142857,no_simulada
62,0.03428418803418803,2.0344387755102042,61.3,no_simulada
86,0.035941619585687395,3.7040816326530615,61.357142857142854,no_simulada
191,0.07699146514936017,3.6058673469387754,62.05714285714286,no_simulada
44,0.03591397849462365,1.8928571428571428,57.48571428571429,no_simulada
28,0.035,1.8163265306122451,55.285714285714285,no_simulada
61,0.07542735042735042,2.3010204081632653,24.857142857142858,no_simulada
59,0.07532051282051282,2.2181122448979593,27.1,no_simulada
200,0.037299922299922246,2.607142857142857,61.885714285714286,no_simulada
238,0.04703124999999985,2.4323979591836737,62.27142857142857,no_simulada
230,0.08194905869324492,2.816326530612245,63.44285714285714,no_simulada
190,0.0407203389830509,3.6581632653061225,61.91428571428571,no_simulada
173,0.03416965352449237,1.4183673469387756,61.785714285714285,no_simulada
43,0.03455938697318008,2.381377551020408,59.17142857142857,no_simulada
51,0.03520114942528736,3.1326530612244903,57.042857142857144,no_simulada
134,0.0376673713883017,3.289540816326531,62.1,no_simulada
29,0.039886039886039885,1.6938775510204083,53.17142857142857,no_simulada
78,0.03732462506047411,2.7181122448979593,61.74285714285714,no_simulada
199,0.04004273504273495,4.6875,61.91428571428571,no_simulada
179,0.06198717948717972,1.9323979591836733,62.371428571428574,no_simulada
93,0.03549054373522464,3.1875,62.17142857142857,no_simulada
138,0.0467836257309942,4.954081632653062,57.871428571428574,no_simulada
168,0.037845117845118015,1.9528061224489797,62.142857142857146,no_simulada
156,0.03873260738052042,4.122448979591836,62.01428571428571,no_simulada
203,0.07688034188034229,2.75,63.142857142857146,no_simulada
210,0.0431147540983607,2.352040816326531,62.22857142857143,no_simulada
203,0.03845112671934434,2.4732142857142856,61.8,no_simulada
86,0.03971320346320353,5.116071428571429,61.08571428571429,no_simulada
44,0.04235880398671096,4.051020408163265,61.57142857142857,no_simulada
98,0.040651340996168586,3.289540816326531,56.0,no_simulada
110,0.03413461538461536,1.6058673469387756,61.4,no_simulada
233,0.05060263653483976,3.642857142857143,62.34285714285714,no_simulada
145,0.03665158371040739,3.066326530612245,62.114285714285714,no_simulada
47,0.08935185185185186,1.4540816326530612,15.942857142857143,no_simulada
34,0.04722222222222222,1.3010204081632655,19.7,no_simulada
33,0.0260989010989011,1.8826530612244898,27.857142857142858,no_simulada
140,0.03387108574773189,3.239795918367347,61.42857142857143,no_simulada
107,0.03658600934720331,4.311224489795919,61.27142857142857,no_simulada
200,0.07815315315315347,2.0956632653061225,62.42857142857143,no_simulada
90,0.03684689153439152,3.2181122448979593,61.31428571428572,no_simulada
243,0.05873015873015858,2.789540816326531,62.6,no_simulada
32,0.04202279202279202,2.8367346938775513,50.92857142857143,no_simulada
154,0.06843434343434354,4.066326530612245,57.84285714285714,no_simulada
105,0.03433970856102007,2.0344387755102042,61.47142857142857,no_simulada
178,0.039296157059315134,3.3201530612244894,62.114285714285714,no_simulada
244,0.04523705004389792,2.7589285714285716,62.1,no_simulada
214,0.09362256993835977,4.954081632653062,60.94285714285714,no_simulada
203,0.037801087801087756,2.4630102040816326,61.871428571428574,no_simulada
63,0.04156925774400935,3.9591836734693877,61.371428571428574,no_simulada
65,0.032777777777777774,3.346938775510204,57.34285714285714,no_simulada
170,0.04982381959126161,2.6466836734693877,62.48571428571429,no_simulada
112,0.03621646623496771,4.596938775510204,60.371428571428574,no_simulada
213,0.05457516339869302,3.5752551020408165,62.51428571428571,no_simulada
120,0.032870748299319755,2.463010204081633,61.77142857142857,no_simulada
158,0.03952380952380965,2.7806122448979593,62.17142857142857,no_simulada
161,0.03574039264828752,3.0,62.1,no_simulada
174,0.0793087121212122,2.1785714285714284,61.957142857142856,no_simulada
164,0.05670265407107528,4.024234693877551,61.642857142857146,no_simulada
31,0.059920634920634916,0.9732142857142857,11.17142857142857,no_simulada
54,0.05025252525252527,1.1938775510204083,31.3,no_simulada
134,0.09426877470355723,2.4323979591836737,52.94285714285714,no_simulada
164,0.03517098536929324,4.3813775510204085,61.84285714285714,no_simulada
91,0.036196264975334784,3.5242346938775513,62.32857142857143,no_simulada
128,0.04808377896613186,3.107142857142857,58.32857142857143,no_simulada
127,0.03571428571428577,3.167091836734694,61.91428571428571,no_simulada
249,0.09059196617336139,2.2091836734693877,63.785714285714285,no_simulada
239,0.05465315587820113,2.9285714285714284,62.44285714285714,no_simulada
32,0.02881944444444445,1.5153061224489797,33.9,no_simulada
50,0.04102891156462585,2.2857142857142856,61.34285714285714,no_simulada
99,0.035697751322751284,2.7385204081632653,61.42857142857143,no_simulada
218,0.07597822074566289,3.860969387755102,62.32857142857143,no_simulada
245,0.06894167923579672,5.244897959183674,62.84285714285714,no_simulada
183,0.03455882352941166,2.107142857142857,61.47142857142857,no_simulada
196,0.037485791418016313,4.3520408163265305,61.77142857142857,no_simulada
215,0.04925388183101428,4.391581632653061,62.15714285714286,no_simulada
112,0.06564009661835746,3.1326530612244903,52.614285714285714,no_simulada
78,0.03429802955665027,3.0867346938775513,57.48571428571429,no_simulada
243,0.0731505102040815,3.4732142857142856,63.2,no_simulada
131,0.03391774891774901,3.816326530612245,61.97142857142857,no_simulada
199,0.039286973382689924,2.7142857142857144,62.07142857142857,no_simulada
203,0.07872244714350007,3.034438775510204,62.75714285714286,no_simulada
133,0.03297979797979798,3.7806122448979593,61.51428571428571,no_simulada
40,0.06369047619047619,0.8214285714285714,18.02857142857143,no_simulada
109,0.05638461538461536,2.5242346938775513,55.01428571428571,no_simulada
155,0.03736812570145919,4.524234693877551,62.128571428571426,no_simulada
59,0.040679925994449605,4.218112244897959,61.542857142857144,no_simulada
124,0.03490118975599928,3.1377551020408165,61.92857142857143,no_simulada
162,0.0665686274509805,3.775510204081633,60.3,no_simulada
149,0.03525912482355326,4.051020408163265,61.857142857142854,no_simulada
224,0.05425110645236439,2.6326530612244894,62.642857142857146,no_simulada
242,0.0444578577699734,2.218112244897959,62.042857142857144,no_simulada
92,0.036023759608665315,2.6772959183673466,61.81428571428572,no_simulada
243,0.08042673107890481,2.667091836734694,63.34285714285714,no_simulada
71,0.04115463389656938,7.285714285714286,61.1,no_simulada
145,0.034736780805963346,4.086734693877551,61.857142857142854,no_simulada
82,0.036151368760064445,3.693877551020408,59.857142857142854,no_simulada
86,0.034313725490196116,1.7448979591836735,61.857142857142854,no_simulada
46,0.03325396825396824,2.1875,41.77142857142857,no_simulada
81,0.035636070853462175,3.6160714285714284,61.385714285714286,no_simulada
81,0.039307320024198435,4.463010204081632,61.6,no_simulada
100,0.10232843137254906,2.7448979591836737,39.58571428571429,no_simulada
56,0.04119532428355958,4.316326530612245,61.08571428571429,no_simulada
208,0.06420033670033701,2.4285714285714284,62.6,no_simulada
155,0.09846153846153823,2.3201530612244894,60.3,no_simulada
72,0.03312260536398466,2.392857142857143,56.77142857142857,no_simulada
156,0.040990338164251364,1.6734693877551021,62.542857142857144,no_simulada
69,0.03673541963015649,4.167091836734694,58.77142857142857,no_simulada
176,0.043482993197279114,3.381377551020408,61.91428571428571,no_simulada
96,0.034023569023569046,3.852040816326531,61.52857142857143,no_simulada
25,0.03611111111111111,2.229591836734694,30.7,no_simulada
210,0.04788439955106635,3.003826530612245,62.48571428571429,no_simulada
239,0.09502032520325207,2.2385204081632653,63.27142857142857,no_simulada
193,0.03995446265938073,3.1466836734693877,62.114285714285714,no_simulada
43,0.040104166666666684,2.9017857142857144,58.67142857142857,no_simulada
220,0.07566445182724289,1.6938775510204083,63.48571428571429,no_simulada
215,0.07662601626016285,3.1772959183673466,62.67142857142857,no_simulada
181,0.03568121693121698,3.8201530612244894,61.82857142857143,no_simulada
179,0.03694720436391994,2.954081632653061,61.84285714285714,no_simulada
153,0.035394265232974904,2.534438775510204,61.57142857142857,no_simulada
55,0.06555555555555556,0.6058673469387755,28.614285714285714,no_simulada
234,0.08678861788617906,2.177295918367347,63.285714285714285,no_simulada
176,0.03414351851851857,1.9948979591836735,61.72857142857143,no_simulada
166,0.03821969696969714,3.7448979591836737,61.871428571428574,no_simulada
211,0.04167988718491096,3.289540816326531,62.214285714285715,no_simulada
217,0.06450046253469036,3.1466836734693877,62.57142857142857,no_simulada
100,0.040727969348658986,1.524234693877551,59.2,no_simulada
127,0.03160714285714293,3.2385204081632653,61.77142857142857,no_simulada
76,0.040204678362573104,3.544642857142857,61.5,no_simulada
25,0.04220779220779221,2.8367346938775513,44.02857142857143,no_simulada
187,0.07623873873873904,4.285714285714286,60.67142857142857,no_simulada
31,0.03623076923076923,1.4732142857142858,55.285714285714285,no_simulada
206,0.046958473625140475,2.061224489795918,62.52857142857143,no_simulada
64,0.03916947250280584,3.1377551020408165,61.67142857142857,no_simulada
223,0.0424679487179486,2.8201530612244894,62.042857142857144,no_simulada
48,0.031013957307060757,1.6875,58.01428571428571,no_simulada
196,0.038165234433891054,3.2448979591836737,61.68571428571428,no_simulada
55,0.042539682539682544,2.102040816326531,30.071428571428573,no_simulada
108,0.04169823232323231,3.5306122448979593,60.84285714285714,no_simulada
139,0.03921717171717172,3.943877551020408,62.32857142857143,no_simulada
245,0.056516290726816895,2.642857142857143,62.785714285714285,no_simulada
54,0.03696338383838381,3.667091836734694,55.885714285714286,no_simulada
56,0.03100664767331434,1.8201530612244898,57.68571428571428,no_simulada
213,0.04483050847457628,4.5,62.32857142857143,no_simulada
202,0.06859542266519042,4.473214285714286,61.82857142857143,no_simulada
178,0.03880012531328338,3.034438775510204,62.114285714285714,no_simulada
156,0.03933333333333344,4.891581632653062,61.91428571428571,no_simulada
167,0.035814383923849835,2.607142857142857,61.75714285714286,no_simulada
202,0.046601731601731713,4.075255102040816,62.47142857142857,no_simulada
223,0.08265243902439058,2.193877551020408,63.44285714285714,no_simulada
42,0.03526315789473683,1.7091836734693877,43.17142857142857,no_simulada
181,0.07152678994784291,3.8826530612244903,61.142857142857146,no_simulada
237,0.04851092896174852,2.6160714285714284,62.385714285714286,no_simulada
190,0.0417624521072798,2.6160714285714284,62.05714285714286,no_simulada
58,0.03723404255319149,3.2755102040816326,60.857142857142854,no_simulada
180,0.054474982381959317,2.7385204081632653,62.3,no_simulada
128,0.04685086155674386,1.6466836734693877,61.92857142857143,no_simulada
190,0.0881461675579324,2.809948979591837,61.58571428571429,no_simulada
181,0.054316420014094625,3.607142857142857,62.1,no_simulada
73,0.032745098039215687,2.0510204081632653,61.48571428571429,no_simulada
111,0.0896825396825397,4.3813775510204085,41.75714285714286,no_simulada
27,0.030482456140350875,1.066326530612245,50.31428571428572,no_simulada
187,0.08367498514557362,1.9017857142857142,62.628571428571426,no_simulada
36,0.045454545454545456,3.4897959183673466,51.22857142857143,no_simulada
75,0.03574032176973355,2.9630102040816326,61.81428571428572,no_simulada
207,0.03865232660228261,2.330357142857143,61.8,no_simulada
206,0.03770918136589771,2.6875,61.9,no_simulada
250,0.06076298701298683,2.423469387755102,62.871428571428574,no_simulada
75,0.03831921758419037,3.5242346938775513,61.44285714285714,no_simulada
93,0.03486772486772486,1.524234693877551,61.957142857142856,no_simulada
45,0.03617724867724867,3.3826530612244903,57.31428571428572,no_simulada
153,0.0625000000000001,4.051020408163265,60.67142857142857,no_simulada
221,0.08325203252032555,2.4528061224489797,63.7,no_simulada
77,0.03401515151515152,3.289540816326531,61.44285714285714,no_simulada
225,0.041862034668939826,2.8367346938775513,61.885714285714286,no_simulada
239,0.0650138260432376,3.6326530612244894,62.57142857142857,no_simulada
195,0.04675253991291749,3.8367346938775513,62.0,no_simulada
134,0.04181910569105697,4.1772959183673475,61.17142857142857,no_simulada
60,0.040399610136452234,2.923469387755102,38.385714285714286,no_simulada
244,0.09365079365079369,1.8303571428571428,63.628571428571426,no_simulada
195,0.0393046007403491,2.9285714285714284,62.02857142857143,no_simulada
129,0.034599063505999325,2.3826530612244903,61.42857142857143,no_simulada
187,0.037218771566597544,3.667091836734694,61.72857142857143,no_simulada
42,0.03733997155049787,2.0306122448979593,60.91428571428571,no_simulada
166,0.033379511224779695,2.809948979591837,61.542857142857144,no_simulada
61,0.03483245149911817,2.1875,58.642857142857146,no_simulada
45,0.03753753753753754,2.346938775510204,58.41428571428571,no_simulada
249,0.05312386156648432,2.0867346938775513,62.48571428571429,no_simulada
180,0.04094155844155863,2.5956632653061225,62.01428571428571,no_simulada
181,0.06401259559154315,2.9630102040816326,61.42857142857143,no_simulada
99,0.03901433691756269,2.4285714285714284,60.8,no_simulada
74,0.053867102396514155,1.8915816326530612,42.957142857142856,no_simulada
139,0.04295731707317082,2.4642857142857144,61.8,no_simulada
60,0.035956252419667045,2.6377551020408165,61.97142857142857,no_simulada
44,0.034499999999999996,1.3813775510204083,57.68571428571428,no_simulada
212,0.07322812846068695,3.7142857142857144,62.871428571428574,no_simulada
77,0.037104072398190066,3.677295918367347,61.77142857142857,no_simulada
81,0.03559204440333029,4.167091836734694,61.42857142857143,no_simulada
71,0.03529411764705883,3.830357142857143,54.4,no_simulada
154,0.05090011614401873,5.218112244897959,61.05714285714286,no_simulada
128,0.03449106449106444,3.423469387755102,61.51428571428571,no_simulada
229,0.051053639846743194,2.989795918367347,62.457142857142856,no_simulada
197,0.036935096153846145,3.891581632653061,61.94285714285714,no_simulada
63,0.034038461538461545,3.1875,61.142857142857146,no_simulada
34,0.03484848484848485,1.646683673469388,26.67142857142857,no_simulada
38,0.07083333333333332,1.2487244897959184,13.585714285714285,no_simulada
179,0.04184891905480163,3.391581632653061,62.371428571428574,no_simulada
163,0.09170771756978649,3.2385204081632653,59.1,no_simulada
228,0.0676344562647754,2.830357142857143,63.142857142857146,no_simulada
143,0.04698605488079174,2.381377551020408,62.22857142857143,no_simulada
200,0.037804972804972775,2.8877551020408165,61.871428571428574,no_simulada
131,0.03497437169312169,3.4732142857142856,61.67142857142857,no_simulada
199,0.08616402116402147,2.4732142857142856,62.67142857142857,no_simulada
121,0.05681444991789813,3.0956632653061225,57.44285714285714,no_simulada
65,0.0628205128205128,1.6581632653061225,33.142857142857146,no_simulada
37,0.04151570048309179,3.1785714285714284,42.18571428571428,no_simulada
203,0.047600745399487714,3.2181122448979593,62.5,no_simulada
79,0.06187363834422656,2.0956632653061225,41.857142857142854,no_simulada
81,0.05898692810457514,2.7181122448979593,41.24285714285714,no_simulada
46,0.033923076923076924,2.381377551020408,51.371428571428574,no_simulada
76,0.03242607526881723,1.8099489795918369,59.114285714285714,no_simulada
122,0.03182349503214501,2.454081632653061,61.67142857142857,no_simulada
213,0.08144230769230812,2.7806122448979593,62.857142857142854,no_simulada
165,0.03412698412698419,3.9528061224489797,61.714285714285715,no_simulada
63,0.03611111111111113,2.963010204081633,56.642857142857146,no_simulada
224,0.08118466898954736,2.6326530612244894,63.02857142857143,no_simulada
75,0.03987556561085975,4.01530612244898,61.7,no_simulada
224,0.06347789115646263,2.7181122448979593,62.857142857142854,no_simulada
201,0.03781094527363177,2.622448979591837,61.871428571428574,no_simulada
159,0.037453007518797155,4.075255102040816,61.84285714285714,no_simulada
226,0.0839237320944639,3.311224489795918,62.67142857142857,no_simulada
224,0.08390243902439062,2.4323979591836737,62.957142857142856,no_simulada
31,0.03864734299516908,1.6785714285714286,52.08571428571429,no_simulada
54,0.035626102292768975,2.3112244897959187,56.94285714285714,no_simulada
168,0.05478658536585379,3.923469387755102,61.457142857142856,no_simulada
44,0.036379928315412174,1.8214285714285714,58.642857142857146,no_simulada
38,0.0358695652173913,2.5752551020408165,47.24285714285714,no_simulada
226,0.08145567169957439,2.5153061224489797,63.357142857142854,no_simulada
248,0.04416839199447867,1.9642857142857142,62.0,no_simulada
49,0.03562378167641324,2.4285714285714284,41.385714285714286,no_simulada
194,0.05068735827664426,2.9323979591836737,62.357142857142854,no_simulada
47,0.09523809523809522,1.1466836734693877,17.885714285714286,no_simulada
27,0.07222222222222223,0.9630102040816327,8.17142857142857,no_simulada
95,0.03245645863570396,3.239795918367347,61.84285714285714,no_simulada
164,0.03422136970730313,2.534438775510204,61.5,no_simulada
123,0.032518796992481266,2.0306122448979593,61.84285714285714,no_simulada
80,0.030776014109347417,1.346938775510204,59.785714285714285,no_simulada
147,0.07786596119929433,2.1785714285714284,59.84285714285714,no_simulada
118,0.037183673469387876,3.5153061224489797,61.42857142857143,no_simulada
68,0.046623093681917194,2.423469387755102,42.84285714285714,no_simulada
215,0.03938396254023982,2.479591836734694,61.81428571428572,no_simulada
137,0.034871412333048996,2.167091836734694,61.41428571428571,no_simulada
88,0.10015873015873016,2.2653061224489797,34.57142857142857,no_simulada
112,0.03882352941176468,3.5153061224489797,60.91428571428571,no_simulada
233,0.041882499268363835,1.7385204081632655,61.84285714285714,no_simulada
143,0.06411290322580646,2.391581632653061,60.9,no_simulada
170,0.03848484848484864,3.352040816326531,62.17142857142857,no_simulada
181,0.035850694444444484,2.177295918367347,61.8,no_simulada
69,0.03397435897435897,2.5714285714285716,53.77142857142857,no_simulada
249,0.06257575757575738,3.5969387755102042,62.81428571428572,no_simulada
201,0.05654486586494012,2.1466836734693877,63.042857142857144,no_simulada
148,0.03486085904416225,4.025510204081633,61.6,no_simulada
243,0.04518317503392108,1.9630102040816326,62.1,no_simulada
117,0.035269066976384086,3.381377551020408,61.48571428571429,no_simulada
93,0.08302696078431379,1.8724489795918369,43.1,no_simulada
189,0.053985507246377046,2.4017857142857144,62.785714285714285,no_simulada
164,0.07470012626262638,3.4081632653061225,58.68571428571428,no_simulada
58,0.038729674796747965,4.1772959183673475,61.42857142857143,no_simulada
48,0.07175925925925924,1.0752551020408163,21.914285714285715,no_simulada
127,0.03487736406619389,1.6670918367346939,62.114285714285714,no_simulada
187,0.06075119970468831,4.887755102040816,61.4,no_simulada
99,0.03374811463046764,2.1683673469387754,62.0,no_simulada
158,0.03418803418803419,1.9948979591836733,61.614285714285714,no_simulada
193,0.06429539295392983,2.8877551020408165,62.41428571428571,no_simulada
79,0.04104084321475624,1.989795918367347,51.84285714285714,no_simulada
231,0.05505050505050501,1.8928571428571428,62.714285714285715,no_simulada
224,0.0708834412580943,5.030612244897959,62.08571428571429,no_simulada
118,0.032587215164347726,2.5867346938775513,61.75714285714286,no_simulada
160,0.03461538461538461,4.575255102040816,61.642857142857146,no_simulada
123,0.034580979284369213,4.024234693877551,61.642857142857146,no_simulada
40,0.03285087719298244,1.8571428571428572,48.142857142857146,no_simulada
219,0.052166105499438856,4.258928571428571,62.25714285714286,no_simulada
233,0.051148775894538444,5.524234693877552,62.34285714285714,no_simulada
25,0.06166666666666667,0.6377551020408163,8.014285714285714,no_simulada
90,0.04078822412155748,1.8813775510204083,59.01428571428571,no_simulada
227,0.09428699955015776,2.0242346938775513,63.885714285714286,no_simulada
209,0.06489057239057272,3.0510204081632653,61.871428571428574,no_simulada
202,0.0648671096345518,2.4323979591836737,62.885714285714286,no_simulada
62,0.03550724637681158,2.830357142857143,50.0,no_simulada
229,0.06863179669030732,3.6875,62.98571428571429,no_simulada
196,0.09500891265597172,3.4948979591836737,61.58571428571429,no_simulada
85,0.03255735492577598,3.0242346938775513,61.2,no_simulada
218,0.052626368506871635,3.503826530612245,62.55714285714286,no_simulada
122,0.03378421900161037,3.1466836734693877,62.07142857142857,no_simulada
156,0.03534090909090925,2.454081632653061,62.1,no_simulada
53,0.04069444444444444,1.8201530612244898,40.82857142857143,no_simulada
173,0.04050556361877135,3.0357142857142856,62.128571428571426,no_simulada
166,0.04383503401360561,2.923469387755102,62.22857142857143,no_simulada
61,0.04047058823529413,3.2181122448979593,61.457142857142856,no_simulada
116,0.03535607262471354,2.5956632653061225,61.52857142857143,no_simulada
186,0.08176470588235316,3.122448979591837,62.25714285714286,no_simulada
132,0.037605442176870875,3.9897959183673466,61.68571428571428,no_simulada
213,0.045051626729008316,3.789540816326531,62.1,no_simulada
37,0.035897435897435895,3.167091836734694,52.57142857142857,no_simulada
95,0.03599206349206346,3.6466836734693877,59.81428571428572,no_simulada
117,0.03502354048964226,4.137755102040816,61.58571428571429,no_simulada
241,0.046410256410256194,2.3010204081632653,62.08571428571429,no_simulada
75,0.03661030595813207,3.6875,60.6,no_simulada
203,0.03971560846560844,3.1326530612244903,62.042857142857144,no_simulada
140,0.03424242424242435,2.7385204081632653,61.94285714285714,no_simulada
185,0.040313852813852996,3.142857142857143,62.18571428571428,no_simulada
216,0.042675264550264436,2.8826530612244894,61.92857142857143,no_simulada
96,0.05800865800865802,2.346938775510204,50.128571428571426,no_simulada
57,0.07373737373737373,1.6670918367346939,25.34285714285714,no_simulada
41,0.03448616600790512,2.5153061224489797,44.957142857142856,no_simulada
51,0.03916666666666667,1.8214285714285714,33.75714285714286,no_simulada
47,0.042628205128205136,1.596938775510204,30.214285714285715,no_simulada
61,0.039201680672268924,4.280612244897959,58.4,no_simulada
103,0.0339332526719097,3.3877551020408165,61.65714285714286,no_simulada
132,0.03549675863108691,3.9528061224489797,61.31428571428572,no_simulada
101,0.035410410410410376,1.738520408163265,62.05714285714286,no_simulada
181,0.039956709956710156,2.2857142857142856,62.27142857142857,no_simulada
147,0.05727866904337479,3.066326530612245,60.92857142857143,no_simulada
226,0.05013661202185776,4.204081632653061,61.84285714285714,no_simulada
101,0.032727272727272785,2.7181122448979593,61.32857142857143,no_simulada
120,0.03365209471766856,2.4081632653061225,61.65714285714286,no_simulada
135,0.05571338383838376,4.030612244897959,59.77142857142857,no_simulada
175,0.03809175920514335,4.2397959183673475,61.98571428571429,no_simulada
234,0.07509250693802022,3.704081632653061,63.02857142857143,no_simulada
219,0.09438122332859211,3.2653061224489797,63.27142857142857,no_simulada
64,0.03935399321615788,3.479591836734694,61.81428571428572,no_simulada
234,0.05278589518799903,1.6428571428571428,62.48571428571429,no_simulada
47,0.042045454545454546,2.3877551020408165,61.51428571428571,no_simulada
57,0.05467032967032968,2.0344387755102042,33.22857142857143,no_simulada
158,0.04389454209065691,4.173469387755103,61.628571428571426,no_simulada
80,0.04326690821256041,1.646683673469388,55.05714285714286,no_simulada
66,0.037142857142857165,3.4540816326530615,61.357142857142854,no_simulada
128,0.03340391207904828,4.096938775510204,61.41428571428571,no_simulada
97,0.03749999999999997,4.248724489795918,61.214285714285715,no_simulada
216,0.03978636230611635,2.830357142857143,61.77142857142857,no_simulada
42,0.0402385752688172,3.0153061224489797,57.41428571428571,no_simulada
182,0.04437590711175634,3.8201530612244894,62.357142857142854,no_simulada
222,0.061706349206349285,2.693877551020408,63.042857142857144,no_simulada
106,0.06192358366271415,1.596938775510204,56.07142857142857,no_simulada
58,0.03573124406457739,2.352040816326531,53.8,no_simulada
34,0.03476190476190477,2.1160714285714284,27.285714285714285,no_simulada
124,0.03330508474576281,2.6772959183673466,61.74285714285714,no_simulada
73,0.04187370600414079,3.4285714285714284,60.98571428571429,no_simulada
52,0.03942036645525018,3.0867346938775513,61.628571428571426,no_simulada
60,0.04225326560232221,3.881377551020408,61.457142857142856,no_simulada
75,0.032681365576102434,3.107142857142857,60.68571428571428,no_simulada
36,0.03676470588235294,1.836734693877551,59.72857142857143,no_simulada
32,0.05357142857142856,0.8303571428571429,12.614285714285714,no_simulada
245,0.04423105062920667,2.846938775510204,62.08571428571429,no_simulada
115,0.03344218674407361,3.6466836734693877,61.91428571428571,no_simulada
209,0.03716344746853961,2.1466836734693877,61.8,no_simulada
152,0.03679112554112566,3.5153061224489797,61.97142857142857,no_simulada
187,0.04208754208754228,3.2091836734693877,62.31428571428572,no_simulada
246,0.061778900112233304,3.1466836734693877,62.84285714285714,no_simulada
135,0.08925120772946853,2.667091836734694,55.02857142857143,no_simulada
184,0.03769414575866187,3.5612244897959187,61.714285714285715,no_simulada
234,0.103688708951867,4.372448979591836,62.97142857142857,no_simulada
234,0.0761191626409018,3.309948979591837,63.142857142857146,no_simulada
232,0.04711981566820259,2.4017857142857144,62.128571428571426,no_simulada
240,0.04385093167701829,3.4081632653061225,61.785714285714285,no_simulada
41,0.04253048780487805,2.9081632653061225,60.74285714285714,no_simulada
78,0.039197530864197555,2.860969387755102,61.52857142857143,no_simulada
107,0.03310884353741502,2.4528061224489797,61.7,no_simulada
100,0.045153846153846225,1.9630102040816326,56.114285714285714,no_simulada
140,0.03458368854788282,2.5752551020408165,61.34285714285714,no_simulada
107,0.03593593593593589,3.0956632653061225,61.542857142857144,no_simulada
25,0.03894927536231884,1.7448979591836735,50.128571428571426,no_simulada
96,0.035113636363636395,4.596938775510204,61.44285714285714,no_simulada
143,0.035627450980392286,3.0510204081632653,62.27142857142857,no_simulada
164,0.03815686274509815,2.5255102040816326,62.3,no_simulada
117,0.03843915343915343,2.2589285714285716,62.114285714285714,no_simulada
65,0.04270014115749143,3.872448979591837,61.31428571428572,no_simulada
245,0.06329966329966306,4.178571428571429,62.68571428571428,no_simulada
221,0.043313301282051145,2.4323979591836737,62.128571428571426,no_simulada
237,0.08196793516560968,2.346938775510204,63.41428571428571,no_simulada
30,0.03431372549019608,1.459183673469388,41.285714285714285,no_simulada
235,0.05044509078089172,4.401785714285714,62.27142857142857,no_simulada
137,0.08569230769230751,4.391581632653061,52.3,no_simulada
231,0.04497354497354488,2.4642857142857144,62.22857142857143,no_simulada
91,0.030993265993266,1.9528061224489797,61.72857142857143,no_simulada
236,0.04339665309814547,2.6683673469387754,62.18571428571428,no_simulada
71,0.07923611111111112,3.5255102040816326,28.214285714285715,no_simulada
85,0.0425889328063241,2.423469387755102,51.17142857142857,no_simulada
40,0.034384615384615375,2.6875,53.3,no_simulada
184,0.09059139784946249,1.8724489795918369,62.0,no_simulada
224,0.0955240665766984,4.45280612244898,62.214285714285715,no_simulada
119,0.03442730389191377,4.704081632653062,61.8,no_simulada
97,0.03749529190207158,2.667091836734694,61.58571428571429,no_simulada
231,0.04224831723734255,2.280612244897959,61.97142857142857,no_simulada
121,0.03665559246954597,3.9323979591836737,60.9,no_simulada
80,0.038273001508295657,5.801020408163265,61.84285714285714,no_simulada
132,0.036582491582491654,2.8367346938775513,62.01428571428571,no_simulada
150,0.05299049049049053,3.2589285714285716,59.871428571428574,no_simulada
233,0.05477234753550533,2.8010204081632653,62.08571428571429,no_simulada
225,0.10021337126600317,3.8201530612244894,63.18571428571428,no_simulada
164,0.09086206896551723,5.034438775510204,54.2,no_simulada
28,0.036684782608695655,1.6020408163265307,55.22857142857143,no_simulada
156,0.036471940009676025,3.391581632653061,62.31428571428572,no_simulada
178,0.04095911949685553,1.9323979591836733,62.31428571428572,no_simulada
122,0.03339733742959554,2.6581632653061225,61.542857142857144,no_simulada
249,0.04978238607270843,2.6581632653061225,62.385714285714286,no_simulada
198,0.08252645502645517,1.6326530612244898,63.08571428571429,no_simulada
221,0.06971819645732702,2.704081632653061,62.84285714285714,no_simulada
123,0.03523391812865507,2.3201530612244903,61.51428571428571,no_simulada
173,0.04321568627450996,3.4630102040816326,62.0,no_simulada
104,0.03187600644122384,1.5752551020408163,61.714285714285715,no_simulada
85,0.0357568027210885,3.044642857142857,61.628571428571426,no_simulada
181,0.058008130081301,1.846938775510204,63.08571428571429,no_simulada
82,0.08555555555555554,1.780612244897959,36.02857142857143,no_simulada
234,0.047827428168517365,2.5153061224489797,62.34285714285714,no_simulada
127,0.08097826086956514,2.3010204081632653,56.9,no_simulada
147,0.037642614862781476,1.0153061224489797,62.44285714285714,no_simulada
135,0.033759234132368435,3.309948979591837,61.47142857142857,no_simulada
186,0.09251336898395755,6.6875,58.92857142857143,no_simulada
162,0.04021088435374164,2.8201530612244894,62.24285714285714,no_simulada
210,0.07075489110372861,2.2806122448979593,62.75714285714286,no_simulada
216,0.09016121384542479,2.239795918367347,62.857142857142854,no_simulada
172,0.04663120567375901,3.360969387755102,62.357142857142854,no_simulada
207,0.057572399527187075,3.5956632653061225,62.24285714285714,no_simulada
208,0.060273752012882736,2.1875,62.92857142857143,no_simulada
116,0.03619375907111766,3.309948979591837,61.84285714285714,no_simulada
45,0.030483405483405477,2.003826530612245,48.7,no_simulada
59,0.07727272727272728,1.8112244897959184,25.571428571428573,no_simulada
58,0.04201178451178452,3.3877551020408165,61.18571428571428,no_simulada
163,0.03493408662900201,2.8010204081632653,61.91428571428571,no_simulada
214,0.04380236794171221,3.7142857142857144,62.15714285714286,no_simulada
219,0.059581699346405274,4.116071428571429,62.128571428571426,no_simulada
91,0.08453159041394336,2.9897959183673466,36.385714285714286,no_simulada
170,0.036581920903954984,4.075255102040816,61.98571428571429,no_simulada
81,0.05187747035573124,3.7755102040816326,46.5,no_simulada
155,0.035330261136712816,3.729591836734694,61.44285714285714,no_simulada
98,0.039074074074074094,3.4591836734693877,61.214285714285715,no_simulada
29,0.04071428571428571,2.6160714285714284,23.914285714285715,no_simulada
105,0.035819672131147604,2.4948979591836737,61.628571428571426,no_simulada
99,0.032469935245143404,2.7806122448979593,61.957142857142856,no_simulada
174,0.09348659003831422,2.6466836734693877,60.0,no_simulada
236,0.06260055304172936,4.3813775510204085,62.94285714285714,no_simulada
90,0.03840924775707379,2.7653061224489797,61.08571428571429,no_simulada
174,0.03717043314500955,2.667091836734694,62.128571428571426,no_simulada
93,0.03295068027210885,2.4183673469387754,61.957142857142856,no_simulada
69,0.04035087719298246,3.6581632653061225,61.51428571428571,no_simulada
34,0.030307017543859643,1.8915816326530612,44.214285714285715,no_simulada
166,0.03988185017596799,5.503826530612245,61.1,no_simulada
153,0.034619391025641016,4.096938775510204,61.5,no_simulada
50,0.036166007905138325,2.102040816326531,50.44285714285714,no_simulada
38,0.042652329749103934,2.5357142857142856,58.0,no_simulada
134,0.035342417889587786,2.846938775510204,62.05714285714286,no_simulada
177,0.09232974910394269,3.3877551020408165,60.6,no_simulada
175,0.048072562358276894,5.2895408163265305,61.34285714285714,no_simulada
90,0.03403019744483161,2.561224489795918,61.92857142857143,no_simulada
214,0.05047138047138054,3.0752551020408165,62.385714285714286,no_simulada
250,0.04694708276797796,2.122448979591837,62.142857142857146,no_simulada
139,0.036122757978104,2.2755102040816326,62.02857142857143,no_simulada
186,0.07126630679262282,4.479591836734694,60.785714285714285,no_simulada
243,0.048478835978835726,3.8877551020408165,62.114285714285714,no_simulada
28,0.051190476190476196,0.7385204081632654,12.428571428571429,no_simulada
81,0.0327938808373591,3.3826530612244903,61.1,no_simulada
154,0.03645480225988715,3.602040816326531,62.0,no_simulada
160,0.0404794942954056,3.003826530612245,62.17142857142857,no_simulada
214,0.06538647342995191,3.2589285714285716,62.77142857142857,no_simulada
57,0.044486215538847115,3.979591836734694,61.51428571428571,no_simulada
157,0.034965324890697966,4.544642857142857,61.58571428571429,no_simulada
242,0.04356526192566561,1.4630102040816326,61.97142857142857,no_simulada
76,0.03902597402597405,4.238520408163265,61.628571428571426,no_simulada
122,0.03876016260162601,3.7448979591836737,61.628571428571426,no_simulada
214,0.0556184012066365,2.7385204081632653,62.6,no_simulada
171,0.0347957183778079,3.607142857142857,61.7,no_simulada
69,0.06301587301587298,1.8609693877551021,34.0,no_simulada
197,0.03961000170677588,2.534438775510204,61.92857142857143,no_simulada
206,0.05124434389140291,2.830357142857143,62.32857142857143,no_simulada
145,0.03620537958773266,2.352040816326531,62.01428571428571,no_simulada
195,0.06351052048726495,2.3877551020408165,62.67142857142857,no_simulada
116,0.03624579124579128,4.044642857142857,61.142857142857146,no_simulada
187,0.04743537414966013,3.789540816326531,62.34285714285714,no_simulada
181,0.038944805194805365,3.248724489795918,62.214285714285715,no_simulada
178,0.06804304304304322,2.1683673469387754,62.885714285714286,no_simulada
224,0.07566067653276974,3.6581632653061225,62.82857142857143,no_simulada
129,0.049273989898989824,3.5752551020408165,58.75714285714286,no_simulada
74,0.033794871794871784,2.6058673469387754,55.2,no_simulada
248,0.05449908925318741,3.9897959183673466,62.44285714285714,no_simulada
220,0.04477299880525676,3.7091836734693877,61.885714285714286,no_simulada
231,0.04341527655838434,3.9528061224489797,61.98571428571429,no_simulada
108,0.03659075224292609,2.9732142857142856,61.17142857142857,no_simulada
178,0.06396761133603257,2.7385204081632653,62.67142857142857,no_simulada
247,0.045627308894572026,2.6683673469387754,61.957142857142856,no_simulada
165,0.08764367816091938,1.534438775510204,61.44285714285714,no_simulada
235,0.04586226851851833,2.6772959183673466,62.15714285714286,no_simulada
92,0.0372377622377622,4.01530612244898,61.142857142857146,no_simulada
162,0.05853353353353365,2.816326530612245,61.22857142857143,no_simulada
250,0.09872241579558644,2.066326530612245,63.97142857142857,no_simulada
25,0.035526315789473684,1.9081632653061225,45.77142857142857,no_simulada
171,0.04059627479438815,5.015306122448979,61.77142857142857,no_simulada
109,0.04965106732348105,2.6160714285714284,58.47142857142857,no_simulada
179,0.0667496443812235,3.9528061224489797,60.34285714285714,no_simulada
124,0.041904761904761875,2.6875,61.628571428571426,no_simulada
245,0.04919808201058173,3.330357142857143,62.24285714285714,no_simulada
41,0.04070112893642305,3.9948979591836737,54.57142857142857,no_simulada
248,0.05315089018156155,2.239795918367347,62.285714285714285,no_simulada
141,0.093599033816425,1.9948979591836735,59.785714285714285,no_simulada
245,0.06866666666666651,3.4323979591836737,63.128571428571426,no_simulada
41,0.03670634920634921,1.836734693877551,61.285714285714285,no_simulada
250,0.054416195856873635,2.816326530612245,62.65714285714286,no_simulada
128,0.06038587848932666,3.954081632653061,56.92857142857143,no_simulada
187,0.038423232857394705,2.4948979591836737,62.05714285714286,no_simulada
198,0.03913273400317296,2.218112244897959,62.01428571428571,no_simulada
90,0.033072009291521494,3.239795918367347,61.27142857142857,no_simulada
70,0.07927350427350426,1.5306122448979593,34.82857142857143,no_simulada
161,0.039319727891156626,3.4528061224489797,62.27142857142857,no_simulada
91,0.037041773231031506,2.5714285714285716,61.114285714285714,no_simulada
157,0.03801537386443061,3.5242346938775513,62.114285714285714,no_simulada
181,0.04733333333333356,3.5956632653061225,62.34285714285714,no_simulada
244,0.07066013071895402,3.4732142857142856,62.857142857142854,no_simulada
194,0.08568627450980419,2.248724489795918,63.25714285714286,no_simulada
178,0.03941102756892252,2.177295918367347,62.17142857142857,no_simulada
230,0.04738009899300213,4.086734693877551,62.22857142857143,no_simulada
198,0.05759259259259288,4.637755102040816,62.2,no_simulada
165,0.034438050582551796,2.1058673469387754,61.5,no_simulada
173,0.038565162907268344,4.3813775510204085,62.18571428571428,no_simulada
122,0.03584967320261451,4.330357142857143,61.785714285714285,no_simulada
207,0.09079079079079126,4.177295918367347,62.01428571428571,no_simulada
116,0.034170692431562025,2.3367346938775513,61.98571428571429,no_simulada
43,0.06407407407407409,1.4732142857142858,17.32857142857143,no_simulada
230,0.06990248226950345,3.9323979591836737,62.94285714285714,no_simulada
49,0.034620098039215695,2.289540816326531,34.58571428571429,no_simulada
250,0.04460317460317429,3.3201530612244894,61.97142857142857,no_simulada
245,0.05257741347905263,2.330357142857143,62.385714285714286,no_simulada
75,0.0412532923617208,3.044642857142857,61.114285714285714,no_simulada
25,0.039473684210526314,2.418367346938776,33.457142857142856,no_simulada
183,0.07718253968253991,3.044642857142857,61.72857142857143,no_simulada
107,0.0336947278911565,2.816326530612245,61.97142857142857,no_simulada
51,0.03678587494376969,2.9323979591836737,61.18571428571428,no_simulada
221,0.07569213732004453,2.311224489795918,62.714285714285715,no_simulada
202,0.0685954226651905,3.0867346938775513,62.957142857142856,no_simulada
87,0.03615845959595958,4.551020408163265,57.94285714285714,no_simulada
39,0.034999999999999996,2.248724489795918,59.52857142857143,no_simulada
210,0.05837585034013625,3.346938775510204,62.5,no_simulada
36,0.041666666666666664,2.9183673469387754,58.65714285714286,no_simulada
244,0.0942702284165699,2.044642857142857,63.44285714285714,no_simulada
95,0.056093544137022416,2.9948979591836733,51.2,no_simulada
66,0.038603988603988594,3.0969387755102042,55.114285714285714,no_simulada
203,0.09299719887955213,2.075255102040816,62.785714285714285,no_simulada
106,0.03421247044917264,4.044642857142857,61.91428571428571,no_simulada
195,0.037980551786521884,3.3201530612244894,61.785714285714285,no_simulada
45,0.03928571428571427,3.566326530612245,57.65714285714286,no_simulada
92,0.04116487455197132,3.830357142857143,57.114285714285714,no_simulada
51,0.04116161616161616,3.102040816326531,59.52857142857143,no_simulada
84,0.07702205882352944,2.5752551020408165,37.58571428571429,no_simulada
121,0.04533068783068783,4.6875,61.51428571428571,no_simulada
139,0.055950126262626194,2.346938775510204,61.82857142857143,no_simulada
76,0.04066393582522615,3.693877551020408,61.27142857142857,no_simulada
145,0.05450980392156862,3.1377551020408165,61.27142857142857,no_simulada
153,0.09183285849952492,3.034438775510204,56.285714285714285,no_simulada
183,0.07583333333333343,4.137755102040816,61.871428571428574,no_simulada
188,0.03637396987780615,2.4285714285714284,61.81428571428572,no_simulada
242,0.04969704727769226,3.443877551020408,62.18571428571428,no_simulada
121,0.034326904344438025,4.432397959183674,61.58571428571429,no_simulada
52,0.031180555555555566,1.024234693877551,41.47142857142857,no_simulada
38,0.029148629148629146,1.2040816326530612,51.27142857142857,no_simulada
227,0.05482762636850687,2.2385204081632653,62.542857142857144,no_simulada
48,0.039878048780487806,1.7385204081632655,61.18571428571428,no_simulada
185,0.03968073593073611,1.8099489795918369,62.32857142857143,no_simulada
217,0.06214539007092211,2.1785714285714284,63.08571428571429,no_simulada
237,0.05262149626940899,3.3201530612244894,62.58571428571429,no_simulada
238,0.05678780284043426,3.5242346938775513,62.385714285714286,no_simulada
224,0.04174603174603155,3.9081632653061225,61.542857142857144,no_simulada
112,0.04027217741935479,2.6326530612244894,59.7,no_simulada
100,0.03994252873563214,2.739795918367347,58.34285714285714,no_simulada
41,0.038734567901234564,2.122448979591837,56.142857142857146,no_simulada
188,0.0448969331322275,2.8201530612244894,62.214285714285715,no_simulada
206,0.05293877551020439,1.9438775510204083,62.871428571428574,no_simulada
48,0.09523809523809525,1.0612244897959184,17.785714285714285,no_simulada
55,0.035483870967741936,3.25,56.457142857142856,no_simulada
39,0.027579365079365075,0.7806122448979592,53.55714285714286,no_simulada
97,0.037576121794871756,2.7385204081632653,61.4,no_simulada
125,0.035418943533697726,2.9732142857142856,61.67142857142857,no_simulada
152,0.03628758169934655,1.9528061224489797,62.371428571428574,no_simulada
214,0.0643236714975848,1.9323979591836735,63.07142857142857,no_simulada
136,0.034775156281508506,2.9081632653061225,61.91428571428571,no_simulada
249,0.05170104001410167,2.248724489795918,62.42857142857143,no_simulada
77,0.05487329434697853,3.7397959183673466,35.92857142857143,no_simulada
238,0.0586756453423119,2.8201530612244894,62.357142857142854,no_simulada
176,0.04904040404040419,3.3877551020408165,62.34285714285714,no_simulada
222,0.0520520050125312,2.693877551020408,62.214285714285715,no_simulada
112,0.05550807217473879,2.677295918367347,53.47142857142857,no_simulada
87,0.03926767676767676,3.789540816326531,58.542857142857144,no_simulada
228,0.07242351046698886,2.6772959183673466,62.92857142857143,no_simulada
172,0.04045098039215704,2.0510204081632653,62.07142857142857,no_simulada
155,0.05513276434329075,3.5242346938775513,60.785714285714285,no_simulada
114,0.055840455840455765,2.003826530612245,59.41428571428571,no_simulada
174,0.037886064030131894,3.668367346938776,61.614285714285714,no_simulada
169,0.03509837962962966,3.0956632653061225,61.457142857142856,no_simulada
179,0.07785714285714311,3.0153061224489797,61.114285714285714,no_simulada
75,0.036830514446793555,3.8201530612244894,59.7,no_simulada
108,0.07956140350877201,1.7487244897959184,50.72857142857143,no_simulada
214,0.06649831649831686,2.0255102040816326,63.27142857142857,no_simulada
142,0.0802469135802467,2.289540816326531,57.91428571428571,no_simulada
216,0.042704326923076796,2.346938775510204,61.885714285714286,no_simulada
72,0.04124040920716113,3.7653061224489797,60.92857142857143,no_simulada
126,0.038835470085470065,3.602040816326531,61.92857142857143,no_simulada
211,0.04217443249701313,4.524234693877551,62.01428571428571,no_simulada
31,0.037132352941176464,2.248724489795918,28.17142857142857,no_simulada
118,0.042725134408602115,2.3915816326530615,60.542857142857144,no_simulada
240,0.08301346801346801,4.408163265306123,63.042857142857144,no_simulada
168,0.038695697577276686,3.2653061224489797,62.08571428571429,no_simulada
105,0.03282786885245905,2.5242346938775513,61.48571428571429,no_simulada
33,0.04665242165242165,4.238520408163265,47.128571428571426,no_simulada
35,0.07142857142857142,0.9017857142857143,13.285714285714286,no_simulada
135,0.03323934837092741,3.1326530612244894,61.871428571428574,no_simulada
71,0.035569105691056875,2.8826530612244894,60.614285714285714,no_simulada
238,0.09450203252032528,2.748724489795918,63.44285714285714,no_simulada
170,0.05998103366524432,3.452806122448979,61.52857142857143,no_simulada
136,0.04366998577524896,2.7181122448979593,61.98571428571429,no_simulada
28,0.06166666666666667,0.5,9.457142857142857,no_simulada
66,0.036544011544011525,2.607142857142857,45.22857142857143,no_simulada
78,0.03266384778012685,2.5357142857142856,60.67142857142857,no_simulada
145,0.03684859697810677,2.872448979591837,61.94285714285714,no_simulada
86,0.03429894179894183,2.3915816326530615,61.25714285714286,no_simulada
226,0.0462664783427495,2.423469387755102,62.385714285714286,no_simulada
183,0.06351495726495746,2.4017857142857144,62.542857142857144,no_simulada
109,0.03380503144654096,3.3201530612244894,61.871428571428574,no_simulada
192,0.03747106481481484,3.2857142857142856,61.77142857142857,no_simulada
110,0.049425287356321804,2.9183673469387754,55.128571428571426,no_simulada
174,0.03982351712614891,5.360969387755103,60.67142857142857,no_simulada
219,0.05216610549943884,4.146683673469388,62.48571428571429,no_simulada
216,0.03968253968253951,1.9081632653061225,61.77142857142857,no_simulada
189,0.04112012987013006,2.6772959183673466,62.18571428571428,no_simulada
215,0.039109121909633275,4.167091836734694,61.857142857142854,no_simulada
70,0.034683794466403156,1.7295918367346939,52.31428571428572,no_simulada
228,0.10075865339023261,2.5510204081632653,63.74285714285714,no_simulada
203,0.07424145299145332,2.107142857142857,63.114285714285714,no_simulada
145,0.039901004728132516,4.901785714285714,61.74285714285714,no_simulada
106,0.04796798029556645,2.9017857142857144,54.885714285714286,no_simulada
61,0.03343413978494623,2.8826530612244903,56.98571428571429,no_simulada
196,0.03646277351520306,3.1875,61.6,no_simulada
250,0.06526366715045931,1.9732142857142858,63.142857142857146,no_simulada
200,0.04058092948717936,3.6466836734693877,61.84285714285714,no_simulada
211,0.05991366019118132,2.4642857142857144,63.17142857142857,no_simulada
238,0.06592508798391132,4.346938775510204,62.65714285714286,no_simulada
210,0.03785166240409197,2.852040816326531,61.84285714285714,no_simulada
87,0.03369565217391306,3.034438775510204,61.92857142857143,no_simulada
173,0.03425080128205132,2.9630102040816326,61.67142857142857,no_simulada
62,0.03817829457364343,3.544642857142857,61.55714285714286,no_simulada
53,0.03812233285917498,2.677295918367347,59.52857142857143,no_simulada
130,0.03846544715447155,2.167091836734694,62.114285714285714,no_simulada
47,0.039731182795698934,4.534438775510204,50.75714285714286,no_simulada
105,0.04026819923371643,2.4081632653061225,57.614285714285714,no_simulada
246,0.06840120663650062,2.75,63.2,no_simulada
123,0.03348316587343566,3.4017857142857144,61.6,no_simulada
54,0.03517316017316015,3.2385204081632653,39.57142857142857,no_simulada
41,0.039492753623188416,2.534438775510204,49.114285714285714,no_simulada
57,0.03945035460992908,3.5510204081632653,61.47142857142857,no_simulada
86,0.03353636028054634,3.8201530612244894,60.51428571428571,no_simulada
238,0.046577380952380745,2.107142857142857,62.07142857142857,no_simulada
198,0.05367063492063521,2.860969387755102,62.58571428571429,no_simulada
239,0.05409860859044153,2.667091836734694,62.48571428571429,no_simulada
183,0.03952185792349736,4.765306122448979,61.871428571428574,no_simulada
104,0.0337591947348045,3.1581632653061225,61.642857142857146,no_simulada
56,0.03462566844919787,1.7091836734693877,60.91428571428571,no_simulada
46,0.03981481481481481,2.8112244897959187,60.44285714285714,no_simulada
109,0.033467272303750344,2.6058673469387754,61.44285714285714,no_simulada
102,0.05253846153846151,3.4591836734693877,48.785714285714285,no_simulada
85,0.04904761904761905,1.8877551020408165,49.47142857142857,no_simulada
189,0.03563998190863856,2.6466836734693877,61.614285714285714,no_simulada
45,0.03976190476190475,3.1466836734693873,43.27142857142857,no_simulada
85,0.03589901477832514,2.239795918367347,60.114285714285714,no_simulada
116,0.06908333333333325,3.1772959183673466,52.98571428571429,no_simulada
249,0.05723432143577308,2.7653061224489797,62.57142857142857,no_simulada
209,0.041803278688524535,4.238520408163265,62.02857142857143,no_simulada
115,0.033248669569424356,3.2091836734693877,61.9,no_simulada
50,0.04174375578168363,4.204081632653061,61.55714285714286,no_simulada
245,0.05578609000584433,3.6683673469387754,62.68571428571428,no_simulada
190,0.07571123755334307,3.423469387755102,62.52857142857143,no_simulada
210,0.056040816326530817,2.9642857142857144,62.67142857142857,no_simulada
46,0.031916996047430826,2.1466836734693877,47.8,no_simulada
128,0.04928977272727267,1.9630102040816326,60.48571428571429,no_simulada
73,0.03924836601307192,3.3877551020408165,61.08571428571429,no_simulada
178,0.038663419913420094,2.5956632653061225,62.15714285714286,no_simulada
180,0.049329324699352646,4.2895408163265305,61.75714285714286,no_simulada
74,0.03468660968660967,2.9285714285714284,51.371428571428574,no_simulada
88,0.09523809523809522,1.836734693877551,37.58571428571429,no_simulada
83,0.03656176122931446,4.432397959183674,61.51428571428571,no_simulada
238,0.07980639730639734,2.044642857142857,63.51428571428571,no_simulada
108,0.034480431848852904,2.7653061224489797,61.6,no_simulada
132,0.056754032258064434,2.7487244897959187,59.74285714285714,no_simulada
31,0.02474747474747475,1.4528061224489797,24.271428571428572,no_simulada
192,0.038756613756613725,3.5242346938775513,61.857142857142854,no_simulada
172,0.050202020202020414,3.918367346938776,61.857142857142854,no_simulada
241,0.06920351473922899,1.6683673469387756,63.31428571428572,no_simulada
30,0.043411330049261086,3.3367346938775513,51.67142857142857,no_simulada
80,0.038520183324519626,4.248724489795918,61.457142857142856,no_simulada
238,0.05195856873822968,2.809948979591837,62.24285714285714,no_simulada
98,0.03363929146537846,3.693877551020408,60.7,no_simulada
120,0.06310256410256408,2.5752551020408165,57.52857142857143,no_simulada
30,0.03968253968253968,2.0969387755102042,44.385714285714286,no_simulada
136,0.03392184557438806,3.0956632653061225,61.785714285714285,no_simulada
217,0.10135135135135177,5.122448979591837,62.67142857142857,no_simulada
198,0.04441311612364251,3.729591836734694,62.31428571428572,no_simulada
155,0.07645161290322591,3.003826530612245,60.2,no_simulada
199,0.04514610389610395,3.667091836734694,62.285714285714285,no_simulada
72,0.034830866807611,3.173469387755102,61.6,no_simulada
112,0.06651570048309177,3.229591836734694,48.75714285714286,no_simulada
182,0.03872881355932213,4.167091836734694,62.042857142857144,no_simulada
166,0.05581421502474151,1.846938775510204,62.542857142857144,no_simulada
250,0.05463666471848798,1.2895408163265307,62.68571428571428,no_simulada
182,0.043108866442199974,3.503826530612245,62.22857142857143,no_simulada
98,0.034908925318761434,3.5,61.58571428571429,no_simulada
239,0.05386670699737833,2.7091836734693877,62.6,no_simulada
58,0.11851851851851854,2.352040816326531,17.228571428571428,no_simulada
88,0.04423234811165843,4.248724489795918,50.15714285714286,no_simulada
91,0.03392276422764227,3.4528061224489797,61.82857142857143,no_simulada
158,0.07456317204301084,3.066326530612245,58.82857142857143,no_simulada
104,0.03500774293457216,3.667091836734694,60.5,no_simulada
217,0.05897108843537434,2.1466836734693877,63.128571428571426,no_simulada
205,0.04096516007532958,2.4323979591836737,62.24285714285714,no_simulada
200,0.053585600907029775,3.534438775510204,62.785714285714285,no_simulada
106,0.03529411764705879,1.9528061224489797,61.84285714285714,no_simulada
230,0.05342000835421883,3.1058673469387754,62.25714285714286,no_simulada
237,0.05704545454545439,2.4528061224489797,62.58571428571429,no_simulada
108,0.03361977789529357,2.5255102040816326,61.6,no_simulada
208,0.041635818790763265,3.566326530612245,62.128571428571426,no_simulada
126,0.07635897435897428,4.218112244897959,47.92857142857143,no_simulada
59,0.030681818181818175,2.289540816326531,59.785714285714285,no_simulada
83,0.0327385620915033,2.1785714285714284,61.9,no_simulada
85,0.03584274952919024,1.6683673469387756,61.55714285714286,no_simulada
110,0.0347347913524385,1.8813775510204083,61.9,no_simulada
168,0.04638888888888902,2.673469387755102,62.385714285714286,no_simulada
40,0.03611111111111112,3.289540816326531,43.17142857142857,no_simulada
239,0.05243522306643273,3.2857142857142856,62.34285714285714,no_simulada
202,0.045095398428731934,1.3571428571428572,62.22857142857143,no_simulada
160,0.033404376243250856,3.8214285714285716,61.48571428571429,no_simulada
212,0.060129251700680446,4.82015306122449,62.371428571428574,no_simulada
190,0.04194036804099718,2.2806122448979593,62.385714285714286,no_simulada
235,0.041112531969309224,1.4948979591836733,61.857142857142854,no_simulada
124,0.06753846153846142,2.1160714285714284,57.82857142857143,no_simulada
141,0.03699506629663896,3.860969387755102,62.0,no_simulada
84,0.037766683734425634,2.003826530612245,61.41428571428571,no_simulada
44,0.0370967741935484,2.372448979591837,61.0,no_simulada
200,0.03745686680469271,2.923469387755102,61.67142857142857,no_simulada
201,0.09789067142008342,2.7397959183673466,62.92857142857143,no_simulada
92,0.03672923262475499,3.061224489795918,61.214285714285715,no_simulada
109,0.06427777777777767,3.2589285714285716,52.6,no_simulada
186,0.06691408007197501,3.7397959183673466,60.77142857142857,no_simulada
116,0.034116541353383545,3.6326530612244894,61.82857142857143,no_simulada
36,0.03891941391941393,1.1670918367346939,33.77142857142857,no_simulada
146,0.06145833333333325,2.860969387755102,58.042857142857144,no_simulada
72,0.036314138058324105,4.887755102040816,61.5,no_simulada
107,0.05948067632850243,1.3813775510204083,55.957142857142856,no_simulada
192,0.03643181153058228,4.003826530612245,61.714285714285715,no_simulada
249,0.06607591754650553,2.525510204081633,63.07142857142857,no_simulada
75,0.08611111111111112,2.4732142857142856,32.42857142857143,no_simulada
71,0.03548411964230652,2.167091836734694,61.9,no_simulada
154,0.033714063714063706,3.7142857142857144,61.5,no_simulada
102,0.0359426229508197,2.1377551020408165,61.614285714285714,no_simulada
170,0.039861402282786104,4.887755102040816,61.642857142857146,no_simulada
230,0.07129201356768422,1.718112244897959,63.128571428571426,no_simulada
131,0.0345816798941799,4.238520408163265,61.542857142857144,no_simulada
165,0.041130910784998975,3.003826530612245,61.957142857142856,no_simulada
49,0.10185185185185189,2.0752551020408165,14.628571428571428,no_simulada
122,0.03712560386473438,3.248724489795918,61.857142857142854,no_simulada
40,0.03915384615384615,2.2589285714285716,52.05714285714286,no_simulada
245,0.04540931705110788,1.9323979591836733,62.24285714285714,no_simulada
173,0.03414423740510684,3.4017857142857144,61.47142857142857,no_simulada
45,0.03608374384236454,1.860969387755102,58.34285714285714,no_simulada
204,0.043538251366120155,3.989795918367347,62.042857142857144,no_simulada
62,0.05541666666666664,1.6326530612244898,38.8,no_simulada
84,0.03914252268071406,3.2397959183673466,61.114285714285714,no_simulada
78,0.03484030589293749,2.979591836734694,61.285714285714285,no_simulada
32,0.041749999999999995,2.4528061224489797,51.0,no_simulada
158,0.03452057892356395,1.7895408163265305,61.542857142857144,no_simulada
91,0.03747645951035782,2.239795918367347,61.57142857142857,no_simulada
161,0.03489169973544979,2.289540816326531,61.72857142857143,no_simulada
203,0.07978899952584195,1.6670918367346939,63.17142857142857,no_simulada
54,0.04326530612244898,5.479591836734693,61.128571428571426,no_simulada
155,0.03508413461538462,2.248724489795918,61.67142857142857,no_simulada
172,0.07782512626262633,2.443877551020408,61.5,no_simulada
88,0.0976190476190476,2.0510204081632653,37.871428571428574,no_simulada
39,0.03426932367149758,1.6071428571428572,53.285714285714285,no_simulada
131,0.047601010101010026,1.5956632653061225,62.01428571428571,no_simulada
84,0.038402457757296435,4.2397959183673475,61.0,no_simulada
245,0.05528930450029206,3.6058673469387754,62.44285714285714,no_simulada
223,0.04741996233521646,3.479591836734694,62.15714285714286,no_simulada
44,0.035307692307692304,2.1875,52.47142857142857,no_simulada
139,0.042431281455671765,2.789540816326531,62.27142857142857,no_simulada
111,0.03452861952861951,2.6772959183673466,62.22857142857143,no_simulada
124,0.034927536231884104,2.860969387755102,62.25714285714286,no_simulada
127,0.03696023212152245,3.607142857142857,61.628571428571426,no_simulada
92,0.035648148148148144,3.289540816326531,61.15714285714286,no_simulada
184,0.08989898989899012,3.6466836734693877,60.72857142857143,no_simulada
86,0.03713605442176874,4.775510204081633,61.3,no_simulada
107,0.03522617319787142,2.391581632653061,62.0,no_simulada
95,0.03946360153256702,2.0255102040816326,58.98571428571429,no_simulada
155,0.056956956956956996,3.1581632653061225,60.57142857142857,no_simulada
72,0.035693027210884375,1.9323979591836733,61.885714285714286,no_simulada
150,0.048200629779577224,2.846938775510204,60.2,no_simulada
213,0.0637064446500156,3.9183673469387754,62.65714285714286,no_simulada
154,0.037817059483726274,5.32015306122449,61.714285714285715,no_simulada
128,0.03672525439407966,4.561224489795918,62.3,no_simulada
197,0.04400062656641615,4.392857142857143,62.114285714285714,no_simulada
189,0.03710613598673288,5.244897959183674,61.7,no_simulada
54,0.03467741935483871,2.0344387755102042,59.714285714285715,no_simulada
27,0.041666666666666664,1.9897959183673468,17.428571428571427,no_simulada
77,0.032809829059829036,3.4528061224489797,59.871428571428574,no_simulada
49,0.03662873399715505,2.816326530612245,61.01428571428571,no_simulada
230,0.09806567701304571,2.846938775510204,63.44285714285714,no_simulada
123,0.038157894736842106,2.423469387755102,61.52857142857143,no_simulada
25,0.047348484848484855,1.9732142857142858,18.357142857142858,no_simulada
197,0.06973290598290624,3.248724489795918,62.371428571428574,no_simulada
233,0.04501074735449719,2.173469387755102,62.042857142857144,no_simulada
131,0.06076628352490411,2.9540816326530615,57.91428571428571,no_simulada
210,0.05111877116594112,3.5752551020408165,62.55714285714286,no_simulada
129,0.034431524547803585,2.830357142857143,62.02857142857143,no_simulada
220,0.06648148148148172,2.177295918367347,63.128571428571426,no_simulada
145,0.05112612612612619,3.2653061224489797,62.17142857142857,no_simulada
37,0.033819444444444444,1.8915816326530612,35.0,no_simulada
206,0.04306935515293207,2.309948979591837,62.22857142857143,no_simulada
79,0.038651945956846186,2.3214285714285716,61.542857142857144,no_simulada
166,0.03513971560846564,3.066326530612245,61.75714285714286,no_simulada
67,0.04128605769230769,2.4897959183673466,61.17142857142857,no_simulada
224,0.05334956709956698,2.0255102040816326,62.25714285714286,no_simulada
189,0.03643892339544502,2.789540816326531,61.55714285714286,no_simulada
115,0.03434637068357997,3.846938775510204,61.4,no_simulada
61,0.03506613756613755,2.003826530612245,61.1,no_simulada
28,0.03287037037037037,1.1058673469387754,17.84285714285714,no_simulada
28,0.13666666666666666,1.1428571428571428,6.357142857142857,no_simulada
225,0.049832915622389264,3.034438775510204,62.42857142857143,no_simulada
56,0.038611111111111124,4.668367346938775,53.57142857142857,no_simulada
136,0.06603037766830865,2.1683673469387754,59.457142857142856,no_simulada
42,0.031188725490196082,1.3915816326530612,41.97142857142857,no_simulada
135,0.03376466528640432,2.3214285714285716,61.32857142857143,no_simulada
54,0.07136363636363638,1.4528061224489797,25.771428571428572,no_simulada
207,0.05969781066913382,3.003826530612245,62.785714285714285,no_simulada
37,0.034375,1.586734693877551,35.9,no_simulada
40,0.030303030303030293,2.25,51.142857142857146,no_simulada
135,0.03768886833179164,4.432397959183674,61.57142857142857,no_simulada
46,0.03880070546737213,4.1938775510204085,47.98571428571429,no_simulada
141,0.04808558558558553,3.739795918367347,60.02857142857143,no_simulada
249,0.046385496758630795,2.167091836734694,62.0,no_simulada
229,0.046242559523809325,3.2755102040816326,62.02857142857143,no_simulada
66,0.04580610021786492,1.6058673469387756,43.142857142857146,no_simulada
189,0.04479922593130163,2.6581632653061225,62.44285714285714,no_simulada
57,0.03840579710144928,4.816326530612245,61.42857142857143,no_simulada
48,0.04081868640148011,3.561224489795918,60.98571428571429,no_simulada
214,0.04794313369630975,3.346938775510204,62.51428571428571,no_simulada
180,0.044810457516340045,3.289540816326531,62.457142857142856,no_simulada
84,0.03626823793490465,2.9528061224489797,61.785714285714285,no_simulada
206,0.07468495934959386,4.061224489795918,61.91428571428571,no_simulada
89,0.04733333333333334,3.2653061224489797,53.128571428571426,no_simulada
148,0.053941798941798964,2.7857142857142856,61.68571428571428,no_simulada
87,0.05583333333333336,3.0752551020408165,45.5,no_simulada
198,0.041680790960451956,3.4183673469387754,62.02857142857143,no_simulada
133,0.03522598870056508,3.034438775510204,61.75714285714286,no_simulada
36,0.03848522167487685,3.0510204081632653,53.22857142857143,no_simulada
171,0.0920306513409961,3.0752551020408165,57.42857142857143,no_simulada
114,0.035733643050716274,2.5242346938775513,61.542857142857144,no_simulada
238,0.051167608286252185,2.2589285714285716,62.57142857142857,no_simulada
97,0.03625730994152051,2.4630102040816326,61.642857142857146,no_simulada
133,0.033298043960476,5.044642857142857,61.714285714285715,no_simulada
39,0.07619047619047617,0.8099489795918368,14.32857142857143,no_simulada
199,0.03819711538461534,3.173469387755102,61.97142857142857,no_simulada
240,0.05905303030303011,5.330357142857143,62.628571428571426,no_simulada
172,0.04277551020408176,3.1377551020408165,61.84285714285714,no_simulada
82,0.035822664770033194,4.229591836734694,59.01428571428571,no_simulada
174,0.03445225916453528,1.2895408163265305,61.67142857142857,no_simulada
42,0.03854723707664884,3.167091836734694,57.542857142857144,no_simulada
40,0.0688888888888889,2.7589285714285716,13.742857142857142,no_simulada
181,0.060447154471544924,3.561224489795918,62.957142857142856,no_simulada
144,0.07372742200328394,2.503826530612245,59.9,no_simulada
61,0.040587419056429236,3.454081632653061,61.52857142857143,no_simulada
235,0.04471758852794825,3.891581632653061,61.98571428571429,no_simulada
189,0.05883167220376548,2.75,62.642857142857146,no_simulada
29,0.04861111111111111,1.3010204081632655,13.557142857142857,no_simulada
98,0.08762254901960788,1.7448979591836735,48.885714285714286,no_simulada
174,0.040690235690235825,1.5752551020408163,62.128571428571426,no_simulada
58,0.03432857991681521,2.4285714285714284,60.42857142857143,no_simulada
144,0.09311111111111096,2.2589285714285716,57.5,no_simulada
93,0.03399470899470898,2.8214285714285716,61.542857142857144,no_simulada
235,0.07277983348751149,2.330357142857143,63.32857142857143,no_simulada
83,0.03568017703237831,3.4948979591836737,61.55714285714286,no_simulada
140,0.1043478260869563,4.642857142857143,51.84285714285714,no_simulada
59,0.04305555555555555,1.459183673469388,37.91428571428571,no_simulada
190,0.03639022435897433,4.025510204081633,61.7,no_simulada
54,0.03390681003584229,1.7895408163265305,59.371428571428574,no_simulada
138,0.033487863711744274,3.1772959183673466,61.42857142857143,no_simulada
72,0.03314176245210729,1.2487244897959184,60.84285714285714,no_simulada
231,0.07980091613812551,2.9642857142857144,63.214285714285715,no_simulada
185,0.08415032679738586,2.561224489795918,62.42857142857143,no_simulada
190,0.05046768707483021,3.7181122448979593,62.32857142857143,no_simulada
74,0.038273400317292434,2.5510204081632653,61.34285714285714,no_simulada
119,0.033727839470095534,2.4528061224489797,61.75714285714286,no_simulada
214,0.048119580560596856,4.744897959183674,62.2,no_simulada
162,0.04171626984126995,2.607142857142857,62.05714285714286,no_simulada
153,0.04815040650406518,3.463010204081633,60.72857142857143,no_simulada
69,0.04189401455026455,4.525510204081632,61.22857142857143,no_simulada
75,0.040501792114695324,3.248724489795918,61.3,no_simulada
241,0.056009276063722385,4.309948979591836,62.58571428571429,no_simulada
184,0.041846240179573696,2.4081632653061225,62.25714285714286,no_simulada
74,0.03457661290322581,2.9081632653061225,60.18571428571428,no_simulada
196,0.09246880570410008,2.391581632653061,62.15714285714286,no_simulada
80,0.03632275132275133,3.309948979591837,59.114285714285714,no_simulada
47,0.03415384615384614,1.8112244897959184,56.285714285714285,no_simulada
230,0.07894644115574359,2.391581632653061,63.32857142857143,no_simulada
174,0.035929232804232825,2.5956632653061225,61.72857142857143,no_simulada
184,0.048852040816326776,3.534438775510204,61.871428571428574,no_simulada
232,0.04342948717948706,2.2755102040816326,62.1,no_simulada
211,0.08017276422764266,4.432397959183674,62.75714285714286,no_simulada
55,0.03431034482758621,2.309948979591837,57.52857142857143,no_simulada
150,0.03452811699080351,3.5,61.41428571428571,no_simulada
115,0.03161848072562365,2.602040816326531,62.15714285714286,no_simulada
111,0.06966403162055342,2.4897959183673466,50.957142857142856,no_simulada
109,0.0482348111658456,3.289540816326531,55.6,no_simulada
155,0.05971988795518212,2.0510204081632653,62.214285714285715,no_simulada
220,0.041915422885571985,1.7487244897959184,61.74285714285714,no_simulada
176,0.05888211382113845,2.391581632653061,62.92857142857143,no_simulada
73,0.030413510101010094,2.5510204081632653,60.32857142857143,no_simulada
137,0.0748575498575497,2.4285714285714284,57.01428571428571,no_simulada
98,0.0344312169312169,3.239795918367347,59.42857142857143,no_simulada
26,0.03839869281045752,1.8010204081632655,43.5,no_simulada
176,0.04135802469135822,3.4528061224489797,62.25714285714286,no_simulada
242,0.0834848484848484,3.096938775510204,63.24285714285714,no_simulada
125,0.06114532019704424,3.2653061224489797,54.34285714285714,no_simulada
91,0.03524431543299474,5.024234693877551,61.84285714285714,no_simulada
162,0.04660774410774426,2.0956632653061225,62.371428571428574,no_simulada
106,0.03263187429854103,3.2181122448979593,61.857142857142854,no_simulada
139,0.04745838956365277,4.024234693877551,60.457142857142856,no_simulada
177,0.035324361628709305,4.248724489795919,61.628571428571426,no_simulada
156,0.09743589743589723,1.6734693877551021,61.385714285714286,no_simulada
120,0.03453768453768448,2.704081632653061,61.357142857142854,no_simulada
200,0.07675438596491262,2.872448979591837,63.18571428571428,no_simulada
25,0.04333333333333333,0.423469387755102,9.5,no_simulada
110,0.034619131112409975,3.479591836734694,61.75714285714286,no_simulada
137,0.0357456140350878,5.173469387755103,61.2,no_simulada
99,0.037275641025641036,5.336734693877551,59.81428571428572,no_simulada
80,0.053769841269841266,3.3201530612244903,40.58571428571429,no_simulada
163,0.03699352548036776,3.809948979591837,62.0,no_simulada
96,0.03709401709401705,3.6581632653061225,61.31428571428572,no_simulada
91,0.0635714285714286,2.9323979591836737,45.542857142857144,no_simulada
232,0.052878604557370326,3.096938775510204,62.542857142857144,no_simulada
225,0.054105520614954564,2.13265306122449,62.6,no_simulada
138,0.041611295681063164,2.503826530612245,60.81428571428572,no_simulada
161,0.032892628205128234,2.248724489795918,61.65714285714286,no_simulada
46,0.03217948717948719,2.622448979591837,52.75714285714286,no_simulada
221,0.06393140589569157,4.503826530612245,62.6,no_simulada
177,0.04611564625850358,4.551020408163265,62.128571428571426,no_simulada
141,0.03488236664337309,3.0612244897959187,62.05714285714286,no_simulada
170,0.03327846063798649,2.2181122448979593,61.51428571428571,no_simulada
203,0.05173202614379107,3.391581632653061,62.114285714285714,no_simulada
230,0.05374298540965202,2.9017857142857144,62.714285714285715,no_simulada
174,0.0828756313131314,4.534438775510204,59.68571428571428,no_simulada
205,0.04391510385158306,3.860969387755102,62.42857142857143,no_simulada
226,0.06685168054270754,1.989795918367347,63.22857142857143,no_simulada
39,0.042112299465240643,2.852040816326531,58.542857142857144,no_simulada
243,0.04395668715247273,1.9234693877551021,61.957142857142856,no_simulada
142,0.04198966408268742,3.4948979591836737,60.92857142857143,no_simulada
217,0.056633986928104715,3.5510204081632653,62.82857142857143,no_simulada
161,0.037792207792207946,3.289540816326531,62.01428571428571,no_simulada
131,0.03933227625088099,5.0,61.7,no_simulada
53,0.035163139329806,2.525510204081633,53.714285714285715,no_simulada
60,0.03256704980842913,2.7448979591836737,57.27142857142857,no_simulada
74,0.04486842105263157,1.6466836734693877,49.785714285714285,no_simulada
47,0.034222661396574434,2.8877551020408165,45.9,no_simulada
244,0.07775561465721019,3.923469387755102,62.44285714285714,no_simulada
127,0.03489983974358968,3.1466836734693877,61.48571428571429,no_simulada
170,0.07370766488413565,3.1326530612244894,60.94285714285714,no_simulada
211,0.07197305278700661,3.2857142857142856,62.67142857142857,no_simulada
71,0.036529195011337875,4.122448979591836,59.84285714285714,no_simulada
215,0.08076923076923119,1.6466836734693877,63.6,no_simulada
190,0.08101322386254048,11.025510204081632,39.714285714285715,no_simulada
49,0.09902590467032261,2.479591836734694,27.214285714285715,no_simulada
52,0.09320438247682825,4.024234693877551,25.65714285714286,no_simulada
42,0.09770159133795497,1.780612244897959,21.7,no_simulada
75,0.04630390682114817,5.503826530612245,38.385714285714286,no_simulada
35,0.0622390528132155,2.2755102040816326,23.242857142857144,no_simulada
66,0.08612999439882822,2.830357142857143,38.58571428571429,no_simulada
29,0.024815924815924817,1.0255102040816326,20.02857142857143,no_simulada
65,0.08968647568038467,2.9948979591836737,31.62857142857143,no_simulada
32,0.12136553922268208,2.3367346938775513,11.17142857142857,no_simulada
118,0.08806973025023103,6.218112244897959,37.44285714285714,no_simulada
71,0.08131001251942109,3.167091836734694,50.214285714285715,no_simulada
50,0.05983623832308042,3.5956632653061225,41.52857142857143,no_simulada
75,0.05259514172377589,3.2181122448979593,54.7,no_simulada
194,0.0778527359908329,10.88265306122449,45.4,no_simulada
41,0.04690063292626623,2.4591836734693877,29.642857142857142,no_simulada
214,0.08421685888043545,5.452806122448979,42.714285714285715,no_simulada
77,0.07291595908540988,2.642857142857143,12.9,no_simulada
84,0.053949972138057065,6.142857142857143,45.128571428571426,no_simulada
181,0.08572058747078355,10.994897959183673,43.27142857142857,no_simulada
66,0.0797268468274252,3.4323979591836737,32.65714285714286,no_simulada
171,0.09557333853424065,11.177295918367347,47.371428571428574,no_simulada
53,0.11287201702747911,2.789540816326531,31.785714285714285,no_simulada
166,0.09208346790899476,11.901785714285714,17.285714285714285,no_simulada
106,0.10993301748660388,6.6772959183673475,46.44285714285714,no_simulada
156,0.10805177456247946,8.408163265306124,51.885714285714286,no_simulada
69,0.05908068213837445,3.025510204081633,52.44285714285714,no_simulada
57,0.08720294910142119,2.534438775510204,38.2,no_simulada
153,0.06883705457486598,10.289540816326532,38.15714285714286,no_simulada
143,0.08763022027935576,5.116071428571429,50.371428571428574,no_simulada
139,0.10778301399646444,5.330357142857143,43.68571428571428,no_simulada
163,0.08541401981117232,16.034438775510203,49.542857142857144,no_simulada
203,0.09946253011225697,9.408163265306124,50.1,no_simulada
120,0.10602291346945367,6.1772959183673475,14.557142857142857,no_simulada
145,0.10043838749990133,7.887755102040816,58.67142857142857,no_simulada
150,0.08134180158001399,8.994897959183673,41.97142857142857,no_simulada
124,0.0772693532132893,7.3813775510204085,48.55714285714286,no_simulada
31,0.08632717815550142,2.3826530612244903,21.285714285714285,no_simulada
164,0.0724750876841625,7.428571428571429,34.98571428571429,no_simulada
98,0.08873469299791863,3.830357142857143,42.77142857142857,no_simulada
25,0.12916277622159975,1.2091836734693877,10.014285714285714,no_simulada
43,0.08885052835363393,1.6466836734693877,31.957142857142856,no_simulada
93,0.07757213567498557,3.9323979591836737,29.82857142857143,no_simulada
84,0.08479693372002561,4.959183673469388,19.385714285714286,no_simulada
185,0.10404184384181071,9.963010204081632,60.628571428571426,no_simulada
78,0.09455332895845933,3.1058673469387754,42.542857142857144,no_simulada
36,0.046654769731692816,1.6326530612244898,18.071428571428573,no_simulada
169,0.07470506896725719,6.173469387755103,43.15714285714286,no_simulada
59,0.0633475172217862,3.034438775510204,16.714285714285715,no_simulada
193,0.09885670996271625,6.357142857142857,32.6,no_simulada
169,0.07718024825328754,11.595663265306124,46.68571428571428,no_simulada
118,0.10248696286364312,5.238520408163266,24.071428571428573,no_simulada
142,0.07647356339159943,7.4528061224489806,49.857142857142854,no_simulada
50,0.06162986302894098,3.316326530612245,32.07142857142857,no_simulada
151,0.08686872365039405,8.28954081632653,55.642857142857146,no_simulada
195,0.10744686032548481,10.209183673469386,60.31428571428572,no_simulada
128,0.0796650364901528,4.432397959183674,18.82857142857143,no_simulada
226,0.09725133687543176,10.811224489795919,51.2,no_simulada
175,0.09068608922815447,11.709183673469386,35.9,no_simulada
186,0.09637902913271736,6.229591836734694,32.51428571428571,no_simulada
89,0.07570151428150186,6.963010204081633,49.91428571428571,no_simulada
124,0.10470562473049914,5.391581632653062,21.542857142857144,no_simulada
192,0.07561153817623695,7.586734693877551,28.057142857142857,no_simulada
87,0.06711650406507924,4.6772959183673475,52.27142857142857,no_simulada
48,0.13093646119961905,1.5752551020408163,18.8,no_simulada
118,0.07137325273610266,4.891581632653062,52.24285714285714,no_simulada
164,0.08928418520157268,5.524234693877552,32.67142857142857,no_simulada
155,0.08808793510209845,6.086734693877551,39.57142857142857,no_simulada
206,0.13348882921115612,8.034438775510205,60.285714285714285,no_simulada
129,0.06493463401546071,7.238520408163266,19.685714285714287,no_simulada
35,0.1260506424792139,1.280612244897959,11.271428571428572,no_simulada
182,0.07655886229152133,9.28954081632653,51.82857142857143,no_simulada
114,0.05986852146935561,7.668367346938775,28.65714285714286,no_simulada
159,0.09396928370211381,10.432397959183673,35.07142857142857,no_simulada
135,0.08947803750169557,8.525510204081632,44.92857142857143,no_simulada
85,0.08536939978726321,4.979591836734694,49.74285714285714,no_simulada
45,0.0555083097279541,1.9081632653061225,22.414285714285715,no_simulada
163,0.08859457755589002,7.7895408163265305,47.285714285714285,no_simulada
49,0.037554345747623036,3.102040816326531,35.9,no_simulada
126,0.0753954862599663,8.908163265306124,54.042857142857144,no_simulada
28,0.031632848360789535,1.7448979591836735,25.67142857142857,no_simulada
61,0.08343326464428452,3.2589285714285716,39.0,no_simulada
50,0.03781883808199598,1.8826530612244898,30.02857142857143,no_simulada
44,0.060618868311176,2.13265306122449,25.257142857142856,no_simulada
181,0.08097895976195474,8.372448979591836,21.7,no_simulada
188,0.08847931711395185,12.729591836734695,40.15714285714286,no_simulada
104,0.06603919624683155,5.534438775510204,38.51428571428571,no_simulada
46,0.10166142276339646,2.6160714285714284,16.857142857142858,no_simulada
45,0.056722034058597944,3.3201530612244894,31.685714285714287,no_simulada
66,0.051158404500879905,6.551020408163265,34.41428571428571,no_simulada
25,0.04297338464005131,1.8214285714285714,15.4,no_simulada
48,0.0520650305576776,3.748724489795918,32.24285714285714,no_simulada
162,0.08516880293663655,5.963010204081633,37.1,no_simulada
155,0.09096884683110787,8.387755102040817,39.885714285714286,no_simulada
39,0.14205248399925435,1.4438775510204083,16.985714285714284,no_simulada
48,0.033577451743884976,2.622448979591837,34.1,no_simulada
112,0.10596135471671744,6.586734693877551,51.885714285714286,no_simulada
187,0.08548771194175761,9.463010204081632,54.371428571428574,no_simulada
44,0.07964469393040823,2.289540816326531,28.257142857142856,no_simulada
196,0.09752291411480497,7.4528061224489806,36.24285714285714,no_simulada
99,0.0846117347295137,5.034438775510204,46.22857142857143,no_simulada
106,0.06567039071425038,9.381377551020408,55.27142857142857,no_simulada
124,0.08722696311840225,7.381377551020408,16.6,no_simulada
60,0.04173748090432091,3.3201530612244894,39.714285714285715,no_simulada
84,0.06190869260074983,5.954081632653062,40.8,no_simulada
133,0.10286259433653079,5.387755102040816,40.5,no_simulada
64,0.10200923191920418,2.673469387755102,32.3,no_simulada
38,0.05013012272627656,1.8099489795918369,26.928571428571427,no_simulada
86,0.08144139748253931,7.780612244897959,54.82857142857143,no_simulada
65,0.046358948255037655,3.2385204081632653,55.042857142857144,no_simulada
105,0.08169613136079766,4.316326530612245,33.142857142857146,no_simulada
36,0.09738131313131312,1.1224489795918366,15.471428571428572,no_simulada
26,0.02745111851446693,0.7895408163265306,20.2,no_simulada
66,0.06543378965089498,4.024234693877551,39.3,no_simulada
34,0.07592969876075702,1.4732142857142858,21.014285714285716,no_simulada
131,0.08223617554386739,8.830357142857142,31.914285714285715,no_simulada
192,0.08408488230394949,7.952806122448979,48.41428571428571,no_simulada
212,0.09972397486794914,9.360969387755102,54.17142857142857,no_simulada
79,0.06430600900647342,4.301020408163265,47.7,no_simulada
89,0.06752215340508985,3.693877551020408,52.9,no_simulada
220,0.09463766237741854,11.846938775510205,47.84285714285714,no_simulada
70,0.08014114123045049,4.238520408163265,48.142857142857146,no_simulada
162,0.06590216115384095,9.607142857142858,16.32857142857143,no_simulada
181,0.10335965909215644,7.003826530612245,59.542857142857144,no_simulada
64,0.05109756421235551,5.248724489795919,44.957142857142856,no_simulada
43,0.09090839715839714,1.8520408163265307,9.485714285714286,no_simulada
83,0.06590415830626895,7.432397959183674,41.5,no_simulada
42,0.04329291109718743,2.2091836734693877,23.085714285714285,no_simulada
138,0.097297039430907,4.7653061224489806,56.3,no_simulada
74,0.07880501725567261,4.095663265306123,33.885714285714286,no_simulada
110,0.10225848406133277,6.387755102040816,41.82857142857143,no_simulada
53,0.04466996003557265,4.432397959183674,38.77142857142857,no_simulada
47,0.07219150581131187,3.25,41.385714285714286,no_simulada
67,0.061134442784597634,5.248724489795919,21.814285714285713,no_simulada
25,0.0624779541446208,1.1058673469387756,17.742857142857144,no_simulada
27,0.02539343009931245,1.718112244897959,17.37142857142857,no_simulada
97,0.05855166760981635,3.816326530612245,34.55714285714286,no_simulada
47,0.05613833674495441,3.2448979591836737,32.457142857142856,no_simulada
27,0.06459096840933785,1.9732142857142858,21.02857142857143,no_simulada
68,0.049691180614257494,5.836734693877551,44.4,no_simulada
51,0.08542548975013807,3.954081632653061,25.271428571428572,no_simulada
69,0.09586891770162441,3.289540816326531,38.48571428571429,no_simulada
123,0.09763322990916877,4.952806122448979,36.785714285714285,no_simulada
110,0.0764895751521028,8.605867346938776,52.27142857142857,no_simulada
34,0.020329234257805685,2.5,24.742857142857144,no_simulada
105,0.062401888723200766,7.524234693877552,19.17142857142857,no_simulada
30,0.09003920056551634,2.3201530612244903,17.457142857142856,no_simulada
146,0.10821990464548802,5.964285714285714,57.885714285714286,no_simulada
116,0.09206272576736294,5.6772959183673475,18.3,no_simulada
68,0.05539563058024596,3.352040816326531,51.3,no_simulada
140,0.09209145168356052,7.167091836734694,60.68571428571428,no_simulada
65,0.062326538640147436,5.218112244897959,42.6,no_simulada
64,0.08266603271962783,3.1875,32.885714285714286,no_simulada
28,0.02537007583060214,1.8915816326530612,27.557142857142857,no_simulada
121,0.08719420096443545,7.044642857142857,39.142857142857146,no_simulada
107,0.08764713771658209,3.6772959183673466,40.614285714285714,no_simulada
37,0.07701499118165786,1.6670918367346939,13.571428571428571,no_simulada
84,0.07201436283626471,4.1020408163265305,34.285714285714285,no_simulada
47,0.028138342244998962,3.3826530612244903,26.942857142857143,no_simulada
179,0.08727773606105817,7.32015306122449,41.714285714285715,no_simulada
113,0.09415033809882188,7.238520408163266,32.55714285714286,no_simulada
79,0.0767297397886359,3.830357142857143,55.285714285714285,no_simulada
70,0.10088870198429038,5.095663265306123,22.82857142857143,no_simulada
40,0.07343962234016413,1.7448979591836735,30.67142857142857,no_simulada
71,0.13374209581157875,3.381377551020408,34.1,no_simulada
150,0.11170133006497837,6.595663265306123,50.57142857142857,no_simulada
39,0.03716295948203842,2.2755102040816326,24.242857142857144,no_simulada
55,0.04594447822708688,2.248724489795918,46.68571428571428,no_simulada
102,0.0825333970553934,3.9897959183673466,57.75714285714286,no_simulada
25,0.06140991272542074,1.6875,21.4,no_simulada
42,0.04150957831298388,2.673469387755102,22.82857142857143,no_simulada
91,0.08433847699657973,3.7181122448979593,27.52857142857143,no_simulada
137,0.08497192737695262,4.372448979591836,42.371428571428574,no_simulada
151,0.08696798931700225,7.2397959183673475,57.642857142857146,no_simulada
120,0.08808181835620647,4.525510204081632,37.7,no_simulada
38,0.09215944014705621,2.7385204081632653,15.185714285714285,no_simulada
158,0.08318561514821489,5.8813775510204085,55.614285714285714,no_simulada
162,0.08968603633434426,4.544642857142857,42.7,no_simulada
76,0.056948146798419065,6.6772959183673475,48.114285714285714,no_simulada
201,0.08014422423997154,10.704081632653061,41.82857142857143,no_simulada
90,0.07596271251490544,3.4642857142857144,43.27142857142857,no_simulada
145,0.08748679898639611,7.595663265306123,40.22857142857143,no_simulada
110,0.07883510003479066,6.178571428571429,37.957142857142856,no_simulada
29,0.08425995420319465,1.6326530612244898,12.442857142857143,no_simulada
151,0.06936054802835698,9.534438775510205,62.1,no_simulada
33,0.028647269862761816,2.6875,22.1,no_simulada
37,0.020675462104033527,2.5306122448979593,17.085714285714285,no_simulada
227,0.09070396700561814,6.901785714285714,61.614285714285714,no_simulada
56,0.0396721681096681,4.479591836734694,39.08571428571429,no_simulada
139,0.06335758771642946,6.459183673469388,29.785714285714285,no_simulada
84,0.08407485118803859,3.4528061224489797,21.714285714285715,no_simulada
71,0.05228258523859659,4.75,37.84285714285714,no_simulada
29,0.08634868421052633,1.3112244897959184,14.014285714285714,no_simulada
48,0.06972150656937966,2.330357142857143,33.5,no_simulada
47,0.06116543723538182,4.964285714285714,42.628571428571426,no_simulada
27,0.10847215488759603,1.360969387755102,16.97142857142857,no_simulada
210,0.07611035182635363,15.928571428571429,47.48571428571429,no_simulada
35,0.12065247252747255,0.7181122448979592,13.214285714285714,no_simulada
95,0.057491107741532266,4.622448979591837,29.84285714285714,no_simulada
81,0.06564561682661225,6.1938775510204085,45.285714285714285,no_simulada
57,0.07423525670236195,4.928571428571429,26.37142857142857,no_simulada
77,0.06824645629649376,7.2397959183673475,48.8,no_simulada
151,0.08558578226139127,4.979591836734694,36.371428571428574,no_simulada
121,0.07755282724304564,8.575255102040817,61.41428571428571,no_simulada
57,0.031317227745799134,2.6377551020408165,44.52857142857143,no_simulada
56,0.04734735661505042,3.6772959183673466,39.857142857142854,no_simulada
90,0.1274146171055528,2.534438775510204,23.585714285714285,no_simulada
39,0.0712299939175472,2.4017857142857144,29.785714285714285,no_simulada
167,0.1042774415314621,11.238520408163266,50.042857142857144,no_simulada
28,0.15618774676745692,0.8303571428571429,7.9,no_simulada
109,0.0798005079176187,5.095663265306123,51.128571428571426,no_simulada
35,0.07001454252916242,2.0153061224489797,13.342857142857143,no_simulada
230,0.0861287637072663,14.387755102040815,48.7,no_simulada
103,0.07224334798556034,4.061224489795918,54.82857142857143,no_simulada
93,0.07757213567498557,3.9323979591836737,29.82857142857143,no_simulada
51,0.11984587656524409,3.248724489795918,23.742857142857144,no_simulada
161,0.1016800806108902,7.785714285714286,24.271428571428572,no_simulada
131,0.10668410517538011,7.6772959183673475,31.085714285714285,no_simulada
54,0.07257860083938182,4.13265306122449,34.48571428571429,no_simulada
122,0.09702951271422315,7.309948979591837,57.114285714285714,no_simulada
67,0.07168521884412403,3.7755102040816326,31.257142857142856,no_simulada
128,0.1069706551283046,9.401785714285714,28.214285714285715,no_simulada
107,0.06397426812495019,5.918367346938775,53.385714285714286,no_simulada
171,0.08847091088708083,9.575255102040817,45.41428571428571,no_simulada
60,0.11831727135298571,3.4732142857142856,27.714285714285715,no_simulada
239,0.09987295413243444,10.596938775510205,34.27142857142857,no_simulada
81,0.0873000236953719,3.142857142857143,44.47142857142857,no_simulada
161,0.09879781195454823,6.616071428571429,50.9,no_simulada
110,0.11299606694528802,7.515306122448979,32.5,no_simulada
132,0.08765379665221797,6.9528061224489806,43.55714285714286,no_simulada
114,0.0704660387619416,6.248724489795919,50.91428571428571,no_simulada
64,0.05875799102083686,4.229591836734694,39.8,no_simulada
64,0.04710493991184526,5.1020408163265305,38.91428571428571,no_simulada
59,0.06659031813382611,4.024234693877551,27.4,no_simulada
89,0.10869464422683636,5.158163265306122,31.1,no_simulada
66,0.0818537004716167,2.1785714285714284,42.457142857142856,no_simulada
60,0.03849866476850602,5.901785714285714,47.42857142857143,no_simulada
96,0.08057358431042637,4.45280612244898,55.65714285714286,no_simulada
89,0.06509371827003406,2.9948979591836737,46.57142857142857,no_simulada
191,0.09340599286172985,5.932397959183674,46.32857142857143,no_simulada
161,0.09159846031105058,6.360969387755103,34.214285714285715,no_simulada
72,0.048195088230893836,4.964285714285714,27.085714285714285,no_simulada
179,0.09133943033532768,6.963010204081633,54.47142857142857,no_simulada
61,0.06494562222873575,7.015306122448979,39.44285714285714,no_simulada
192,0.09949163698943012,12.668367346938776,50.357142857142854,no_simulada
70,0.07343873479343435,4.146683673469388,38.41428571428571,no_simulada
138,0.09642109118555318,6.030612244897959,36.5,no_simulada
59,0.05732429607429607,2.852040816326531,46.285714285714285,no_simulada
40,0.0302935226378133,2.5752551020408165,22.442857142857143,no_simulada
106,0.07806002221224449,5.346938775510204,51.97142857142857,no_simulada
25,0.02372644994636973,1.596938775510204,19.02857142857143,no_simulada
79,0.06029997596238565,3.316326530612245,40.01428571428571,no_simulada
77,0.07943449324091409,4.137755102040816,22.17142857142857,no_simulada
107,0.09334165002910384,2.173469387755102,50.18571428571428,no_simulada
79,0.09373032723088463,5.1875,22.142857142857142,no_simulada
42,0.08388266380502406,2.9017857142857144,33.58571428571429,no_simulada
104,0.10528188781812749,5.658163265306122,44.27142857142857,no_simulada
73,0.08570606815634821,3.4528061224489797,32.07142857142857,no_simulada
29,0.06782526587465264,3.3367346938775513,27.857142857142858,no_simulada
189,0.09184355782775104,15.76530612244898,54.58571428571429,no_simulada
124,0.09627023596687352,3.4528061224489797,18.742857142857144,no_simulada
141,0.11295376529171283,5.586734693877551,54.47142857142857,no_simulada
42,0.05645387779110834,2.1875,21.542857142857144,no_simulada
178,0.08398034637567453,12.193877551020408,36.285714285714285,no_simulada
189,0.0904553044595531,9.809948979591837,37.8,no_simulada
139,0.07086883795569031,11.173469387755102,60.58571428571429,no_simulada
84,0.07733983836793003,4.454081632653061,43.785714285714285,no_simulada
75,0.04769294729287254,4.892857142857143,50.15714285714286,no_simulada
161,0.07363420750720302,11.391581632653061,60.74285714285714,no_simulada
96,0.09293137418137433,6.6020408163265305,45.07142857142857,no_simulada
226,0.1004989252363063,7.5153061224489806,62.5,no_simulada
74,0.05350180060771193,6.13265306122449,46.68571428571428,no_simulada
139,0.09512004922627737,6.034438775510204,58.68571428571428,no_simulada
125,0.09504867834589203,7.044642857142857,39.542857142857144,no_simulada
45,0.030301341275367242,1.8813775510204083,30.571428571428573,no_simulada
171,0.10217512255329203,9.525510204081632,30.228571428571428,no_simulada
227,0.08951032749203158,9.177295918367347,47.77142857142857,no_simulada
47,0.07388398532563288,4.479591836734694,24.814285714285713,no_simulada
61,0.07040297279096477,3.2385204081632653,46.44285714285714,no_simulada
60,0.11370724553357135,2.360969387755102,22.885714285714286,no_simulada
99,0.08108080106608702,7.1772959183673475,53.97142857142857,no_simulada
89,0.10629972631402837,3.0242346938775513,35.357142857142854,no_simulada
201,0.0736451387118602,10.473214285714286,25.5,no_simulada
154,0.07611826423099959,9.748724489795919,29.8,no_simulada
115,0.09242818845936954,5.248724489795919,49.642857142857146,no_simulada
29,0.06167531997156611,2.2040816326530615,23.4,no_simulada
198,0.08097254240334524,11.1875,62.08571428571429,no_simulada
148,0.09327049752163614,5.6772959183673475,13.371428571428572,no_simulada
60,0.04740533691940337,4.38265306122449,36.5,no_simulada
50,0.08146672212606278,2.0956632653061225,20.614285714285714,no_simulada
214,0.08109648532305266,11.535714285714286,59.97142857142857,no_simulada
79,0.0652760146765163,3.9642857142857144,54.128571428571426,no_simulada
134,0.07308812359546593,11.258928571428571,34.214285714285715,no_simulada
97,0.04346867471867476,5.63265306122449,52.91428571428571,no_simulada
72,0.10939843779830721,3.979591836734694,13.214285714285714,no_simulada
89,0.08199566825176627,4.729591836734694,33.77142857142857,no_simulada
68,0.04762790718053872,2.5956632653061225,39.25714285714286,no_simulada
106,0.10348252612778686,5.534438775510204,54.68571428571428,no_simulada
41,0.025239288697935316,1.9438775510204083,28.1,no_simulada
43,0.06683368023080943,2.4323979591836737,25.928571428571427,no_simulada
27,0.05061876406801218,1.4732142857142858,27.642857142857142,no_simulada
242,0.10541088570924538,9.096938775510205,50.91428571428571,no_simulada
37,0.026604060427589848,2.1875,22.97142857142857,no_simulada
41,0.03634041158550962,3.809948979591837,26.285714285714285,no_simulada
49,0.08454763901491083,1.860969387755102,18.17142857142857,no_simulada
105,0.08685507155803104,4.994897959183674,49.58571428571429,no_simulada
117,0.06939783440155016,8.63265306122449,58.2,no_simulada
38,0.08200684772453062,3.954081632653061,38.15714285714286,no_simulada
47,0.06116543723538182,4.964285714285714,42.628571428571426,no_simulada
85,0.11224051404360391,2.622448979591837,39.0,no_simulada
178,0.1055902763506579,10.891581632653061,51.65714285714286,no_simulada
112,0.07188039880520276,6.943877551020408,49.15714285714286,no_simulada
119,0.07875860819394015,7.075255102040816,50.94285714285714,no_simulada
98,0.0829753849554478,6.515306122448979,35.785714285714285,no_simulada
28,0.06156868733839204,1.4234693877551021,4.728571428571429,no_simulada
204,0.08325246457411911,14.051020408163266,31.84285714285714,no_simulada
110,0.08799067427887478,3.860969387755102,35.042857142857144,no_simulada
44,0.08401809829460756,2.4323979591836737,25.82857142857143,no_simulada
194,0.08688349844686374,13.316326530612244,29.285714285714285,no_simulada
159,0.07753587891679957,8.193877551020408,36.6,no_simulada
46,0.07455044955044955,3.2091836734693877,27.15714285714286,no_simulada
111,0.08486029298170386,6.525510204081633,50.07142857142857,no_simulada
207,0.0848742015108929,7.9897959183673475,31.285714285714285,no_simulada
34,0.043883384744729276,2.289540816326531,19.714285714285715,no_simulada
30,0.04022472625413801,1.1058673469387756,16.47142857142857,no_simulada
51,0.10277184097311334,1.9948979591836733,18.857142857142858,no_simulada
70,0.11457420973750718,3.9528061224489797,31.9,no_simulada
93,0.07294067134804283,7.1020408163265305,50.5,no_simulada
62,0.04218843875422821,4.173469387755103,40.42857142857143,no_simulada
41,0.08831797507236104,1.524234693877551,20.285714285714285,no_simulada
54,0.042081030684291525,3.8469387755102042,35.68571428571428,no_simulada
147,0.08044860508820237,9.392857142857142,36.82857142857143,no_simulada
196,0.08899059920151171,11.177295918367347,56.52857142857143,no_simulada
46,0.07938866284082409,2.248724489795918,31.17142857142857,no_simulada
45,0.04445569050832207,2.2385204081632653,33.285714285714285,no_simulada
98,0.06731477575822312,5.561224489795919,48.24285714285714,no_simulada
106,0.08802360549128839,8.01530612244898,46.17142857142857,no_simulada
75,0.09450218036555423,2.693877551020408,38.128571428571426,no_simulada
83,0.06359715556904127,5.311224489795919,44.68571428571428,no_simulada
82,0.03664140388234361,2.391581632653061,56.77142857142857,no_simulada
100,0.07593924122929004,5.9528061224489806,52.94285714285714,no_simulada
48,0.04543352999724189,2.534438775510204,42.957142857142856,no_simulada
87,0.075952312652453,4.321428571428571,40.08571428571429,no_simulada
53,0.08279675417175411,3.5752551020408165,33.214285714285715,no_simulada
57,0.05280802530802527,2.891581632653061,34.628571428571426,no_simulada
75,0.07553487401911171,5.479591836734693,49.74285714285714,no_simulada
72,0.09113996635476615,5.408163265306123,46.357142857142854,no_simulada
82,0.04733960083493191,4.2895408163265305,44.385714285714286,no_simulada
82,0.05564684008710743,3.4630102040816326,40.48571428571429,no_simulada
82,0.062324532019740746,3.739795918367347,50.44285714285714,no_simulada
39,0.17288061378397512,1.3214285714285714,12.371428571428572,no_simulada
133,0.07219146976544118,10.408163265306124,25.057142857142857,no_simulada
84,0.05913537356629029,6.38265306122449,49.01428571428571,no_simulada
55,0.047220386564392855,2.4285714285714284,26.3,no_simulada
31,0.059345828520395376,2.830357142857143,20.985714285714284,no_simulada
57,0.11468125352948243,3.6326530612244894,31.114285714285714,no_simulada
118,0.08627708270686357,7.229591836734694,18.62857142857143,no_simulada
85,0.07403786383449448,6.605867346938775,19.242857142857144,no_simulada
104,0.08262986669513189,4.146683673469388,40.44285714285714,no_simulada
39,0.17288061378397512,1.3214285714285714,12.371428571428572,no_simulada
94,0.08808263630612324,3.1466836734693877,55.1,no_simulada
92,0.08464727127289383,3.5714285714285716,29.685714285714287,no_simulada
66,0.06265492995889958,1.2895408163265305,14.571428571428571,no_simulada
62,0.050952851490600755,3.729591836734694,49.24285714285714,no_simulada
43,0.06683368023080943,2.4323979591836737,25.928571428571427,no_simulada
45,0.055863333586230184,3.789540816326531,32.68571428571428,no_simulada
34,0.15245084558994332,0.7181122448979592,10.042857142857143,no_simulada
224,0.09686985958483486,7.360969387755103,56.142857142857146,no_simulada
54,0.054016148382213296,2.2385204081632653,26.571428571428573,no_simulada
87,0.047067205108593475,6.003826530612245,44.97142857142857,no_simulada
83,0.08189738735766493,5.1938775510204085,43.72857142857143,no_simulada
73,0.05775742069821019,5.280612244897959,33.357142857142854,no_simulada
108,0.09297467034161258,5.238520408163266,52.357142857142854,no_simulada
136,0.08960384543255326,3.923469387755102,48.285714285714285,no_simulada
230,0.08545063764951083,11.718112244897958,60.07142857142857,no_simulada
207,0.08928322933706048,11.748724489795919,39.785714285714285,no_simulada
51,0.051835067237544,2.846938775510204,29.142857142857142,no_simulada
86,0.07511583928891621,4.248724489795918,42.17142857142857,no_simulada
128,0.07644527134984362,6.963010204081633,61.01428571428571,no_simulada
225,0.10843183121058547,11.248724489795919,60.84285714285714,no_simulada
175,0.09678516014813059,13.01530612244898,22.585714285714285,no_simulada
79,0.06428762407415876,4.6772959183673475,39.51428571428571,no_simulada
76,0.09876525521262362,3.1377551020408165,36.22857142857143,no_simulada
121,0.07055027544970945,6.301020408163265,20.771428571428572,no_simulada
30,0.030942055126837734,2.0510204081632653,29.742857142857144,no_simulada
44,0.04683396803697553,3.7487244897959187,31.3,no_simulada
192,0.08690940256312356,13.605867346938776,29.357142857142858,no_simulada
42,0.03777468128807,3.5969387755102042,28.02857142857143,no_simulada
70,0.05649559346536563,5.63265306122449,47.628571428571426,no_simulada
129,0.08365882716177794,5.1938775510204085,48.72857142857143,no_simulada
73,0.04232484795453306,3.8010204081632653,45.51428571428571,no_simulada
145,0.08627942968458066,12.26530612244898,61.07142857142857,no_simulada
56,0.08267278065072184,2.852040816326531,25.52857142857143,no_simulada
70,0.06042628822872705,3.9948979591836737,12.257142857142858,no_simulada
125,0.051237100830016064,7.575255102040816,25.514285714285716,no_simulada
220,0.09115732724557553,9.738520408163266,56.51428571428571,no_simulada
50,0.09235377876273596,2.8112244897959187,15.914285714285715,no_simulada
248,0.10886157238980736,10.177295918367347,61.48571428571429,no_simulada
130,0.09658362624622231,8.309948979591837,51.357142857142854,no_simulada
83,0.059311983399968064,4.463010204081632,47.84285714285714,no_simulada
95,0.08355524392613613,8.075255102040817,45.01428571428571,no_simulada
98,0.114912328853423,3.0752551020408165,26.8,no_simulada
98,0.0770068931804839,6.137755102040816,47.02857142857143,no_simulada
51,0.03413852287370075,3.704081632653061,31.771428571428572,no_simulada
149,0.08109623923670971,10.954081632653061,61.52857142857143,no_simulada
29,0.025204081632653055,1.780612244897959,21.4,no_simulada
157,0.09078608746328318,6.473214285714286,48.3,no_simulada
86,0.059057508351863255,5.596938775510204,52.22857142857143,no_simulada
148,0.08152672784773624,8.360969387755102,32.1,no_simulada
172,0.08344007579244159,6.024234693877552,57.48571428571429,no_simulada
165,0.07541679613564815,7.605867346938775,48.457142857142856,no_simulada
33,0.10648772887081255,1.3099489795918369,11.485714285714286,no_simulada
45,0.09089277114354509,2.6772959183673466,28.0,no_simulada
118,0.07955161291775263,3.443877551020408,32.857142857142854,no_simulada
55,0.08715132126998065,2.7589285714285716,14.542857142857143,no_simulada
99,0.05886275756599331,5.086734693877551,18.185714285714287,no_simulada
47,0.03327492391227569,3.1466836734693877,31.442857142857143,no_simulada
149,0.09773446875079683,6.473214285714286,40.714285714285715,no_simulada
107,0.08048705734693856,7.301020408163265,51.75714285714286,no_simulada
140,0.07172521425352373,7.566326530612245,60.94285714285714,no_simulada
122,0.07359730647306706,6.88265306122449,38.65714285714286,no_simulada
38,0.0974311904835865,2.561224489795918,17.67142857142857,no_simulada
67,0.08121043176583347,3.0306122448979593,48.357142857142854,no_simulada
117,0.08345058371331152,6.346938775510204,52.84285714285714,no_simulada
240,0.10089326878573264,13.860969387755102,61.31428571428572,no_simulada
73,0.0703362619950855,4.3813775510204085,50.42857142857143,no_simulada
134,0.07760050694684961,5.908163265306122,26.32857142857143,no_simulada
103,0.08995450082516812,3.5357142857142856,30.557142857142857,no_simulada
32,0.07298655439199105,2.8469387755102042,17.428571428571427,no_simulada
99,0.0723868263372365,6.015306122448979,53.957142857142856,no_simulada
139,0.07706612891791556,5.605867346938775,33.128571428571426,no_simulada
71,0.06099236377657429,5.4897959183673475,34.44285714285714,no_simulada
26,0.10842837717837717,1.6071428571428572,15.985714285714286,no_simulada
48,0.04348170933792596,2.122448979591837,31.47142857142857,no_simulada
160,0.11011869592382215,11.503826530612244,55.77142857142857,no_simulada
100,0.08992229225319362,4.45280612244898,39.457142857142856,no_simulada
32,0.028462009803921568,2.0255102040816326,26.271428571428572,no_simulada
95,0.07199817584179759,4.38265306122449,50.27142857142857,no_simulada
74,0.06184989858583205,5.428571428571429,45.285714285714285,no_simulada
167,0.0743934404162434,7.535714285714286,24.585714285714285,no_simulada
71,0.09224797961721469,2.8915816326530615,26.785714285714285,no_simulada
37,0.04574224508435033,2.167091836734694,34.614285714285714,no_simulada
95,0.10842380946606536,4.642857142857143,52.48571428571429,no_simulada
40,0.0490952294693644,1.4630102040816326,20.428571428571427,no_simulada
105,0.10045582988588918,3.7806122448979593,31.0,no_simulada
88,0.10688489542959688,4.066326530612245,44.97142857142857,no_simulada
80,0.06250176263774154,4.738520408163266,9.342857142857143,no_simulada
184,0.08206191108514128,11.003826530612246,43.67142857142857,no_simulada
102,0.06538203126378889,4.7895408163265305,55.24285714285714,no_simulada
50,0.05416468731742208,3.503826530612245,40.92857142857143,no_simulada
64,0.03706109320543707,3.0344387755102042,38.02857142857143,no_simulada
116,0.08347471778524221,5.872448979591837,52.457142857142856,no_simulada
39,0.10296772022649218,1.6466836734693877,10.885714285714286,no_simulada
170,0.08834706385067338,8.52423469387755,20.785714285714285,no_simulada
164,0.08877260491764782,7.891581632653062,25.34285714285714,no_simulada
43,0.03973854544788801,2.2385204081632653,32.74285714285714,no_simulada
89,0.05934025827509532,4.13265306122449,37.885714285714286,no_simulada
126,0.07918467040955238,7.494897959183674,45.97142857142857,no_simulada
36,0.05973745072616401,2.423469387755102,23.6,no_simulada
184,0.08722492574844702,10.360969387755103,59.9,no_simulada
76,0.09372572350231224,3.667091836734694,43.42857142857143,no_simulada
33,0.025259641029764867,2.1058673469387754,20.32857142857143,no_simulada
34,0.09774879116984381,2.1683673469387754,15.428571428571429,no_simulada
73,0.09928967894626135,2.13265306122449,49.01428571428571,no_simulada
93,0.10128877234901278,4.918367346938775,44.91428571428571,no_simulada
154,0.09687570822133512,11.095663265306124,49.68571428571428,no_simulada
143,0.0721533154654122,7.075255102040816,62.22857142857143,no_simulada
172,0.08230081068827533,6.280612244897959,53.57142857142857,no_simulada
37,0.04533609247894962,1.2142857142857142,30.47142857142857,no_simulada
86,0.07606819750245802,4.238520408163265,43.1,no_simulada
196,0.08524062382168666,6.309948979591837,7.828571428571428,no_simulada
168,0.08309130075623944,5.357142857142857,32.91428571428571,no_simulada
101,0.08949753435720771,5.459183673469388,35.91428571428571,no_simulada
71,0.05989345554404518,2.872448979591837,47.371428571428574,no_simulada
28,0.09125695732838592,0.9323979591836735,9.242857142857142,no_simulada
26,0.11356209150326795,0.6670918367346939,8.057142857142857,no_simulada
36,0.12283283842982322,2.544642857142857,17.02857142857143,no_simulada
42,0.04117125850871981,2.881377551020408,32.81428571428572,no_simulada
33,0.03436415558126085,2.330357142857143,22.757142857142856,no_simulada
105,0.0817254164619408,4.408163265306123,20.942857142857143,no_simulada
203,0.0870675569125569,12.704081632653061,29.928571428571427,no_simulada
67,0.09254767060293358,5.105867346938775,37.385714285714286,no_simulada
161,0.0980672048688957,7.105867346938775,24.757142857142856,no_simulada
61,0.09179103162803827,5.535714285714286,42.8,no_simulada
93,0.06093425008056437,5.704081632653062,50.385714285714286,no_simulada
30,0.08489819538926682,1.003826530612245,12.085714285714285,no_simulada
55,0.047220386564392855,2.4285714285714284,26.3,no_simulada
127,0.09709733777830018,5.015306122448979,44.98571428571429,no_simulada
140,0.08839212506443568,6.1938775510204085,49.02857142857143,no_simulada
132,0.09273185044643564,4.872448979591836,49.4,no_simulada
135,0.08947803750169557,8.525510204081632,44.92857142857143,no_simulada
61,0.05381692868534972,2.9323979591836737,40.714285714285715,no_simulada
117,0.0990960614875902,3.7091836734693877,28.428571428571427,no_simulada
41,0.04452532455289807,1.4795918367346939,28.285714285714285,no_simulada
120,0.06438408365531596,13.667091836734695,60.8,no_simulada
63,0.0785595182580021,1.5510204081632655,39.77142857142857,no_simulada
25,0.06299910873440286,2.381377551020408,12.271428571428572,no_simulada
155,0.09559303234688855,9.758928571428571,57.94285714285714,no_simulada
143,0.09446251833201179,6.2653061224489806,50.81428571428572,no_simulada
25,0.12532172677683512,1.534438775510204,7.814285714285714,no_simulada
85,0.08634405988287361,4.095663265306123,25.014285714285716,no_simulada
69,0.08671593567286381,3.8367346938775513,35.957142857142856,no_simulada
93,0.09970587669907671,5.646683673469388,28.82857142857143,no_simulada
50,0.03781883808199598,1.8826530612244898,30.02857142857143,no_simulada
122,0.10323770044449901,6.846938775510204,33.72857142857143,no_simulada
108,0.07456320188948337,5.693877551020408,24.37142857142857,no_simulada
63,0.06305105363820258,2.7806122448979593,34.51428571428571,no_simulada
94,0.07905296732238036,3.881377551020408,44.47142857142857,no_simulada
180,0.07053928199036455,7.738520408163266,25.97142857142857,no_simulada
45,0.06768136184802849,1.4630102040816326,19.771428571428572,no_simulada
76,0.0780470149860989,4.158163265306123,25.957142857142856,no_simulada
60,0.04501788067005455,4.116071428571429,34.72857142857143,no_simulada
110,0.09810540894235555,11.168367346938776,33.114285714285714,no_simulada
75,0.1354911645944927,2.6581632653061225,24.728571428571428,no_simulada
32,0.03737847222222224,3.0306122448979593,21.642857142857142,no_simulada
116,0.08347471778524221,5.872448979591837,52.457142857142856,no_simulada
30,0.02635768030988619,2.4528061224489797,15.657142857142857,no_simulada
116,0.08875533509534636,10.989795918367347,46.25714285714286,no_simulada
129,0.06927051441734479,10.816326530612244,30.37142857142857,no_simulada
56,0.032171255872554566,1.7142857142857142,32.542857142857144,no_simulada
43,0.02957877259825312,2.0153061224489797,24.52857142857143,no_simulada
125,0.0930210941594542,5.82015306122449,42.74285714285714,no_simulada
106,0.09822915203089498,3.2142857142857144,29.514285714285716,no_simulada
76,0.06024090180836209,7.575255102040816,44.128571428571426,no_simulada
42,0.07954019188286923,2.003826530612245,13.385714285714286,no_simulada
81,0.06645920333195533,11.923469387755102,50.042857142857144,no_simulada
72,0.07481777439993136,3.4183673469387754,39.15714285714286,no_simulada
31,0.050769299138864354,0.7589285714285714,17.542857142857144,no_simulada
63,0.06785605099330587,2.7806122448979593,29.728571428571428,no_simulada
78,0.08419637209819188,5.729591836734693,23.957142857142856,no_simulada
111,0.0981212922688672,9.311224489795919,39.94285714285714,no_simulada
36,0.06369212080119786,2.2385204081632653,31.485714285714284,no_simulada
69,0.07730091470564683,4.7895408163265305,44.82857142857143,no_simulada
148,0.07361396447163075,7.63265306122449,17.257142857142856,no_simulada
177,0.0916259810403427,7.248724489795919,48.7,no_simulada
215,0.0981332753658494,12.571428571428571,32.82857142857143,no_simulada
179,0.08088723832944933,6.095663265306123,27.642857142857142,no_simulada
95,0.11043960699151584,5.13265306122449,50.05714285714286,no_simulada
193,0.0878850767094932,5.959183673469388,46.628571428571426,no_simulada
44,0.06847528923812612,2.1466836734693877,19.942857142857143,no_simulada
135,0.0920695054544593,6.4897959183673475,37.371428571428574,no_simulada
140,0.08198414209795242,6.668367346938775,61.871428571428574,no_simulada
62,0.060074829329215255,2.8367346938775513,32.22857142857143,no_simulada
68,0.05861627840305701,4.709183673469388,38.3,no_simulada
95,0.1047837650553575,4.309948979591836,40.32857142857143,no_simulada
46,0.035574691009473615,3.9017857142857144,28.185714285714287,no_simulada
176,0.09630102917252946,8.381377551020408,37.885714285714286,no_simulada
41,0.1030526656943769,1.7487244897959184,18.742857142857144,no_simulada
50,0.036811267506164015,3.2181122448979593,40.5,no_simulada
59,0.08501443852558135,6.463010204081633,29.2,no_simulada
80,0.07988428470269904,4.258928571428571,38.614285714285714,no_simulada
34,0.047429131054131046,3.309948979591837,27.8,no_simulada
220,0.09452270606548163,9.928571428571429,23.228571428571428,no_simulada
46,0.04187801060904017,2.8877551020408165,36.3,no_simulada
51,0.057421273580918177,1.9528061224489797,18.557142857142857,no_simulada
48,0.035385904361744706,3.392857142857143,26.242857142857144,no_simulada
28,0.020057182293207135,1.3163265306122451,18.5,no_simulada
34,0.08557836427418472,2.4642857142857144,22.585714285714285,no_simulada
143,0.08281452177299095,10.595663265306124,61.385714285714286,no_simulada
75,0.061687617994853346,6.872448979591836,55.114285714285714,no_simulada
43,0.0486125700280112,2.061224489795918,31.614285714285714,no_simulada
105,0.08065895783266074,7.321428571428571,27.085714285714285,no_simulada
186,0.09634438121111706,13.923469387755102,27.2,no_simulada
228,0.09290052242364402,8.923469387755102,48.94285714285714,no_simulada
76,0.06485291788918256,4.218112244897959,46.214285714285715,no_simulada
71,0.12618773454451207,2.6772959183673466,29.042857142857144,no_simulada
88,0.06961048140496441,3.311224489795918,28.057142857142857,no_simulada
80,0.07534354573354168,3.881377551020408,51.25714285714286,no_simulada
106,0.09836883990755638,3.602040816326531,50.41428571428571,no_simulada
38,0.07594067634226002,2.289540816326531,14.771428571428572,no_simulada
154,0.09937626891556475,5.846938775510204,48.9,no_simulada
129,0.08081488137293588,6.301020408163266,60.128571428571426,no_simulada
169,0.09666986498396626,4.908163265306123,42.371428571428574,no_simulada
49,0.06629361765764154,2.6160714285714284,33.07142857142857,no_simulada
170,0.08447030944942652,12.238520408163266,55.15714285714286,no_simulada
59,0.09139689650230264,3.5306122448979593,28.87142857142857,no_simulada
78,0.09536211565457996,6.6938775510204085,45.285714285714285,no_simulada
174,0.0977267142203577,8.391581632653061,21.314285714285713,no_simulada
63,0.0924520244731356,3.2448979591836737,41.0,no_simulada
96,0.08788859950004514,3.503826530612245,26.32857142857143,no_simulada
101,0.08727240368322674,3.846938775510204,46.72857142857143,no_simulada
157,0.09278784174416105,7.316326530612245,32.32857142857143,no_simulada
94,0.06513627885697292,4.330357142857143,35.885714285714286,no_simulada
70,0.05702625747268605,3.391581632653061,44.885714285714286,no_simulada
128,0.10716419884930384,5.432397959183674,59.128571428571426,no_simulada
54,0.09497854867644148,2.6326530612244894,25.2,no_simulada
136,0.07755555363021426,6.646683673469388,52.75714285714286,no_simulada
85,0.10595502044926008,2.6466836734693877,35.7,no_simulada
102,0.09326361770750374,5.336734693877552,30.142857142857142,no_simulada
106,0.07806002221224449,5.346938775510204,51.97142857142857,no_simulada
159,0.08669982035877832,8.923469387755102,30.242857142857144,no_simulada
59,0.04561160200159388,3.2385204081632653,48.65714285714286,no_simulada
195,0.08000721621620761,12.45280612244898,41.6,no_simulada
98,0.11051797575643733,5.88265306122449,32.114285714285714,no_simulada
50,0.09241973304473304,2.622448979591837,18.585714285714285,no_simulada
194,0.08349032252654451,7.830357142857143,47.07142857142857,no_simulada
69,0.09026749946400411,3.4948979591836737,32.457142857142856,no_simulada
44,0.03916249264569421,2.1581632653061225,37.77142857142857,no_simulada
166,0.09218584863507172,6.193877551020408,30.02857142857143,no_simulada
172,0.08648761161061665,8.146683673469388,27.37142857142857,no_simulada
227,0.08373183649431062,12.025510204081632,16.885714285714286,no_simulada
56,0.055758478075131936,3.4017857142857144,38.58571428571429,no_simulada
141,0.09678947578311956,8.330357142857142,38.75714285714286,no_simulada
136,0.09917214705708066,7.204081632653062,15.928571428571429,no_simulada
200,0.08967402969344394,8.003826530612246,36.614285714285714,no_simulada
56,0.07795984244513654,4.122448979591836,38.75714285714286,no_simulada
51,0.061524105409554324,4.2895408163265305,31.228571428571428,no_simulada
103,0.10081174210038658,4.954081632653062,32.785714285714285,no_simulada
171,0.09503282021817491,7.780612244897959,54.614285714285714,no_simulada
52,0.044761664512902144,2.289540816326531,27.857142857142858,no_simulada
123,0.07932314848101789,6.575255102040816,61.614285714285714,no_simulada
66,0.06837733324347726,3.809948979591837,44.02857142857143,no_simulada
134,0.0864417930580423,4.646683673469388,56.98571428571429,no_simulada
46,0.04055580871370344,1.846938775510204,33.98571428571429,no_simulada
36,0.08800652061568644,3.534438775510204,32.7,no_simulada
139,0.08229550312128082,9.346938775510205,47.3,no_simulada
150,0.0739699775969885,6.1938775510204085,35.67142857142857,no_simulada
140,0.08430883250808875,9.667091836734695,42.25714285714286,no_simulada
44,0.03868172268907564,1.5510204081632655,26.87142857142857,no_simulada
86,0.07091554603502366,5.051020408163265,40.4,no_simulada
205,0.08651471390083225,11.02423469387755,55.58571428571429,no_simulada
47,0.03374042984432594,1.836734693877551,37.68571428571428,no_simulada
138,0.08480099726763794,7.336734693877551,28.071428571428573,no_simulada
172,0.09106671039056591,10.963010204081632,57.24285714285714,no_simulada
159,0.08108921671736938,7.095663265306123,50.785714285714285,no_simulada
142,0.09002509033771995,9.607142857142858,38.042857142857144,no_simulada
93,0.05536043052500037,5.830357142857143,52.41428571428571,no_simulada
154,0.10925307375648696,11.748724489795919,42.542857142857144,no_simulada
105,0.07117526594763257,4.595663265306123,46.55714285714286,no_simulada
35,0.08649631232964565,1.3010204081632655,15.371428571428572,no_simulada
100,0.09173788986215674,5.973214285714286,42.32857142857143,no_simulada
156,0.0833647912227091,7.096938775510204,24.62857142857143,no_simulada
175,0.09715537706074531,6.432397959183674,35.128571428571426,no_simulada
136,0.09766782981738396,7.479591836734694,59.97142857142857,no_simulada
102,0.12337072615815482,1.846938775510204,47.142857142857146,no_simulada
100,0.06453198313102643,5.534438775510204,43.08571428571429,no_simulada
57,0.1047960515565942,3.346938775510204,24.7,no_simulada
152,0.07651244439310141,5.473214285714286,30.314285714285713,no_simulada
94,0.10541908314695325,5.6772959183673475,51.32857142857143,no_simulada
43,0.048074245442666495,2.525510204081633,36.52857142857143,no_simulada
55,0.0589583513956915,4.275510204081632,36.58571428571429,no_simulada
58,0.07845018866738952,2.923469387755102,34.55714285714286,no_simulada
64,0.10200923191920418,2.673469387755102,32.3,no_simulada
133,0.07046350157904097,5.1772959183673475,27.728571428571428,no_simulada
101,0.10443664266422088,4.8520408163265305,33.32857142857143,no_simulada
176,0.09283515480607743,4.642857142857143,49.042857142857144,no_simulada
204,0.09736942444396507,11.167091836734695,48.27142857142857,no_simulada
89,0.07065366571184266,7.432397959183674,47.4,no_simulada
58,0.07089177978883865,2.075255102040816,31.5,no_simulada
156,0.08619055972581915,10.122448979591837,20.12857142857143,no_simulada
72,0.0571404369682862,5.586734693877551,40.91428571428571,no_simulada
38,0.10010323010323013,2.4323979591836737,19.4,no_simulada
38,0.0766700616653504,3.9081632653061225,12.957142857142857,no_simulada
43,0.03992747019062809,4.275510204081632,31.014285714285716,no_simulada
247,0.09560896701164101,8.979591836734695,29.37142857142857,no_simulada
142,0.07483183796731073,10.280612244897958,59.58571428571429,no_simulada
78,0.07976930113819378,7.1772959183673475,47.48571428571429,no_simulada
72,0.11444028847216603,5.391581632653062,34.47142857142857,no_simulada
49,0.11995997818849356,2.2589285714285716,28.728571428571428,no_simulada
109,0.07461019146025721,4.575255102040816,48.77142857142857,no_simulada
135,0.07223975892967693,6.525510204081633,34.785714285714285,no_simulada
41,0.09725175177090921,3.1326530612244894,26.242857142857144,no_simulada
209,0.0954286847661759,10.459183673469386,63.371428571428574,no_simulada
67,0.07234824633975988,7.595663265306123,46.6,no_simulada
196,0.07337130709595352,8.391581632653061,51.77142857142857,no_simulada
69,0.06659658171138444,5.1020408163265305,48.214285714285715,no_simulada
51,0.05423085016835017,2.6326530612244903,28.685714285714287,no_simulada
165,0.08649091643899318,9.105867346938776,50.94285714285714,no_simulada
170,0.09757301257502057,8.494897959183673,44.94285714285714,no_simulada
124,0.08722696311840225,7.381377551020408,16.6,no_simulada
89,0.06309725859956344,6.3813775510204085,50.41428571428571,no_simulada
190,0.09487619159774671,14.561224489795919,49.48571428571429,no_simulada
155,0.0889156126722244,5.178571428571429,33.05714285714286,no_simulada
202,0.08843776284833343,20.289540816326532,36.65714285714286,no_simulada
234,0.10629603194233066,13.575255102040815,37.5,no_simulada
208,0.09429009910009989,12.33673469387755,43.142857142857146,no_simulada
67,0.04510999837295285,3.673469387755102,39.128571428571426,no_simulada
48,0.040255485837579645,1.6428571428571428,38.72857142857143,no_simulada
36,0.11054732329464945,1.6058673469387756,11.714285714285714,no_simulada
54,0.04521723432962927,3.9081632653061225,26.114285714285714,no_simulada
97,0.058613605843522966,7.401785714285714,39.68571428571428,no_simulada
29,0.11892864169079004,1.3877551020408165,10.757142857142858,no_simulada
98,0.11131835851363918,5.248724489795919,33.34285714285714,no_simulada
62,0.09792359098330887,2.6377551020408165,40.857142857142854,no_simulada
228,0.08809161769271925,13.646683673469386,56.15714285714286,no_simulada
39,0.13000419349026157,2.4630102040816326,19.185714285714287,no_simulada
75,0.056190300593577776,6.248724489795919,51.02857142857143,no_simulada
44,0.08328099073291381,2.075255102040816,5.271428571428571,no_simulada
43,0.13688744971993053,3.881377551020408,22.771428571428572,no_simulada
83,0.08189738735766493,5.1938775510204085,43.72857142857143,no_simulada
36,0.025662588710834322,1.836734693877551,26.942857142857143,no_simulada
70,0.046426942303408776,2.8877551020408165,41.77142857142857,no_simulada
38,0.04501495174006487,1.8520408163265307,10.685714285714285,no_simulada
40,0.036133995427952224,4.392857142857143,34.48571428571429,no_simulada
50,0.07671891124871003,5.030612244897959,32.128571428571426,no_simulada
77,0.1423744061186517,2.7181122448979593,36.457142857142856,no_simulada
58,0.05991179920488486,2.360969387755102,38.44285714285714,no_simulada
100,0.10934766413937212,4.860969387755103,54.52857142857143,no_simulada
33,0.0769363398039869,3.8201530612244894,27.8,no_simulada
63,0.06300456757836621,1.5663265306122451,32.51428571428571,no_simulada
112,0.0833236729850634,6.846938775510204,54.24285714285714,no_simulada
77,0.06105526447005145,4.678571428571429,39.41428571428571,no_simulada
101,0.07368285476355182,8.78954081632653,57.91428571428571,no_simulada
99,0.10517435973637354,3.167091836734694,46.82857142857143,no_simulada
110,0.09504945799527856,5.432397959183674,30.67142857142857,no_simulada
30,0.024851102056984403,2.8112244897959187,23.285714285714285,no_simulada
183,0.08974878582325217,7.943877551020408,23.071428571428573,no_simulada
26,0.02772690272690273,1.9323979591836733,26.685714285714287,no_simulada
119,0.0854796947920597,8.53061224489796,60.5,no_simulada
41,0.06275565675759304,1.9438775510204083,26.457142857142856,no_simulada
101,0.11674608349233263,4.744897959183674,47.91428571428571,no_simulada
61,0.0690281707342453,2.3201530612244894,38.47142857142857,no_simulada
52,0.05796604135452152,3.9017857142857144,38.3,no_simulada
195,0.10127193348650944,11.10204081632653,40.48571428571429,no_simulada
175,0.10293654852020717,5.193877551020408,59.67142857142857,no_simulada
160,0.09262641095762243,5.963010204081633,60.65714285714286,no_simulada
26,0.028765432098765427,0.836734693877551,14.642857142857142,no_simulada
66,0.10253862402953015,5.561224489795919,41.42857142857143,no_simulada
94,0.08271030593705961,5.1020408163265305,46.214285714285715,no_simulada
38,0.12864937641723356,1.086734693877551,11.857142857142858,no_simulada
154,0.0963390350857776,7.2397959183673475,41.214285714285715,no_simulada
131,0.09124434260102869,7.116071428571429,48.457142857142856,no_simulada
74,0.05383488281452084,4.1938775510204085,26.32857142857143,no_simulada
155,0.0889156126722244,5.178571428571429,33.05714285714286,no_simulada
37,0.03640749984704232,1.8826530612244898,41.07142857142857,no_simulada
77,0.06462597237282586,3.309948979591837,53.142857142857146,no_simulada
240,0.0999184276675642,16.78061224489796,45.25714285714286,no_simulada
103,0.09182223297981153,4.218112244897959,41.24285714285714,no_simulada
106,0.07806002221224449,5.346938775510204,51.97142857142857,no_simulada
130,0.0972758984757874,6.459183673469388,29.65714285714286,no_simulada
116,0.08039146075652823,9.193877551020408,51.885714285714286,no_simulada
83,0.06600677371879513,4.994897959183674,46.614285714285714,no_simulada
91,0.07643179956563187,5.758928571428571,47.08571428571429,no_simulada
232,0.08704898953951459,10.218112244897958,51.47142857142857,no_simulada
50,0.03601262364849319,5.204081632653062,34.58571428571429,no_simulada
25,0.052590266875981166,1.2385204081632655,6.114285714285714,no_simulada
31,0.0554177871952808,2.2857142857142856,26.84285714285714,no_simulada
62,0.0810674525239993,2.0867346938775513,28.814285714285713,no_simulada
191,0.09162554459875892,9.137755102040817,54.2,no_simulada
117,0.07037214601307246,6.616071428571429,51.48571428571429,no_simulada
67,0.08071980973318764,3.4323979591836737,54.75714285714286,no_simulada
55,0.04022012568751697,5.667091836734693,36.4,no_simulada
34,0.05135046734311439,2.2653061224489797,23.557142857142857,no_simulada
44,0.03069813784099498,3.748724489795918,28.957142857142856,no_simulada
95,0.0647422303506105,2.7181122448979593,49.55714285714286,no_simulada
124,0.08157801587164477,4.908163265306123,19.228571428571428,no_simulada
100,0.05783684472164501,8.76530612244898,52.457142857142856,no_simulada
70,0.08055884639292649,3.4017857142857144,28.714285714285715,no_simulada
36,0.09974766637170729,2.3469387755102042,25.97142857142857,no_simulada
149,0.09773446875079683,6.473214285714286,40.714285714285715,no_simulada
198,0.07204190698169521,9.116071428571429,39.128571428571426,no_simulada
57,0.05895704200826018,2.816326530612245,28.514285714285716,no_simulada
134,0.09971359458593776,4.892857142857143,43.02857142857143,no_simulada
54,0.04790342533849025,3.7589285714285716,39.02857142857143,no_simulada
68,0.09694236995978851,4.105867346938775,24.84285714285714,no_simulada
237,0.09675846515952069,7.6772959183673475,62.01428571428571,no_simulada
48,0.04365181524411121,1.6058673469387756,29.9,no_simulada
84,0.05684579198076649,2.7448979591836737,51.32857142857143,no_simulada
124,0.07502344112965896,11.387755102040817,54.1,no_simulada
206,0.09483954425658413,8.693877551020408,43.642857142857146,no_simulada
152,0.08854334879241296,7.408163265306123,42.72857142857143,no_simulada
26,0.0495002787616424,1.780612244897959,20.857142857142858,no_simulada
58,0.03700312618416064,3.979591836734694,37.65714285714286,no_simulada
46,0.07692694923087078,1.586734693877551,22.771428571428572,no_simulada
120,0.07657070382173592,5.1938775510204085,37.5,no_simulada
48,0.04348170933792596,2.122448979591837,31.47142857142857,no_simulada
94,0.10541908314695325,5.6772959183673475,51.32857142857143,no_simulada
183,0.07317659257682527,9.238520408163266,37.31428571428572,no_simulada
55,0.08166144861089455,3.622448979591837,38.642857142857146,no_simulada
84,0.05968714873887291,5.3520408163265305,46.9,no_simulada
113,0.10764165182160122,5.107142857142857,56.6,no_simulada
26,0.10702250130821563,0.7397959183673469,9.557142857142857,no_simulada
28,0.051906805315896226,2.193877551020408,20.428571428571427,no_simulada
91,0.07158747130257101,4.646683673469388,46.457142857142856,no_simulada
92,0.10240529482089067,4.024234693877551,32.1,no_simulada
157,0.07804861154225352,7.82015306122449,43.25714285714286,no_simulada
150,0.07926077339469882,8.744897959183673,61.3,no_simulada
83,0.06241614420855158,4.105867346938775,26.9,no_simulada
41,0.11301860420281475,3.2448979591836737,12.957142857142857,no_simulada
55,0.033286629796370065,2.346938775510204,32.75714285714286,no_simulada
44,0.09328842453842452,1.780612244897959,26.757142857142856,no_simulada
160,0.10440169379576338,4.1875,33.871428571428574,no_simulada
48,0.06013022303783173,2.3112244897959187,10.914285714285715,no_simulada
129,0.12348057659873113,7.095663265306123,46.857142857142854,no_simulada
220,0.08242696960994873,10.45280612244898,43.8,no_simulada
31,0.06720582697170586,2.5867346938775513,26.357142857142858,no_simulada
107,0.13198473008068706,4.809948979591837,39.98571428571429,no_simulada
173,0.11849099888103595,6.952806122448979,50.385714285714286,no_simulada
91,0.0646972203502761,5.82015306122449,32.7,no_simulada
38,0.06562445340854431,1.4528061224489797,23.9,no_simulada
119,0.06967354056527193,6.494897959183674,50.07142857142857,no_simulada
47,0.07016267954993445,2.9528061224489797,26.928571428571427,no_simulada
69,0.05979065363648691,3.7806122448979593,31.514285714285716,no_simulada
109,0.06077752003325023,7.658163265306122,53.77142857142857,no_simulada
178,0.08253641472880942,7.454081632653062,49.02857142857143,no_simulada
46,0.11662918953694354,2.667091836734694,20.814285714285713,no_simulada
202,0.09672171142332667,11.095663265306124,54.3,no_simulada
60,0.06662917396613045,2.8367346938775513,45.214285714285715,no_simulada
43,0.029268621114188976,1.9323979591836733,31.714285714285715,no_simulada
119,0.10080104620779694,5.809948979591837,55.75714285714286,no_simulada
152,0.08932898270018062,10.146683673469386,43.857142857142854,no_simulada
175,0.10899818081472099,10.418367346938776,34.871428571428574,no_simulada
40,0.057945513768495126,2.7589285714285716,21.014285714285716,no_simulada
91,0.10308898654189938,3.2755102040816326,21.3,no_simulada
125,0.09306255405365418,3.289540816326531,47.4,no_simulada
40,0.05322424701799446,3.4540816326530615,37.371428571428574,no_simulada
130,0.08971588691178875,7.346938775510204,58.67142857142857,no_simulada
33,0.037067522165561355,2.423469387755102,25.914285714285715,no_simulada
33,0.07731716753455885,1.8201530612244898,11.928571428571429,no_simulada
49,0.04374633568952317,2.044642857142857,43.628571428571426,no_simulada
60,0.0654508940446695,2.7091836734693877,23.242857142857144,no_simulada
76,0.0720585628139977,5.8813775510204085,45.0,no_simulada
99,0.10948116537051907,4.311224489795919,24.457142857142856,no_simulada
73,0.0745569323619429,5.13265306122449,45.15714285714286,no_simulada
108,0.051210919250420935,8.32015306122449,56.17142857142857,no_simulada
80,0.08089101015731444,7.372448979591836,40.02857142857143,no_simulada
71,0.08196679709179706,3.1377551020408165,44.44285714285714,no_simulada
38,0.0919013605442177,2.7487244897959187,24.5,no_simulada
225,0.11092719237540957,11.075255102040815,48.81428571428572,no_simulada
112,0.08542476436539276,6.463010204081633,54.75714285714286,no_simulada
37,0.03539851125635439,3.0510204081632653,22.014285714285716,no_simulada
217,0.09418627631594685,8.860969387755102,50.81428571428572,no_simulada
166,0.08978056427676191,11.177295918367347,52.042857142857144,no_simulada
70,0.05730288217913632,6.959183673469388,44.52857142857143,no_simulada
45,0.08497774271651978,1.860969387755102,29.485714285714284,no_simulada
45,0.06349520962411882,4.667091836734693,37.68571428571428,no_simulada
168,0.10431268280021612,8.6875,54.8,no_simulada
88,0.08126877135210464,4.8813775510204085,41.42857142857143,no_simulada
160,0.09099934612549837,7.646683673469388,50.2,no_simulada
65,0.08819640394739207,2.9017857142857144,28.385714285714286,no_simulada
49,0.03842350746375514,2.6326530612244894,23.214285714285715,no_simulada
120,0.07789653440945041,10.575255102040815,46.08571428571429,no_simulada
167,0.10032249926900483,6.775510204081633,60.285714285714285,no_simulada
169,0.08464873841186667,6.4528061224489806,42.91428571428571,no_simulada
74,0.054458243616614645,3.1326530612244894,45.77142857142857,no_simulada
42,0.12124099850176404,2.193877551020408,20.685714285714287,no_simulada
104,0.07796375593335504,7.646683673469388,32.24285714285714,no_simulada
86,0.06526079614975568,5.4528061224489806,49.72857142857143,no_simulada
97,0.09088294142872005,3.381377551020408,53.214285714285715,no_simulada
158,0.10132449524715474,7.178571428571429,56.91428571428571,no_simulada
68,0.06928502242404805,2.5752551020408165,9.128571428571428,no_simulada
38,0.09627605727605727,1.2755102040816326,20.428571428571427,no_simulada
59,0.043990805490805474,5.979591836734693,47.82857142857143,no_simulada
54,0.055526917040074925,4.525510204081633,41.42857142857143,no_simulada
154,0.08746250038731773,8.33673469387755,22.071428571428573,no_simulada
25,0.09964785214785217,1.3201530612244898,10.585714285714285,no_simulada
171,0.09503282021817491,7.780612244897959,54.614285714285714,no_simulada
100,0.09299369585683914,6.524234693877552,34.957142857142856,no_simulada
136,0.08345665829159357,6.146683673469388,46.07142857142857,no_simulada
53,0.03512631579958989,4.595663265306122,25.82857142857143,no_simulada
168,0.08326686856692712,8.105867346938776,54.74285714285714,no_simulada
54,0.05595125899927308,4.809948979591837,44.357142857142854,no_simulada
47,0.05683654036595212,2.218112244897959,25.757142857142856,no_simulada
88,0.09159343588904544,5.534438775510204,42.52857142857143,no_simulada
77,0.07535229351626961,3.1581632653061225,39.642857142857146,no_simulada
107,0.11113837260453181,4.357142857142857,30.6,no_simulada
107,0.07944270133091191,5.158163265306122,53.05714285714286,no_simulada
115,0.10344746607313819,7.428571428571429,57.1,no_simulada
41,0.04278376618712752,1.846938775510204,24.8,no_simulada
73,0.07435750706949545,5.167091836734694,28.37142857142857,no_simulada
132,0.08432131911292351,9.372448979591837,39.7,no_simulada
172,0.09463167425864095,10.892857142857142,44.44285714285714,no_simulada
94,0.07784713133706178,7.525510204081633,46.91428571428571,no_simulada
29,0.028287783644926495,1.780612244897959,18.47142857142857,no_simulada
50,0.07133996022651481,2.003826530612245,10.8,no_simulada
44,0.07268263238309677,3.0969387755102042,39.457142857142856,no_simulada
129,0.08602093891822027,4.785714285714286,32.5,no_simulada
62,0.10883438682490541,2.6058673469387754,8.085714285714285,no_simulada
60,0.050636945920559326,3.443877551020408,39.67142857142857,no_simulada
158,0.10687338996633972,8.32015306122449,57.542857142857144,no_simulada
124,0.10823126742985256,5.7895408163265305,25.3,no_simulada
29,0.06267383503224465,3.0153061224489797,20.114285714285714,no_simulada
84,0.08037938938274426,4.218112244897959,42.25714285714286,no_simulada
33,0.02860091082140772,2.2040816326530615,15.342857142857143,no_simulada
239,0.09314230376407515,7.637755102040816,46.1,no_simulada
42,0.040915971244189484,2.9897959183673466,28.0,no_simulada
208,0.08126843971341709,13.030612244897958,37.42857142857143,no_simulada
135,0.0809241417141067,10.075255102040815,60.6,no_simulada
64,0.06883022475231093,2.8201530612244894,18.34285714285714,no_simulada
81,0.08082075996762828,7.105867346938775,26.214285714285715,no_simulada
27,0.019898010486245777,1.7653061224489797,13.785714285714286,no_simulada
59,0.041617183651497344,5.678571428571429,44.82857142857143,no_simulada
54,0.04342920501533945,3.4591836734693877,40.15714285714286,no_simulada
137,0.0743604629501543,7.061224489795919,52.385714285714286,no_simulada
139,0.10083295921903634,5.571428571428571,55.91428571428571,no_simulada
34,0.05135046734311439,2.2653061224489797,23.557142857142857,no_simulada
70,0.10036219337126501,3.9948979591836737,42.44285714285714,no_simulada
115,0.0971985611568258,3.534438775510204,31.285714285714285,no_simulada
113,0.07285161933796576,9.82015306122449,55.57142857142857,no_simulada
77,0.04433838361020522,4.758928571428571,44.52857142857143,no_simulada
215,0.10293349018280253,11.954081632653061,58.98571428571429,no_simulada
48,0.05360791196462635,2.372448979591837,24.2,no_simulada
36,0.06508064838104365,1.8520408163265307,3.257142857142857,no_simulada
38,0.03637591983180219,2.6581632653061225,26.514285714285716,no_simulada
46,0.06451593309011504,4.330357142857143,33.02857142857143,no_simulada
205,0.08896314937038168,5.346938775510204,57.94285714285714,no_simulada
53,0.0778163891001131,3.372448979591837,37.77142857142857,no_simulada
70,0.06685103103026102,4.8813775510204085,31.928571428571427,no_simulada
82,0.07768627128229941,4.463010204081632,43.25714285714286,no_simulada
193,0.07714828084706614,10.1875,21.114285714285714,no_simulada
26,0.07982924482924483,1.4323979591836735,18.6,no_simulada
42,0.04311288549108328,2.6772959183673466,31.914285714285715,no_simulada
196,0.08912774018744568,9.95280612244898,39.614285714285714,no_simulada
95,0.07623330905932854,4.3520408163265305,23.714285714285715,no_simulada
88,0.09159343588904544,5.534438775510204,42.52857142857143,no_simulada
31,0.07962379396202926,2.6058673469387754,16.185714285714287,no_simulada
186,0.0842700102041716,10.107142857142858,37.48571428571429,no_simulada
124,0.08956073129255197,7.463010204081633,60.58571428571429,no_simulada
60,0.061430860368921376,3.7448979591836737,30.37142857142857,no_simulada
194,0.09121837505624464,10.923469387755102,38.48571428571429,no_simulada
213,0.09421818606963216,7.892857142857143,26.32857142857143,no_simulada
195,0.08000721621620761,12.45280612244898,41.6,no_simulada
121,0.0967946615453873,5.7895408163265305,34.3,no_simulada
96,0.052385676447248015,4.003826530612245,52.48571428571429,no_simulada
35,0.0959838919250684,1.6581632653061225,22.185714285714287,no_simulada
180,0.08762690691878555,7.095663265306123,62.47142857142857,no_simulada
216,0.0949416951685357,9.605867346938776,55.15714285714286,no_simulada
203,0.10141927822482406,8.464285714285714,51.957142857142856,no_simulada
195,0.08570792301179327,8.918367346938776,33.55714285714286,no_simulada
52,0.1406021984090324,3.3367346938775513,18.514285714285716,no_simulada
132,0.08460567525968657,5.561224489795919,40.58571428571429,no_simulada
64,0.07191811895580022,2.5956632653061225,36.84285714285714,no_simulada
59,0.15240843856262123,2.2385204081632653,17.557142857142857,no_simulada
166,0.09911178160709634,12.051020408163266,37.27142857142857,no_simulada
42,0.040915971244189484,2.9897959183673466,28.0,no_simulada
47,0.07644761548344035,1.8915816326530612,31.15714285714286,no_simulada
57,0.06007650260367649,5.544642857142857,35.05714285714286,no_simulada
44,0.03620480627405835,3.1772959183673466,32.08571428571429,no_simulada
52,0.051864856276620956,2.391581632653061,14.728571428571428,no_simulada
80,0.06855648329666861,4.524234693877551,39.44285714285714,no_simulada
53,0.10046489303807189,3.9630102040816326,28.84285714285714,no_simulada
54,0.0767341185049518,2.167091836734694,29.271428571428572,no_simulada
50,0.047674676713103215,2.443877551020408,33.24285714285714,no_simulada
45,0.12821149135410956,3.2487244897959187,24.642857142857142,no_simulada
105,0.0663741259995804,8.464285714285714,32.42857142857143,no_simulada
56,0.060592976194999905,2.6785714285714284,31.514285714285716,no_simulada
41,0.04918261706713829,3.9630102040816326,26.442857142857143,no_simulada
150,0.11113473122079538,7.729591836734693,44.92857142857143,no_simulada
164,0.09636896826330107,8.677295918367347,43.01428571428571,no_simulada
240,0.10089326878573264,13.860969387755102,61.31428571428572,no_simulada
146,0.09640420070737266,9.88265306122449,51.871428571428574,no_simulada
71,0.05208535511271121,7.13265306122449,40.91428571428571,no_simulada
178,0.07427182280264644,6.244897959183674,30.314285714285713,no_simulada
37,0.09014633821748445,0.9795918367346939,15.5,no_simulada
144,0.0785451135609029,9.994897959183673,53.41428571428571,no_simulada
75,0.05946605207251494,4.729591836734694,50.18571428571428,no_simulada
102,0.09342053705383883,6.575255102040816,31.1,no_simulada
154,0.09303510230388974,10.285714285714286,61.74285714285714,no_simulada
190,0.08802771209576353,16.830357142857142,30.685714285714287,no_simulada
71,0.0982229519992678,2.3214285714285716,18.385714285714286,no_simulada
189,0.0894759848769593,6.258928571428571,36.74285714285714,no_simulada
29,0.038730359147025814,1.5255102040816326,10.2,no_simulada
28,0.0161514037433155,1.3303571428571428,17.942857142857143,no_simulada
135,0.09378582116704834,7.6020408163265305,53.957142857142856,no_simulada
159,0.08416040237657574,9.33673469387755,42.5,no_simulada
46,0.09464186476337176,4.218112244897959,29.857142857142858,no_simulada
149,0.08081111397463664,4.658163265306122,40.0,no_simulada
131,0.09050632566305399,7.024234693877552,31.442857142857143,no_simulada
73,0.0917574082040956,5.605867346938775,30.5,no_simulada
61,0.07066852737905369,3.003826530612245,24.428571428571427,no_simulada
80,0.055887311875567704,3.7653061224489797,45.957142857142856,no_simulada
52,0.04989160421216438,4.658163265306122,32.2,no_simulada
74,0.04254960112410847,4.561224489795919,41.84285714285714,no_simulada
82,0.08432302468908488,5.122448979591837,41.32857142857143,no_simulada
47,0.03784667749048095,4.051020408163265,38.142857142857146,no_simulada
134,0.0655240431404478,10.693877551020408,22.242857142857144,no_simulada
139,0.09512004922627737,6.034438775510204,58.68571428571428,no_simulada
188,0.10089324438983768,12.209183673469386,43.0,no_simulada
180,0.08931772675795242,6.908163265306123,33.74285714285714,no_simulada
98,0.06421348373291284,4.1772959183673475,42.357142857142854,no_simulada
106,0.07654888470720858,7.8813775510204085,52.714285714285715,no_simulada
95,0.09223952375363163,6.38265306122449,45.34285714285714,no_simulada
33,0.0622789247789248,3.642857142857143,21.542857142857144,no_simulada
193,0.07979592287349423,6.095663265306123,39.48571428571429,no_simulada
99,0.07660506738399829,12.178571428571429,53.285714285714285,no_simulada
139,0.07171598288645656,12.173469387755102,31.957142857142856,no_simulada
50,0.03601262364849319,5.204081632653062,34.58571428571429,no_simulada
109,0.07804144060592655,6.418367346938775,59.7,no_simulada
120,0.05845151302927234,8.428571428571429,50.82857142857143,no_simulada
64,0.06326092877068129,3.5242346938775513,50.94285714285714,no_simulada
66,0.07515301714863627,3.789540816326531,48.0,no_simulada
29,0.01754918896463014,1.8112244897959184,14.585714285714285,no_simulada
188,0.10804114335958083,8.503826530612246,61.94285714285714,no_simulada
85,0.04970241604182114,5.387755102040816,46.55714285714286,no_simulada
175,0.08153836225868133,8.26530612244898,26.34285714285714,no_simulada
40,0.06610046038617468,2.2653061224489797,15.8,no_simulada
118,0.11827415151325936,6.387755102040816,49.6,no_simulada
113,0.07962398096955986,7.408163265306123,33.42857142857143,no_simulada
154,0.09742496865983293,4.846938775510204,35.9,no_simulada
119,0.08017144839943235,5.330357142857143,61.41428571428571,no_simulada
52,0.04591056870818772,2.6377551020408165,40.67142857142857,no_simulada
97,0.08151172267789059,4.258928571428571,44.68571428571428,no_simulada
69,0.07665209241075537,1.7895408163265305,45.84285714285714,no_simulada
154,0.0985331639780444,7.137755102040816,52.58571428571429,no_simulada
26,0.05825720594871735,2.2448979591836737,33.15714285714286,no_simulada
115,0.06597403055736387,6.095663265306123,61.72857142857143,no_simulada
97,0.06779415672436269,8.003826530612246,39.2,no_simulada
162,0.09573481681183768,5.346938775510204,39.18571428571428,no_simulada
63,0.04707732942828206,5.248724489795919,29.37142857142857,no_simulada
49,0.0615031332330094,3.2091836734693877,38.3,no_simulada
59,0.04536006275354645,3.7448979591836737,43.82857142857143,no_simulada
89,0.07677116309731563,4.051020408163265,42.57142857142857,no_simulada
76,0.0817268934768935,3.943877551020408,14.057142857142857,no_simulada
47,0.07147149499787146,2.7448979591836737,24.12857142857143,no_simulada
66,0.04318900398708,5.095663265306123,45.01428571428571,no_simulada
188,0.09067958842663652,7.830357142857143,39.51428571428571,no_simulada
97,0.08081634985373969,2.739795918367347,42.68571428571428,no_simulada
170,0.08894210420787564,9.095663265306124,55.42857142857143,no_simulada
107,0.07031383214267335,6.6772959183673475,41.957142857142856,no_simulada
116,0.0774223559128556,4.454081632653061,33.07142857142857,no_simulada
27,0.03620916120916121,1.6058673469387756,17.8,no_simulada
60,0.11456030840927864,2.177295918367347,31.085714285714285,no_simulada
89,0.07844322024711653,6.744897959183674,43.65714285714286,no_simulada
193,0.08074739214859573,10.218112244897958,36.128571428571426,no_simulada
75,0.08880086264691031,4.809948979591837,11.457142857142857,no_simulada
87,0.05369481565024929,5.003826530612245,54.18571428571428,no_simulada
35,0.04338286345206761,2.7448979591836737,30.742857142857144,no_simulada
28,0.044563851181498235,2.3010204081632653,18.4,no_simulada
219,0.08750594455555938,9.932397959183673,63.08571428571429,no_simulada
26,0.0914366588386196,0.8813775510204082,7.5285714285714285,no_simulada
46,0.10139645958970608,1.4948979591836735,14.3,no_simulada
107,0.08380778032738825,4.003826530612245,60.0,no_simulada
183,0.08283399818867833,6.785714285714286,58.02857142857143,no_simulada
29,0.09699386125856711,2.544642857142857,23.314285714285713,no_simulada
78,0.09767956129411236,3.003826530612245,47.628571428571426,no_simulada
121,0.08719420096443545,7.044642857142857,39.142857142857146,no_simulada
225,0.10843183121058547,11.248724489795919,60.84285714285714,no_simulada
45,0.0855613136863137,2.5612244897959187,21.2,no_simulada
210,0.09038269094645274,12.534438775510205,24.814285714285713,no_simulada
87,0.04324429326208263,2.3367346938775513,42.67142857142857,no_simulada
50,0.051451729664768985,2.622448979591837,35.74285714285714,no_simulada
97,0.08151172267789059,4.258928571428571,44.68571428571428,no_simulada
66,0.06412192432723833,5.7653061224489806,40.77142857142857,no_simulada
103,0.08126547811268668,7.2397959183673475,46.94285714285714,no_simulada
100,0.0782789165320663,4.646683673469388,38.542857142857144,no_simulada
92,0.0598256467069854,6.003826530612245,44.542857142857144,no_simulada
174,0.08449322119267515,9.605867346938776,38.92857142857143,no_simulada
52,0.10832212628845755,2.6466836734693877,27.428571428571427,no_simulada
80,0.06866556607961069,4.642857142857143,41.285714285714285,no_simulada
218,0.08975005586881024,10.575255102040815,56.31428571428572,no_simulada
41,0.06699111178434489,2.544642857142857,21.642857142857142,no_simulada
136,0.07833948304655641,11.158163265306124,51.34285714285714,no_simulada
53,0.13390949500906674,2.561224489795918,19.9,no_simulada
139,0.0787237376363091,6.372448979591836,59.214285714285715,no_simulada
107,0.12879971958850872,6.7895408163265305,45.68571428571428,no_simulada
134,0.08116885482614368,11.667091836734695,62.08571428571429,no_simulada
121,0.08274971785379033,6.1875,36.457142857142856,no_simulada
126,0.0753954862599663,8.908163265306124,54.042857142857144,no_simulada
80,0.07334928732034018,8.357142857142858,44.27142857142857,no_simulada
55,0.07240717248058806,3.1326530612244894,29.32857142857143,no_simulada
47,0.029809223184223188,2.881377551020408,37.042857142857144,no_simulada
90,0.07127629401660482,4.432397959183674,48.371428571428574,no_simulada
50,0.04456157065806188,3.275510204081633,32.75714285714286,no_simulada
118,0.08478849204491205,5.330357142857143,43.98571428571429,no_simulada
25,0.10928030303030303,1.1326530612244898,10.757142857142858,no_simulada
122,0.06639119034613047,5.3520408163265305,53.07142857142857,no_simulada
153,0.10105833370186065,8.32015306122449,54.18571428571428,no_simulada
234,0.10199512821048277,12.658163265306124,44.214285714285715,no_simulada
58,0.04176261812540005,3.503826530612245,32.3,no_simulada
64,0.0914757612694526,1.6670918367346939,8.9,no_simulada
230,0.09669061160133122,11.321428571428571,35.42857142857143,no_simulada
171,0.0802295997418713,11.637755102040815,37.24285714285714,no_simulada
104,0.09155845175573088,4.408163265306123,7.357142857142857,no_simulada
147,0.09510103793521488,12.285714285714286,38.714285714285715,no_simulada
143,0.08915903995670858,7.003826530612245,49.714285714285715,no_simulada
33,0.04120675532158786,1.9732142857142858,10.228571428571428,no_simulada
79,0.06281817688484359,2.381377551020408,26.97142857142857,no_simulada
94,0.08533929855514828,5.330357142857143,35.128571428571426,no_simulada
75,0.08937790721853517,4.932397959183674,23.642857142857142,no_simulada
72,0.08653322534529377,4.524234693877551,48.614285714285714,no_simulada
44,0.08933733869234384,1.75,16.12857142857143,no_simulada
126,0.0889805817842041,8.432397959183673,56.82857142857143,no_simulada
44,0.07572641592249434,2.346938775510204,22.728571428571428,no_simulada
40,0.07117005437018226,1.8877551020408163,16.97142857142857,no_simulada
61,0.03988858577320115,2.8010204081632653,42.357142857142854,no_simulada
127,0.0873439035500853,7.311224489795919,36.142857142857146,no_simulada
70,0.04968929844665136,6.432397959183674,34.05714285714286,no_simulada
41,0.11559918756888453,2.6581632653061225,16.37142857142857,no_simulada
87,0.0678255808408821,2.4630102040816326,40.114285714285714,no_simulada
188,0.0790931273645022,7.003826530612245,28.642857142857142,no_simulada
76,0.055946002192750574,3.423469387755102,44.8,no_simulada
48,0.05363707983193277,3.248724489795918,28.32857142857143,no_simulada
101,0.08748259738858709,8.821428571428571,29.9,no_simulada
181,0.09922079388613932,10.678571428571429,42.55714285714286,no_simulada
116,0.13316117143993467,2.954081632653061,41.27142857142857,no_simulada
90,0.09052666058895757,3.892857142857143,45.47142857142857,no_simulada
151,0.09058585060726049,18.21811224489796,51.25714285714286,no_simulada
136,0.09917214705708066,7.204081632653062,15.928571428571429,no_simulada
206,0.08990801330353664,18.908163265306122,43.91428571428571,no_simulada
130,0.07967463875959942,6.034438775510204,46.0,no_simulada
63,0.06014249502894662,6.071428571428571,40.785714285714285,no_simulada
74,0.08069821696621225,4.748724489795919,38.91428571428571,no_simulada
172,0.09743422435147665,9.872448979591837,46.41428571428571,no_simulada
221,0.09438884310985186,11.872448979591837,63.857142857142854,no_simulada
101,0.08281823867329065,4.095663265306123,24.37142857142857,no_simulada
25,0.11829991358891735,1.2487244897959184,13.157142857142857,no_simulada
80,0.10063282442547777,6.244897959183674,41.27142857142857,no_simulada
115,0.0823413737555712,6.8520408163265305,27.485714285714284,no_simulada
167,0.07965730230737987,11.454081632653061,49.74285714285714,no_simulada
169,0.10669156616047273,7.7653061224489806,39.02857142857143,no_simulada
106,0.07421631609826096,3.729591836734694,58.642857142857146,no_simulada
42,0.1152965995515015,1.4795918367346939,4.385714285714286,no_simulada
178,0.0966945071426384,12.0,43.0,no_simulada
46,0.027686718166594317,2.602040816326531,28.52857142857143,no_simulada
155,0.0845009818607562,6.258928571428571,52.885714285714286,no_simulada
54,0.044597285664375534,3.1772959183673466,36.385714285714286,no_simulada
32,0.02678571428571429,2.1683673469387754,21.0,no_simulada
101,0.06417646385477281,6.204081632653062,12.014285714285714,no_simulada
200,0.09805670314867505,10.561224489795919,39.542857142857144,no_simulada
98,0.11051797575643733,5.88265306122449,32.114285714285714,no_simulada
42,0.051291923888077746,1.4948979591836733,18.2,no_simulada
118,0.09580425155886318,6.015306122448979,50.34285714285714,no_simulada
93,0.06607474889195403,5.432397959183674,53.15714285714286,no_simulada
59,0.09480132136382141,1.8214285714285714,35.67142857142857,no_simulada
157,0.08513210621320574,5.9897959183673475,36.857142857142854,no_simulada
99,0.08300934866828771,6.173469387755103,43.2,no_simulada
67,0.07776568381921271,1.7142857142857142,20.1,no_simulada
41,0.06275565675759304,1.9438775510204083,26.457142857142856,no_simulada
47,0.047366650510299285,2.391581632653061,35.75714285714286,no_simulada
72,0.09298786096281376,4.146683673469388,34.5,no_simulada
40,0.044671862071446536,3.2385204081632653,33.52857142857143,no_simulada
206,0.07657391294036374,5.872448979591837,47.91428571428571,no_simulada
33,0.07489161531559192,1.034438775510204,10.542857142857143,no_simulada
33,0.09196768985371927,2.534438775510204,16.014285714285716,no_simulada
49,0.06653142179457971,3.6683673469387754,17.957142857142856,no_simulada
124,0.08511621855759889,10.738520408163266,55.214285714285715,no_simulada
82,0.06776908203108349,4.718112244897959,31.142857142857142,no_simulada
238,0.07884616744118836,10.316326530612244,36.68571428571428,no_simulada
47,0.050764805472346346,1.677295918367347,36.57142857142857,no_simulada
41,0.0318215935099052,2.2653061224489797,34.01428571428571,no_simulada
124,0.08168353177330477,5.959183673469388,59.114285714285714,no_simulada
147,0.09833578680070881,4.525510204081632,47.042857142857144,no_simulada
54,0.054016148382213296,2.2385204081632653,26.571428571428573,no_simulada
93,0.07328112059719465,6.748724489795919,49.82857142857143,no_simulada
73,0.054950677327040176,4.667091836734694,44.614285714285714,no_simulada
109,0.08106249605823325,8.811224489795919,41.44285714285714,no_simulada
180,0.08762690691878555,7.095663265306123,62.47142857142857,no_simulada
87,0.08896012919004424,4.503826530612245,44.81428571428572,no_simulada
134,0.08445707559010816,9.463010204081632,62.18571428571428,no_simulada
120,0.08837068806222668,3.107142857142857,43.15714285714286,no_simulada
51,0.04836350435974495,4.503826530612245,29.82857142857143,no_simulada
66,0.07254765702134117,3.311224489795918,46.5,no_simulada
132,0.09007137577058158,5.218112244897959,45.22857142857143,no_simulada
183,0.09722945504351937,15.107142857142858,61.92857142857143,no_simulada
157,0.08998138662879529,10.891581632653061,21.385714285714286,no_simulada
203,0.097402543587091,15.459183673469386,38.41428571428571,no_simulada
105,0.06743057087484335,6.0153061224489806,55.042857142857144,no_simulada
73,0.05735098702018877,2.668367346938776,33.65714285714286,no_simulada
65,0.05936085074028436,6.524234693877552,36.871428571428574,no_simulada
51,0.12159852231304381,2.667091836734694,25.942857142857143,no_simulada
126,0.0892256548010565,6.780612244897959,31.014285714285716,no_simulada
67,0.0479666156395864,3.0714285714285716,36.542857142857144,no_simulada
42,0.0520189037732897,2.5612244897959187,19.65714285714286,no_simulada
45,0.11567769886914939,1.8915816326530612,27.242857142857144,no_simulada
162,0.09880833879535768,12.1875,55.91428571428571,no_simulada
98,0.09610446306049289,2.2755102040816326,37.05714285714286,no_simulada
32,0.022870364520077038,2.0306122448979593,16.87142857142857,no_simulada
64,0.09285451578520408,2.6058673469387754,38.08571428571429,no_simulada
81,0.10229405074307181,3.1466836734693877,35.48571428571429,no_simulada
160,0.09297543657736591,8.01530612244898,48.18571428571428,no_simulada
67,0.071901288293095,2.454081632653061,26.642857142857142,no_simulada
105,0.1099001517745484,4.177295918367347,54.81428571428572,no_simulada
55,0.09307094757094754,2.239795918367347,19.34285714285714,no_simulada
119,0.10027041263081339,7.346938775510204,39.48571428571429,no_simulada
46,0.07936032272440748,2.352040816326531,26.985714285714284,no_simulada
61,0.041974745374849694,3.9183673469387754,28.65714285714286,no_simulada
123,0.09548414146721315,7.4528061224489806,15.085714285714285,no_simulada
40,0.03763434134951161,2.066326530612245,38.2,no_simulada
45,0.07352171637885922,2.0752551020408165,19.52857142857143,no_simulada
214,0.082931389418486,11.075255102040815,43.74285714285714,no_simulada
182,0.08948548913004739,10.301020408163266,45.77142857142857,no_simulada
61,0.07142376078362232,2.0510204081632653,42.18571428571428,no_simulada
202,0.08579099255588638,5.4897959183673475,61.7,no_simulada
233,0.10051561193006027,12.646683673469386,33.97142857142857,no_simulada
70,0.11139627014786858,2.2385204081632653,33.57142857142857,no_simulada
115,0.11334809671146442,5.63265306122449,29.12857142857143,no_simulada
62,0.09406285944813632,2.4732142857142856,29.32857142857143,no_simulada
37,0.05636025904568106,4.13265306122449,28.014285714285716,no_simulada
132,0.06851751460872853,3.943877551020408,61.84285714285714,no_simulada
205,0.09785437981490148,9.668367346938776,47.32857142857143,no_simulada
221,0.08088385096048645,11.821428571428571,56.214285714285715,no_simulada
138,0.07734096385401856,12.85204081632653,35.91428571428571,no_simulada
88,0.06975544093805944,5.524234693877552,46.042857142857144,no_simulada
220,0.1032922164907684,12.035714285714286,48.52857142857143,no_simulada
44,0.06229153868905426,2.4642857142857144,20.271428571428572,no_simulada
36,0.046654769731692816,1.6326530612244898,18.071428571428573,no_simulada
151,0.08921712592719169,6.168367346938775,20.47142857142857,no_simulada
77,0.09547366853466042,7.401785714285714,48.82857142857143,no_simulada
39,0.06181227619252828,3.107142857142857,28.228571428571428,no_simulada
63,0.046920283196048025,8.275510204081632,43.17142857142857,no_simulada
25,0.0624779541446208,1.1058673469387756,17.742857142857144,no_simulada
94,0.09018878784151961,4.809948979591837,57.114285714285714,no_simulada
45,0.06204476680869866,2.309948979591837,39.371428571428574,no_simulada
94,0.0868778492303111,4.003826530612245,44.58571428571429,no_simulada
102,0.06311084416616795,5.887755102040816,29.957142857142856,no_simulada
37,0.03184523809523809,1.959183673469388,29.142857142857142,no_simulada
55,0.06220187951073668,3.229591836734694,32.857142857142854,no_simulada
42,0.1256285103785104,1.4081632653061225,17.214285714285715,no_simulada
48,0.04038107725607726,2.9948979591836737,32.114285714285714,no_simulada
84,0.05913537356629029,6.38265306122449,49.01428571428571,no_simulada
53,0.05556213645029435,2.622448979591837,40.58571428571429,no_simulada
76,0.055946002192750574,3.423469387755102,44.8,no_simulada
130,0.07953352084762345,12.658163265306124,55.84285714285714,no_simulada
149,0.08081111397463664,4.658163265306122,40.0,no_simulada
78,0.10898170786328679,3.372448979591837,35.7,no_simulada
119,0.0789265675556969,3.1058673469387754,16.014285714285716,no_simulada
52,0.05880930728249067,2.7091836734693877,29.02857142857143,no_simulada
62,0.07322331158543968,4.463010204081632,21.585714285714285,no_simulada
158,0.0961509854835083,6.780612244897959,48.5,no_simulada
45,0.06276313582086322,3.5969387755102042,27.714285714285715,no_simulada
33,0.029771877428127425,1.2895408163265305,25.12857142857143,no_simulada
57,0.12371986639999065,2.4323979591836737,26.614285714285714,no_simulada
117,0.0905747090978298,3.2806122448979593,57.24285714285714,no_simulada
127,0.08513885863619053,5.932397959183674,15.042857142857143,no_simulada
42,0.07572863644292215,2.9017857142857144,26.7,no_simulada
84,0.10878641367619495,4.658163265306122,41.128571428571426,no_simulada
101,0.0903479304671706,4.360969387755103,29.542857142857144,no_simulada
63,0.09749656032662363,2.789540816326531,30.314285714285713,no_simulada
116,0.0798152957636712,5.503826530612245,37.18571428571428,no_simulada
110,0.07165732100620856,6.6772959183673475,20.757142857142856,no_simulada
149,0.08706775270090043,7.738520408163266,56.128571428571426,no_simulada
92,0.09290765400994788,2.704081632653061,39.05714285714286,no_simulada
213,0.09276164275057604,8.239795918367347,53.94285714285714,no_simulada
101,0.08098589908086404,3.6058673469387754,33.34285714285714,no_simulada
131,0.0904865146531815,7.003826530612245,30.771428571428572,no_simulada
127,0.08626293259716795,5.1772959183673475,28.614285714285714,no_simulada
62,0.12057525552724462,3.4630102040816326,30.37142857142857,no_simulada
35,0.026018524733939747,2.979591836734694,31.17142857142857,no_simulada
34,0.10958736776044467,2.739795918367347,27.7,no_simulada
60,0.0865450185627521,1.4017857142857142,29.042857142857144,no_simulada
109,0.07519517744849193,7.229591836734693,30.385714285714286,no_simulada
176,0.08100627894371093,13.891581632653061,61.74285714285714,no_simulada
95,0.07944022553439373,5.38265306122449,13.142857142857142,no_simulada
110,0.08275357978283357,6.454081632653062,21.1,no_simulada
100,0.07317109600400248,5.346938775510204,51.67142857142857,no_simulada
46,0.0532604456946562,2.3877551020408165,17.6,no_simulada
54,0.0699256853613595,4.535714285714286,41.55714285714286,no_simulada
29,0.09295377241805813,1.459183673469388,12.8,no_simulada
77,0.09245612166062989,2.381377551020408,35.3,no_simulada
86,0.09548413084477511,3.5752551020408165,37.01428571428571,no_simulada
45,0.0412629445717681,1.4540816326530612,32.94285714285714,no_simulada
66,0.07227839058845016,3.173469387755102,31.4,no_simulada
37,0.022982456140350875,2.6466836734693877,21.985714285714284,no_simulada
43,0.08821595071595072,2.177295918367347,22.65714285714286,no_simulada
86,0.05633449711623089,6.360969387755103,41.58571428571429,no_simulada
196,0.09207199927026354,10.891581632653061,54.642857142857146,no_simulada
39,0.06784288706668865,1.836734693877551,20.9,no_simulada
173,0.08567097504394434,4.586734693877551,28.32857142857143,no_simulada
97,0.09605527659714863,4.82015306122449,56.91428571428571,no_simulada
61,0.12499317534747097,5.932397959183674,29.8,no_simulada
204,0.09130919901078935,12.122448979591837,40.01428571428571,no_simulada
29,0.1207726949247417,1.7857142857142858,15.057142857142857,no_simulada
54,0.09018054839992998,3.2385204081632653,21.485714285714284,no_simulada
50,0.05296860274801453,1.3099489795918369,29.585714285714285,no_simulada
71,0.085284374795994,5.1020408163265305,43.44285714285714,no_simulada
47,0.05606438006438008,1.8303571428571428,29.442857142857143,no_simulada
177,0.08875548129314176,8.667091836734695,28.5,no_simulada
116,0.08983298512508374,7.1020408163265305,55.68571428571428,no_simulada
202,0.09217505398035294,6.330357142857143,53.15714285714286,no_simulada
51,0.12159852231304381,2.667091836734694,25.942857142857143,no_simulada
135,0.10429316712746341,8.244897959183673,60.2,no_simulada
32,0.03847718253968254,2.6058673469387754,26.385714285714286,no_simulada
83,0.0693056516017455,5.932397959183674,43.68571428571428,no_simulada
212,0.08955766288606519,16.76530612244898,54.614285714285714,no_simulada
163,0.09845665147914412,5.280612244897959,48.371428571428574,no_simulada
128,0.07563902622599092,5.738520408163266,7.5285714285714285,no_simulada
101,0.08281823867329065,4.095663265306123,24.37142857142857,no_simulada
81,0.09319101225975779,2.9528061224489797,45.41428571428571,no_simulada
88,0.09355503669178918,5.309948979591837,18.485714285714284,no_simulada
39,0.04853768916268917,2.3469387755102042,25.15714285714286,no_simulada
108,0.09551303971949356,8.964285714285714,55.885714285714286,no_simulada
44,0.04917487137938784,1.8877551020408163,32.885714285714286,no_simulada
164,0.08769061475775508,7.809948979591836,30.8,no_simulada
97,0.07008006507768706,5.575255102040816,34.07142857142857,no_simulada
96,0.07238013083845034,5.744897959183674,16.7,no_simulada
162,0.0928281617148528,11.6875,49.92857142857143,no_simulada
208,0.08107581522793669,7.454081632653062,24.757142857142856,no_simulada
102,0.06383972956863002,4.275510204081632,26.4,no_simulada
189,0.07892363922256344,10.963010204081632,32.785714285714285,no_simulada
40,0.039550761825197914,2.602040816326531,18.4,no_simulada
136,0.05799266205078792,6.718112244897959,19.928571428571427,no_simulada
137,0.10956544475738854,4.718112244897959,54.91428571428571,no_simulada
42,0.04023415527224391,3.789540816326531,31.0,no_simulada
64,0.1021554900069173,2.2589285714285716,30.571428571428573,no_simulada
65,0.0916080053981848,2.2448979591836737,27.714285714285715,no_simulada
69,0.06421887416441982,3.6326530612244894,28.82857142857143,no_simulada
96,0.08716238340841155,5.3813775510204085,28.757142857142856,no_simulada
42,0.04997668187688194,2.4183673469387754,33.128571428571426,no_simulada
42,0.040915971244189484,2.9897959183673466,28.0,no_simulada
124,0.07982391297655017,7.9528061224489806,47.4,no_simulada
52,0.044885354631226664,3.846938775510204,31.942857142857143,no_simulada
30,0.060909094763261416,1.1160714285714286,16.857142857142858,no_simulada
61,0.06617109239391843,4.846938775510204,36.542857142857144,no_simulada
198,0.08451197333869556,6.535714285714286,54.371428571428574,no_simulada
169,0.07803665350829272,9.596938775510205,41.34285714285714,no_simulada
60,0.04798176030318885,5.595663265306122,37.785714285714285,no_simulada
160,0.09973520701058783,6.003826530612245,30.357142857142858,no_simulada
105,0.1099001517745484,4.177295918367347,54.81428571428572,no_simulada
38,0.062011944284671563,0.9528061224489796,22.1,no_simulada
89,0.07168111439267265,4.8813775510204085,54.5,no_simulada
142,0.07973498383884868,5.0,20.82857142857143,no_simulada
100,0.0938120778749673,3.7448979591836737,22.7,no_simulada
70,0.08032494777242673,3.9017857142857144,39.17142857142857,no_simulada
125,0.07609260162257242,3.8367346938775513,38.15714285714286,no_simulada
31,0.08653905738564499,1.836734693877551,29.057142857142857,no_simulada
145,0.08627942968458066,12.26530612244898,61.07142857142857,no_simulada
35,0.04314436196423775,1.3112244897959184,24.957142857142856,no_simulada
77,0.0688076430606776,5.943877551020408,54.24285714285714,no_simulada
46,0.06166127581568756,2.5357142857142856,38.77142857142857,no_simulada
107,0.10252536871027935,4.551020408163265,39.25714285714286,no_simulada
68,0.09624494239410981,2.881377551020408,40.67142857142857,no_simulada
158,0.07331907317680002,12.238520408163266,50.7,no_simulada
46,0.07017704517704514,2.566326530612245,18.414285714285715,no_simulada
48,0.04230663710705726,3.8201530612244903,33.871428571428574,no_simulada
34,0.0318706283683064,2.2857142857142856,28.685714285714287,no_simulada
37,0.10926162512700974,2.2040816326530615,23.042857142857144,no_simulada
94,0.07295810339074106,4.524234693877551,35.642857142857146,no_simulada
25,0.03532763532763533,1.4630102040816326,20.62857142857143,no_simulada
104,0.07358439879448292,6.432397959183674,56.05714285714286,no_simulada
213,0.08954185310594147,12.209183673469386,32.714285714285715,no_simulada
66,0.08607606279239356,4.586734693877551,23.942857142857143,no_simulada
37,0.040150979624663845,1.3099489795918369,23.84285714285714,no_simulada
40,0.10301994301994301,1.6683673469387756,20.0,no_simulada
195,0.07943768197470312,11.218112244897961,47.34285714285714,no_simulada
144,0.08935775673634778,5.32015306122449,35.785714285714285,no_simulada
82,0.056411957263871014,3.1466836734693877,39.628571428571426,no_simulada
127,0.07741487679754003,9.637755102040815,43.92857142857143,no_simulada
62,0.07189731405867138,1.6670918367346939,33.67142857142857,no_simulada
162,0.08580979601471375,6.714285714285714,39.25714285714286,no_simulada
194,0.09606723669740902,12.525510204081632,43.41428571428571,no_simulada
54,0.13736845832110856,2.5242346938775513,19.257142857142856,no_simulada
53,0.09398863765633952,3.534438775510204,18.8,no_simulada
193,0.08884988680885214,8.095663265306124,63.714285714285715,no_simulada
84,0.06546598140230153,2.8201530612244894,49.4,no_simulada
87,0.09048913129928597,5.622448979591837,39.08571428571429,no_simulada
202,0.0844478563597982,16.178571428571427,45.47142857142857,no_simulada
74,0.05566182225684484,5.116071428571429,40.042857142857144,no_simulada
49,0.05731042235122774,3.739795918367347,34.52857142857143,no_simulada
38,0.025751133786848072,2.5752551020408165,29.614285714285714,no_simulada
163,0.09588632454187508,6.218112244897959,44.3,no_simulada
112,0.09238782051578925,3.6772959183673466,34.714285714285715,no_simulada
25,0.07424738561102195,2.9081632653061225,17.885714285714286,no_simulada
82,0.060664610627641107,8.95280612244898,46.32857142857143,no_simulada
31,0.031996839139696275,1.677295918367347,27.52857142857143,no_simulada
119,0.07314400125035243,5.075255102040816,40.92857142857143,no_simulada
175,0.10293654852020717,5.193877551020408,59.67142857142857,no_simulada
205,0.09880146428877468,11.13265306122449,35.2,no_simulada
113,0.0856528980428746,5.1772959183673475,45.34285714285714,no_simulada
56,0.0390540317170752,6.218112244897959,31.8,no_simulada
34,0.049064539047910916,2.3367346938775513,22.071428571428573,no_simulada
43,0.048074245442666495,2.525510204081633,36.52857142857143,no_simulada
86,0.08000191064803651,4.218112244897959,57.628571428571426,no_simulada
46,0.08112165128655546,3.9897959183673466,27.37142857142857,no_simulada
33,0.07236865301880782,1.7040816326530612,18.957142857142856,no_simulada
111,0.06649287417089278,5.418367346938775,27.142857142857142,no_simulada
174,0.09486864549798539,5.605867346938775,44.52857142857143,no_simulada
223,0.11022167901158499,8.360969387755102,61.58571428571429,no_simulada
97,0.060965106240426885,6.1875,54.114285714285714,no_simulada
177,0.08185060082607556,8.301020408163264,29.942857142857143,no_simulada
39,0.0809533189025718,1.7755102040816326,24.742857142857144,no_simulada
54,0.08854667284974187,3.316326530612245,38.857142857142854,no_simulada
113,0.08285778839987398,5.463010204081633,18.15714285714286,no_simulada
39,0.04345951343500362,2.881377551020408,31.67142857142857,no_simulada
53,0.06919080160779946,3.0,34.957142857142856,no_simulada
120,0.07435648163909034,5.1020408163265305,58.3,no_simulada
32,0.03454415954415955,1.5255102040816326,18.685714285714287,no_simulada
79,0.09677321420036114,3.6160714285714284,30.542857142857144,no_simulada
64,0.1217388495333086,2.4528061224489797,27.357142857142858,no_simulada
69,0.07581380299933034,4.82015306122449,35.371428571428574,no_simulada
51,0.07070294784580493,4.758928571428571,34.614285714285714,no_simulada
76,0.07269863177445114,2.6058673469387754,35.68571428571428,no_simulada
122,0.08366213057748803,4.729591836734694,29.514285714285716,no_simulada
147,0.06818222154574499,12.418367346938776,31.457142857142856,no_simulada
200,0.11058363468408544,6.258928571428571,47.24285714285714,no_simulada
131,0.08461916220710737,12.391581632653061,19.942857142857143,no_simulada
72,0.10292273624637653,2.860969387755102,42.67142857142857,no_simulada
38,0.08496722137613488,1.7487244897959184,20.185714285714287,no_simulada
62,0.11165578539757365,1.9183673469387756,27.7,no_simulada
80,0.06250176263774154,4.738520408163266,9.342857142857143,no_simulada
40,0.026854197144444817,2.173469387755102,25.857142857142858,no_simulada
87,0.09530782796961805,3.381377551020408,34.48571428571429,no_simulada
185,0.09170841088784189,9.58673469387755,29.87142857142857,no_simulada
110,0.09807754927156004,3.789540816326531,51.31428571428572,no_simulada
46,0.04961330997045284,2.167091836734694,35.042857142857144,no_simulada
49,0.038559145880574436,3.9323979591836733,37.68571428571428,no_simulada
138,0.09798551820641664,4.932397959183674,43.98571428571429,no_simulada
106,0.08802360549128839,8.01530612244898,46.17142857142857,no_simulada
145,0.11329630922432612,7.959183673469388,55.7,no_simulada
49,0.06593281096673008,1.9234693877551021,22.785714285714285,no_simulada
45,0.11383571996849508,2.0357142857142856,19.485714285714284,no_simulada
108,0.06917368328063382,3.667091836734694,23.557142857142857,no_simulada
87,0.09921066327718532,5.146683673469388,32.5,no_simulada
101,0.09265924235676033,2.704081632653061,42.142857142857146,no_simulada
104,0.0798870505481764,6.051020408163266,55.55714285714286,no_simulada
32,0.06073342116820377,2.13265306122449,23.12857142857143,no_simulada
73,0.07435750706949545,5.167091836734694,28.37142857142857,no_simulada
27,0.11494250069129294,1.8571428571428572,14.771428571428572,no_simulada
65,0.08842027284421951,3.7589285714285716,31.65714285714286,no_simulada
92,0.05678883273148638,7.137755102040816,44.81428571428572,no_simulada
97,0.06758683482214169,5.82015306122449,50.2,no_simulada
201,0.09880084325988947,7.596938775510204,50.18571428571428,no_simulada
73,0.06889905661821466,2.1670918367346936,30.071428571428573,no_simulada
50,0.03393606678586018,3.602040816326531,38.0,no_simulada
236,0.0970647158618591,12.503826530612244,46.82857142857143,no_simulada
58,0.05291016001542315,4.1020408163265305,29.814285714285713,no_simulada
62,0.09653371605897179,3.2385204081632653,36.05714285714286,no_simulada
80,0.04842896117364614,4.167091836734694,40.1,no_simulada
204,0.09518758740481126,12.061224489795919,44.457142857142856,no_simulada
38,0.08327142557018717,1.860969387755102,10.4,no_simulada
44,0.027431979570137457,1.2487244897959184,31.814285714285713,no_simulada
100,0.11248994927893313,3.5956632653061225,31.17142857142857,no_simulada
146,0.08305231683823228,5.204081632653062,41.357142857142854,no_simulada
38,0.045545544420976934,2.6377551020408165,27.84285714285714,no_simulada
184,0.08206191108514128,11.003826530612246,43.67142857142857,no_simulada
182,0.07620999671165155,18.70918367346939,41.6,no_simulada
44,0.038831044590848504,2.852040816326531,25.385714285714286,no_simulada
90,0.05635863055839633,7.218112244897959,54.07142857142857,no_simulada
64,0.048274500585183434,3.4630102040816326,38.41428571428571,no_simulada
171,0.08400956070636457,13.616071428571429,29.428571428571427,no_simulada
29,0.06782526587465264,3.3367346938775513,27.857142857142858,no_simulada
109,0.08109502767072221,7.209183673469388,28.428571428571427,no_simulada
182,0.08645412938972681,11.432397959183675,30.414285714285715,no_simulada
119,0.08817918312318831,6.024234693877552,53.65714285714286,no_simulada
40,0.045487235597125704,2.075255102040816,24.042857142857144,no_simulada
31,0.1406245275888133,0.9540816326530612,9.542857142857143,no_simulada
73,0.08988445615231326,3.503826530612245,27.242857142857144,no_simulada
31,0.06057876455421701,1.8609693877551021,15.32857142857143,no_simulada
47,0.07293067206207898,3.979591836734694,25.414285714285715,no_simulada
115,0.09107915450481441,4.780612244897959,47.94285714285714,no_simulada
103,0.08234993931650536,4.360969387755103,45.98571428571429,no_simulada
210,0.0955484040007542,9.239795918367347,34.52857142857143,no_simulada
43,0.08245971200516655,1.034438775510204,12.857142857142858,no_simulada
139,0.07684972220431914,7.503826530612245,57.92857142857143,no_simulada
116,0.0880538327242477,7.034438775510204,57.6,no_simulada
106,0.09353910003380912,5.932397959183674,26.542857142857144,no_simulada
88,0.08387920492396535,4.673469387755103,13.685714285714285,no_simulada
113,0.09877737787681772,4.503826530612245,47.542857142857144,no_simulada
59,0.07879087028902262,3.9017857142857144,18.042857142857144,no_simulada
233,0.09998459770593056,10.76530612244898,36.357142857142854,no_simulada
97,0.07394505342255744,7.173469387755103,37.128571428571426,no_simulada
67,0.09357959148435338,3.309948979591837,38.0,no_simulada
181,0.10335965909215644,7.003826530612245,59.542857142857144,no_simulada
102,0.0726887366651042,5.534438775510204,60.285714285714285,no_simulada
213,0.08906052198913783,10.167091836734695,37.457142857142856,no_simulada
141,0.10462238022661677,7.668367346938775,54.05714285714286,no_simulada
33,0.07022519120472337,0.7895408163265306,10.628571428571428,no_simulada
224,0.09738682072485688,11.677295918367347,43.042857142857144,no_simulada
111,0.0622287186928483,3.852040816326531,59.285714285714285,no_simulada
196,0.09492196869813697,15.544642857142858,47.82857142857143,no_simulada
40,0.11833751248632958,2.075255102040816,21.814285714285713,no_simulada
51,0.03757936507936507,2.1160714285714284,33.51428571428571,no_simulada
81,0.10683472885965672,3.122448979591837,33.94285714285714,no_simulada
32,0.07760907393260333,1.596938775510204,11.542857142857143,no_simulada
29,0.0424168093810951,2.0242346938775513,22.042857142857144,no_simulada
105,0.1006287717023273,3.9323979591836737,42.51428571428571,no_simulada
84,0.09971028343148061,3.6377551020408165,40.48571428571429,no_simulada
47,0.08857948212523378,2.5510204081632653,34.6,no_simulada
26,0.03366883116883117,1.0956632653061225,17.757142857142856,no_simulada
72,0.05428441897469043,3.248724489795918,41.785714285714285,no_simulada
64,0.08776631224728104,1.6224489795918369,31.285714285714285,no_simulada
118,0.06925261472669042,7.622448979591837,24.714285714285715,no_simulada
107,0.08706865204553488,2.5255102040816326,36.628571428571426,no_simulada
212,0.09145658131848863,13.63265306122449,44.5,no_simulada
93,0.05377646940661691,8.107142857142858,54.3,no_simulada
117,0.060922309858068326,4.454081632653062,58.34285714285714,no_simulada
73,0.06023191281343453,6.667091836734694,30.385714285714286,no_simulada
36,0.06320458377601233,1.7487244897959184,28.042857142857144,no_simulada
58,0.09354669083760028,4.428571428571429,25.442857142857143,no_simulada
166,0.09854695071861332,6.105867346938775,26.914285714285715,no_simulada
103,0.07830599964959876,5.443877551020408,42.2,no_simulada
105,0.11074500140777967,7.3520408163265305,52.5,no_simulada
103,0.09755713634322154,6.463010204081633,46.6,no_simulada
83,0.09653331645328607,3.1466836734693877,36.885714285714286,no_simulada
39,0.10095855952219265,2.248724489795918,15.914285714285715,no_simulada
106,0.07633097181800076,3.7857142857142856,26.65714285714286,no_simulada
59,0.05944035607794189,2.809948979591837,38.67142857142857,no_simulada
68,0.08123340472139094,3.503826530612245,40.08571428571429,no_simulada
195,0.0884404152912699,12.932397959183675,47.18571428571428,no_simulada
77,0.09002795913823476,4.816326530612245,45.31428571428572,no_simulada
55,0.03806460087924619,3.381377551020408,33.15714285714286,no_simulada
38,0.03174980590062111,1.836734693877551,22.15714285714286,no_simulada
54,0.0699256853613595,4.535714285714286,41.55714285714286,no_simulada
81,0.055227485568626354,4.401785714285714,38.142857142857146,no_simulada
29,0.05546862816272754,1.003826530612245,1.4142857142857144,no_simulada
42,0.03290431324044769,1.2487244897959184,29.8,no_simulada
41,0.04199206791598096,1.1058673469387756,24.514285714285716,no_simulada
78,0.08188051040901935,5.2397959183673475,32.94285714285714,no_simulada
59,0.07602419225795858,3.8826530612244903,47.51428571428571,no_simulada
58,0.08518458686256038,2.6466836734693877,43.81428571428572,no_simulada
66,0.05685378208613378,6.218112244897959,43.142857142857146,no_simulada
102,0.06216927333396593,7.1772959183673475,36.24285714285714,no_simulada
168,0.09009766628928845,6.330357142857143,52.042857142857144,no_simulada
180,0.07427028751696697,9.534438775510205,26.32857142857143,no_simulada
91,0.07614810182874755,4.816326530612245,40.58571428571429,no_simulada
170,0.08894210420787564,9.095663265306124,55.42857142857143,no_simulada
70,0.08325294147975856,3.852040816326531,38.91428571428571,no_simulada
69,0.08729864933541398,3.309948979591837,30.34285714285714,no_simulada
121,0.0881863888115886,5.309948979591836,43.58571428571429,no_simulada
111,0.12662381949062865,4.534438775510204,20.285714285714285,no_simulada
87,0.08156414747921234,4.316326530612245,49.92857142857143,no_simulada
83,0.07324471299116335,4.494897959183674,27.357142857142858,no_simulada
37,0.06591047841047842,1.2755102040816326,8.542857142857143,no_simulada
124,0.07305262113725798,4.7895408163265305,53.857142857142854,no_simulada
75,0.06891481239690331,4.979591836734694,43.75714285714286,no_simulada
41,0.05251229764387658,3.4630102040816326,27.67142857142857,no_simulada
53,0.05855612848800559,2.107142857142857,20.15714285714286,no_simulada
28,0.10535906214337588,0.8163265306122449,7.6571428571428575,no_simulada
41,0.027973512841933893,1.8099489795918369,31.728571428571428,no_simulada
48,0.07037683801679252,3.061224489795918,28.957142857142856,no_simulada
91,0.08118308816689383,3.923469387755102,50.642857142857146,no_simulada
29,0.01931570608041196,1.8724489795918369,18.885714285714286,no_simulada
44,0.0459225133840518,5.780612244897959,38.214285714285715,no_simulada
42,0.09167853823043831,3.7385204081632653,29.228571428571428,no_simulada
56,0.05951963064540704,5.330357142857143,37.47142857142857,no_simulada
66,0.11700138059151541,2.5752551020408165,31.228571428571428,no_simulada
76,0.0496484409182822,3.8367346938775513,43.6,no_simulada
27,0.08509604388893605,1.6058673469387756,16.985714285714284,no_simulada
26,0.08301538006506952,1.489795918367347,13.657142857142857,no_simulada
30,0.05964410875166024,1.677295918367347,21.7,no_simulada
152,0.08307367413656164,10.881377551020408,38.385714285714286,no_simulada
33,0.14547209282263632,2.0,14.242857142857142,no_simulada
47,0.031913531971657964,2.602040816326531,37.31428571428572,no_simulada
98,0.11051797575643733,5.88265306122449,32.114285714285714,no_simulada
238,0.10150295142346215,12.82015306122449,59.81428571428572,no_simulada
149,0.09773446875079683,6.473214285714286,40.714285714285715,no_simulada
192,0.09355227462183588,10.646683673469388,28.62857142857143,no_simulada
120,0.08557907342804383,3.7589285714285716,30.47142857142857,no_simulada
169,0.08464873841186667,6.4528061224489806,42.91428571428571,no_simulada
46,0.080891440832158,1.3877551020408165,13.4,no_simulada
105,0.07591271613129937,6.785714285714286,34.31428571428572,no_simulada
92,0.0916641942634514,6.309948979591837,41.34285714285714,no_simulada
175,0.08226619955048742,4.408163265306123,43.1,no_simulada
35,0.09073719652667021,1.2857142857142858,23.557142857142857,no_simulada
213,0.09467793284880208,8.714285714285714,36.84285714285714,no_simulada
27,0.026484348984348986,2.0969387755102042,20.957142857142856,no_simulada
58,0.052505097068066955,2.852040816326531,45.714285714285715,no_simulada
171,0.09115380205644766,9.479591836734695,50.25714285714286,no_simulada
57,0.06988683760701844,4.146683673469388,30.485714285714284,no_simulada
208,0.12083154902302791,12.464285714285714,61.9,no_simulada
233,0.09060373429801646,11.061224489795919,30.985714285714284,no_simulada
62,0.08849101474817511,2.8201530612244903,31.114285714285714,no_simulada
91,0.07730055342069728,7.605867346938775,54.22857142857143,no_simulada
84,0.09858423215996082,2.8915816326530615,39.871428571428574,no_simulada
80,0.07364708354122391,6.075255102040816,57.24285714285714,no_simulada
70,0.09227779967566792,2.534438775510204,25.34285714285714,no_simulada
67,0.06055568735904701,3.2091836734693877,41.457142857142856,no_simulada
170,0.08216233398944396,9.239795918367347,30.65714285714286,no_simulada
146,0.08532948599466732,6.311224489795919,33.25714285714286,no_simulada
64,0.06685046597158008,2.9183673469387754,30.814285714285713,no_simulada
168,0.08326686856692712,8.105867346938776,54.74285714285714,no_simulada
80,0.06500926637163505,3.7385204081632653,47.857142857142854,no_simulada
82,0.060664610627641107,8.95280612244898,46.32857142857143,no_simulada
165,0.09874557663625114,10.780612244897958,41.957142857142856,no_simulada
123,0.08292024361852307,4.892857142857143,43.214285714285715,no_simulada
199,0.09512196132863997,11.535714285714286,20.742857142857144,no_simulada
184,0.09999721995974548,9.595663265306124,60.3,no_simulada
149,0.07313577532569111,10.209183673469386,36.65714285714286,no_simulada
45,0.07577689615256826,4.408163265306123,34.41428571428571,no_simulada
88,0.0489525213049613,5.1875,59.65714285714286,no_simulada
106,0.10348252612778686,5.534438775510204,54.68571428571428,no_simulada
150,0.09646184817753592,6.923469387755103,26.34285714285714,no_simulada
101,0.0699870502682755,4.454081632653061,52.27142857142857,no_simulada
27,0.020936691984486097,1.3099489795918369,32.371428571428574,no_simulada
208,0.09691648802117744,7.748724489795919,47.22857142857143,no_simulada
49,0.1222488536308412,2.9948979591836737,21.47142857142857,no_simulada
163,0.0877637705020682,9.923469387755102,47.2,no_simulada
53,0.03841207102076666,3.2806122448979593,30.728571428571428,no_simulada
79,0.07700241729335622,4.524234693877551,49.31428571428572,no_simulada
151,0.08052196913295145,6.7653061224489806,28.82857142857143,no_simulada
26,0.05838286859339493,2.137755102040816,18.2,no_simulada
60,0.05595054239206758,4.479591836734694,46.82857142857143,no_simulada
64,0.036832587347293194,4.473214285714286,35.0,no_simulada
87,0.052939002690878194,5.801020408163265,59.357142857142854,no_simulada
43,0.0795102242871121,4.209183673469388,36.77142857142857,no_simulada
224,0.0807625719917591,12.025510204081632,42.614285714285714,no_simulada
45,0.04977560086112719,1.2755102040816326,29.414285714285715,no_simulada
75,0.09339784694255866,2.789540816326531,23.1,no_simulada
26,0.021207611832611828,1.4528061224489797,19.9,no_simulada
116,0.07783602362915956,6.330357142857143,25.314285714285713,no_simulada
40,0.07488560686362883,1.534438775510204,25.457142857142856,no_simulada
91,0.07970838740215702,6.6772959183673475,39.457142857142856,no_simulada
85,0.08036267028522222,6.816326530612245,18.271428571428572,no_simulada
47,0.11753193636114777,2.5752551020408165,23.042857142857144,no_simulada
32,0.03847718253968254,2.6058673469387754,26.385714285714286,no_simulada
146,0.0867927864354785,7.473214285714286,41.15714285714286,no_simulada
72,0.09571937951407382,2.479591836734694,30.6,no_simulada
158,0.09393720577709617,13.360969387755103,62.9,no_simulada
83,0.07699320084093193,6.801020408163265,51.27142857142857,no_simulada
148,0.11114906377423014,6.116071428571429,53.22857142857143,no_simulada
66,0.04383215855352074,3.096938775510204,32.42857142857143,no_simulada
225,0.07935311714130142,9.622448979591837,58.871428571428574,no_simulada
142,0.10557053873540909,6.167091836734694,51.65714285714286,no_simulada
49,0.07369611175861172,2.2385204081632653,26.385714285714286,no_simulada
57,0.08965782196534008,1.7653061224489797,28.242857142857144,no_simulada
42,0.0356909318751424,2.503826530612245,29.685714285714287,no_simulada
25,0.04592851592851592,1.524234693877551,27.5,no_simulada
129,0.09870420012911116,4.748724489795919,53.91428571428571,no_simulada
70,0.0497496643035246,7.096938775510204,48.285714285714285,no_simulada
79,0.07188815172453622,3.061224489795918,29.457142857142856,no_simulada
87,0.07971728447918933,7.785714285714286,21.228571428571428,no_simulada
112,0.059158112002539336,8.566326530612246,52.5,no_simulada
94,0.12613528617471345,4.2895408163265305,41.128571428571426,no_simulada
182,0.07715737050870235,7.963010204081633,43.48571428571429,no_simulada
26,0.10061728395061728,1.346938775510204,10.957142857142857,no_simulada
34,0.10576543339701236,1.238520408163265,12.67142857142857,no_simulada
48,0.09156123056425818,3.789540816326531,18.914285714285715,no_simulada
68,0.07554919915451949,3.1058673469387754,41.128571428571426,no_simulada
199,0.0970814772221601,6.718112244897959,58.82857142857143,no_simulada
81,0.08614663187149778,2.596938775510204,48.214285714285715,no_simulada
48,0.05406073580415683,4.667091836734693,35.857142857142854,no_simulada
75,0.05617209382252328,4.667091836734694,43.8,no_simulada
80,0.06461211722750183,5.82015306122449,41.6,no_simulada
170,0.08977504530871235,7.1772959183673475,60.457142857142856,no_simulada
32,0.06249920972225208,3.602040816326531,23.485714285714284,no_simulada
162,0.07888169268961372,5.515306122448979,35.357142857142854,no_simulada
30,0.13668773852320953,0.6670918367346939,11.2,no_simulada
94,0.06754452836492701,6.095663265306123,58.07142857142857,no_simulada
57,0.03431654358713179,2.673469387755102,32.08571428571429,no_simulada
40,0.05214812118130196,3.668367346938776,34.371428571428574,no_simulada
95,0.10825429976586207,4.096938775510204,45.22857142857143,no_simulada
128,0.09490657529972117,5.034438775510204,44.01428571428571,no_simulada
133,0.07064231314606542,10.309948979591837,42.68571428571428,no_simulada
57,0.11528312076409902,1.718112244897959,4.957142857142857,no_simulada
88,0.0820092049657268,3.748724489795918,12.642857142857142,no_simulada
31,0.07842474554431075,1.8010204081632655,14.028571428571428,no_simulada
39,0.0239312184929068,1.8877551020408163,28.614285714285714,no_simulada
146,0.08878196231320014,4.244897959183674,14.242857142857142,no_simulada
95,0.06327760178025145,7.979591836734694,54.75714285714286,no_simulada
73,0.0745569323619429,5.13265306122449,45.15714285714286,no_simulada
206,0.07657391294036374,5.872448979591837,47.91428571428571,no_simulada
64,0.09328562076308386,3.044642857142857,34.8,no_simulada
92,0.06675399115875305,3.2755102040816326,46.34285714285714,no_simulada
25,0.08847221074664684,1.0956632653061225,10.885714285714286,no_simulada
84,0.05689652897190002,4.7895408163265305,29.257142857142856,no_simulada
191,0.07240856885131391,6.116071428571429,36.41428571428571,no_simulada
165,0.08278708220286125,11.473214285714286,57.457142857142856,no_simulada
64,0.06326092877068129,3.5242346938775513,50.94285714285714,no_simulada
139,0.10014755638617702,8.432397959183673,52.82857142857143,no_simulada
88,0.05835547778472564,3.891581632653061,55.1,no_simulada
94,0.07052195620165617,5.887755102040816,56.5,no_simulada
81,0.07429211093131588,3.1160714285714284,51.385714285714286,no_simulada
63,0.04834610793007687,3.8367346938775513,40.957142857142856,no_simulada
190,0.0880656631149187,10.605867346938776,24.814285714285713,no_simulada
103,0.07224334798556034,4.061224489795918,54.82857142857143,no_simulada
240,0.10303703410907278,10.860969387755102,34.05714285714286,no_simulada
177,0.09794201430377905,8.173469387755102,58.84285714285714,no_simulada
210,0.07733202672700891,9.646683673469386,51.32857142857143,no_simulada
38,0.0411266614720562,2.061224489795918,31.485714285714284,no_simulada
195,0.08733165542022511,7.744897959183674,15.271428571428572,no_simulada
149,0.0877569416660612,9.52423469387755,40.214285714285715,no_simulada
196,0.08777888865290953,7.25,53.55714285714286,no_simulada
53,0.0442860023038745,4.075255102040816,37.8,no_simulada
120,0.0942026141028688,2.7755102040816326,42.08571428571429,no_simulada
53,0.030553244111596493,3.8214285714285716,34.48571428571429,no_simulada
133,0.09177037571968595,11.82015306122449,47.357142857142854,no_simulada
31,0.05174185291832351,1.5956632653061225,24.114285714285714,no_simulada
173,0.08097376255366186,11.003826530612244,29.542857142857144,no_simulada
46,0.07171101132591816,2.0306122448979593,20.085714285714285,no_simulada
72,0.08986390529498615,3.391581632653061,38.6,no_simulada
58,0.07024229595445035,4.658163265306122,41.82857142857143,no_simulada
171,0.09869781447195834,6.003826530612245,51.51428571428571,no_simulada
97,0.08302166040267274,3.503826530612245,19.228571428571428,no_simulada
174,0.08867693308215294,7.432397959183674,36.51428571428571,no_simulada
153,0.10622730266408031,7.408163265306122,26.314285714285713,no_simulada
141,0.10678946469456196,11.158163265306124,57.92857142857143,no_simulada
66,0.06727580251525982,2.6581632653061225,42.885714285714286,no_simulada
98,0.07392332199397432,8.464285714285714,33.642857142857146,no_simulada
70,0.04563500474117535,8.167091836734695,39.4,no_simulada
30,0.07016517433184098,1.4017857142857142,11.071428571428571,no_simulada
36,0.0602833894500561,1.9183673469387756,18.785714285714285,no_simulada
39,0.0712299939175472,2.4017857142857144,29.785714285714285,no_simulada
195,0.08642213452992412,6.943877551020408,28.4,no_simulada
120,0.0665905099657811,5.494897959183674,30.6,no_simulada
42,0.041244861977272576,2.1160714285714284,32.44285714285714,no_simulada
183,0.08991103816328587,6.428571428571429,31.714285714285715,no_simulada
44,0.050544558471391325,2.0306122448979593,39.48571428571429,no_simulada
184,0.08491486558986579,9.704081632653061,49.542857142857144,no_simulada
95,0.08281091505091359,2.7653061224489797,36.97142857142857,no_simulada
157,0.08913383484075428,4.432397959183674,45.97142857142857,no_simulada
93,0.0718057232826107,5.8813775510204085,12.457142857142857,no_simulada
100,0.08680390053045196,8.25,50.8,no_simulada
28,0.04158125824792491,1.0510204081632653,19.7,no_simulada
70,0.10617894668967777,4.309948979591836,39.58571428571429,no_simulada
144,0.1336258031144652,7.1938775510204085,52.27142857142857,no_simulada
29,0.05589811423144756,2.229591836734694,16.3,no_simulada
37,0.04926241030088884,0.9528061224489796,14.228571428571428,no_simulada
104,0.07620102177811626,6.75,53.357142857142854,no_simulada
148,0.09946738634312216,9.534438775510205,29.814285714285713,no_simulada
44,0.03868172268907564,1.5510204081632655,26.87142857142857,no_simulada
108,0.09292533037312449,4.860969387755103,34.57142857142857,no_simulada
49,0.06704443246071438,2.6466836734693877,38.81428571428572,no_simulada
46,0.07953091246360475,1.7295918367346939,19.514285714285716,no_simulada
39,0.10341545424229684,1.218112244897959,6.485714285714286,no_simulada
71,0.07072006826219203,3.204081632653061,24.071428571428573,no_simulada
47,0.05582641771350718,4.596938775510204,38.48571428571429,no_simulada
89,0.07943922073534906,3.673469387755102,48.714285714285715,no_simulada
47,0.05099186527757955,3.0956632653061225,44.7,no_simulada
202,0.0847705496122547,8.88265306122449,47.42857142857143,no_simulada
79,0.08599098986134206,2.881377551020408,36.871428571428574,no_simulada
35,0.02726006191950463,2.13265306122449,28.142857142857142,no_simulada
58,0.126521459934078,2.3010204081632653,19.385714285714286,no_simulada
98,0.08839139175722897,4.943877551020408,41.0,no_simulada
49,0.08454763901491083,1.860969387755102,18.17142857142857,no_simulada
100,0.05515003941201359,8.095663265306124,48.18571428571428,no_simulada
25,0.06630472701901272,1.1581632653061225,2.557142857142857,no_simulada
65,0.09015923762667452,4.146683673469388,45.285714285714285,no_simulada
68,0.05615963313224976,5.7895408163265305,48.957142857142856,no_simulada
108,0.08002633949602903,6.146683673469388,37.1,no_simulada
105,0.0944410724316864,5.372448979591836,56.15714285714286,no_simulada
185,0.08450955989246335,10.102040816326532,49.24285714285714,no_simulada
101,0.08281823867329065,4.095663265306123,24.37142857142857,no_simulada
74,0.06200400906737825,6.718112244897959,42.25714285714286,no_simulada
140,0.0837152147092656,7.821428571428571,18.357142857142858,no_simulada
156,0.06461119255227112,7.658163265306122,27.757142857142856,no_simulada
47,0.08033479613465609,2.881377551020408,33.27142857142857,no_simulada
78,0.0685268988771014,3.503826530612245,30.84285714285714,no_simulada
177,0.07834788713603376,8.60204081632653,48.68571428571428,no_simulada
56,0.07023787982425585,2.8201530612244894,40.81428571428572,no_simulada
41,0.07906310640815879,2.816326530612245,20.357142857142858,no_simulada
35,0.12065247252747255,0.7181122448979592,13.214285714285714,no_simulada
180,0.07008676749016418,17.239795918367346,20.457142857142856,no_simulada
156,0.07499110263665781,6.178571428571429,29.9,no_simulada
85,0.07100757919615724,6.887755102040816,46.65714285714286,no_simulada
83,0.06738058568202272,4.1875,25.514285714285716,no_simulada
81,0.05269353927260323,4.963010204081633,47.5,no_simulada
33,0.0728760005426672,1.3724489795918369,7.714285714285714,no_simulada
102,0.06538203126378889,4.7895408163265305,55.24285714285714,no_simulada
124,0.08168353177330477,5.959183673469388,59.114285714285714,no_simulada
177,0.07779141991348831,8.494897959183673,47.285714285714285,no_simulada
40,0.07110628421861946,1.7385204081632655,18.65714285714286,no_simulada
228,0.09171184579932969,18.116071428571427,30.242857142857144,no_simulada
62,0.10571922361122371,2.503826530612245,34.31428571428572,no_simulada
126,0.07426903862767417,11.301020408163266,37.285714285714285,no_simulada
35,0.05011031748999663,2.8010204081632653,24.114285714285714,no_simulada
104,0.09820765350904692,3.229591836734694,51.08571428571429,no_simulada
120,0.10870802306294876,3.0242346938775513,55.25714285714286,no_simulada
231,0.087095514017051,8.846938775510205,50.52857142857143,no_simulada
77,0.0611776367401844,3.892857142857143,44.24285714285714,no_simulada
98,0.07904021231603119,5.860969387755103,56.01428571428571,no_simulada
31,0.0328308367456719,1.6875,18.0,no_simulada
47,0.11921875740948827,1.7385204081632655,21.914285714285715,no_simulada
54,0.06685201177596212,3.4732142857142856,38.22857142857143,no_simulada
73,0.058645896234835494,4.964285714285714,51.34285714285714,no_simulada
212,0.09304138554608431,4.82015306122449,45.142857142857146,no_simulada
69,0.0781011030995537,4.6020408163265305,38.01428571428571,no_simulada
51,0.035063004594264154,3.0510204081632653,36.0,no_simulada
56,0.0390216836694569,4.605867346938775,36.07142857142857,no_simulada
27,0.13598781820420475,0.9732142857142857,8.714285714285714,no_simulada
207,0.0854115135685642,11.860969387755102,37.42857142857143,no_simulada
194,0.0778527359908329,10.88265306122449,45.4,no_simulada
181,0.0795241233534935,9.605867346938776,34.74285714285714,no_simulada
139,0.07171598288645656,12.173469387755102,31.957142857142856,no_simulada
75,0.0827337144227554,5.158163265306122,43.15714285714286,no_simulada
181,0.08464826167172959,5.748724489795919,26.085714285714285,no_simulada
35,0.09129441994767072,2.142857142857143,17.9,no_simulada
146,0.08341053291464004,6.2895408163265305,62.142857142857146,no_simulada
197,0.08485507767860581,10.401785714285714,38.457142857142856,no_simulada
45,0.0627788689440273,2.309948979591837,29.542857142857144,no_simulada
78,0.0932906708533275,3.75,40.27142857142857,no_simulada
50,0.038897773623005824,2.8201530612244894,28.0,no_simulada
44,0.052047674547674554,3.0752551020408165,32.885714285714286,no_simulada
30,0.04444444444444445,1.4528061224489797,34.32857142857143,no_simulada
140,0.09694744472953971,6.432397959183674,44.84285714285714,no_simulada
138,0.08657425143828558,9.173469387755102,56.48571428571429,no_simulada
67,0.11347560182082543,2.7857142857142856,37.128571428571426,no_simulada
124,0.06843683103236953,9.860969387755102,33.07142857142857,no_simulada
174,0.09039613480760876,10.605867346938776,62.042857142857144,no_simulada
160,0.08202229617993469,8.105867346938776,34.84285714285714,no_simulada
128,0.08053492896737283,4.0,60.785714285714285,no_simulada
230,0.09532937490119575,16.9234693877551,26.571428571428573,no_simulada
216,0.09867248295576397,5.994897959183674,62.57142857142857,no_simulada
75,0.04982913477671417,6.167091836734694,52.67142857142857,no_simulada
52,0.06812185414672103,3.75,12.585714285714285,no_simulada
180,0.08961254020968762,6.5,44.68571428571428,no_simulada
89,0.07274341571281846,6.2895408163265305,49.44285714285714,no_simulada
87,0.10024057461446269,3.352040816326531,21.242857142857144,no_simulada
94,0.059725790935468426,6.963010204081633,42.31428571428572,no_simulada
122,0.07359730647306706,6.88265306122449,38.65714285714286,no_simulada
168,0.08453786383441811,6.704081632653062,46.2,no_simulada
221,0.09908566108502068,7.428571428571429,50.6,no_simulada
165,0.0997647741136951,6.821428571428571,35.4,no_simulada
73,0.08570606815634821,3.4528061224489797,32.07142857142857,no_simulada
100,0.07449993762542996,7.9528061224489806,43.885714285714286,no_simulada
65,0.0578648562694615,6.2895408163265305,38.457142857142856,no_simulada
62,0.11942773842295192,3.6466836734693877,27.957142857142856,no_simulada
214,0.09260478587565252,13.704081632653061,42.22857142857143,no_simulada
203,0.08565119127089317,7.4528061224489806,49.01428571428571,no_simulada
45,0.050713199407186646,4.748724489795919,37.42857142857143,no_simulada
85,0.06087535852155939,7.9897959183673475,44.05714285714286,no_simulada
129,0.09992021260492245,4.622448979591837,39.957142857142856,no_simulada
212,0.09575776971773045,9.535714285714286,46.114285714285714,no_simulada
132,0.06704959051230776,8.872448979591836,40.97142857142857,no_simulada
46,0.06567869529826051,2.846938775510204,20.271428571428572,no_simulada
225,0.08819694542942363,6.6875,40.05714285714286,no_simulada
119,0.0673072427041456,4.979591836734694,49.42857142857143,no_simulada
62,0.0810674525239993,2.0867346938775513,28.814285714285713,no_simulada
104,0.08319337737929859,5.146683673469388,55.84285714285714,no_simulada
95,0.08564331794183944,6.473214285714286,41.885714285714286,no_simulada
71,0.062465397815453426,4.428571428571429,33.385714285714286,no_simulada
61,0.049372868083633,4.2895408163265305,40.84285714285714,no_simulada
47,0.035125263873665366,2.2755102040816326,50.8,no_simulada
86,0.08187325789624278,5.479591836734694,41.1,no_simulada
37,0.04926241030088884,0.9528061224489796,14.228571428571428,no_simulada
132,0.08499191640362272,9.739795918367347,39.97142857142857,no_simulada
34,0.10434946355085244,2.1160714285714284,14.3,no_simulada
56,0.05619101014224851,3.102040816326531,37.82857142857143,no_simulada
88,0.06016003513105798,4.061224489795918,39.0,no_simulada
83,0.09926412317561771,4.668367346938775,42.27142857142857,no_simulada
110,0.1106289034769594,4.82015306122449,51.07142857142857,no_simulada
83,0.07955644844725317,4.6772959183673475,55.77142857142857,no_simulada
32,0.02981046731046731,2.1058673469387754,14.385714285714286,no_simulada
213,0.08704911807352464,6.309948979591836,38.91428571428571,no_simulada
57,0.044743616287094494,4.034438775510204,37.614285714285714,no_simulada
91,0.12501451925990728,2.4630102040816326,25.442857142857143,no_simulada
97,0.07008006507768706,5.575255102040816,34.07142857142857,no_simulada
37,0.06252472598626446,2.1058673469387754,25.057142857142857,no_simulada
57,0.07423525670236195,4.928571428571429,26.37142857142857,no_simulada
109,0.061513671832778435,4.372448979591836,50.5,no_simulada
50,0.07671891124871003,5.030612244897959,32.128571428571426,no_simulada
27,0.04017303502597621,2.1377551020408165,19.414285714285715,no_simulada
25,0.06423124805477747,1.218112244897959,25.757142857142856,no_simulada
27,0.06979746444032157,0.9540816326530612,12.0,no_simulada
124,0.08553793305729912,5.503826530612245,60.22857142857143,no_simulada
69,0.06579458061126892,2.8201530612244894,44.785714285714285,no_simulada
149,0.07474205913975267,7.025510204081633,31.357142857142858,no_simulada
159,0.08582496626645676,5.616071428571429,33.18571428571428,no_simulada
82,0.07629384082731672,4.892857142857143,46.92857142857143,no_simulada
96,0.06425768672171314,3.4948979591836737,41.68571428571428,no_simulada
148,0.084813674119217,2.9642857142857144,21.7,no_simulada
170,0.09234031427434705,15.01530612244898,47.042857142857144,no_simulada
47,0.10940839838554442,3.391581632653061,25.62857142857143,no_simulada
157,0.09278784174416105,7.316326530612245,32.32857142857143,no_simulada
190,0.0987845959152849,9.280612244897958,45.5,no_simulada
37,0.07531402874540129,1.1058673469387756,13.942857142857143,no_simulada
214,0.08811786774260363,11.780612244897958,24.12857142857143,no_simulada
29,0.09699386125856711,2.544642857142857,23.314285714285713,no_simulada
99,0.09937136768719407,6.075255102040816,54.3,no_simulada
54,0.06259857001418784,3.4528061224489797,40.857142857142854,no_simulada
180,0.07856317690744957,8.372448979591836,35.18571428571428,no_simulada
65,0.046358948255037655,3.2385204081632653,55.042857142857144,no_simulada
93,0.06338165423425425,6.738520408163266,44.357142857142854,no_simulada
112,0.08724618538482404,8.10204081632653,12.028571428571428,no_simulada
98,0.07505995760380561,6.7397959183673475,41.82857142857143,no_simulada
104,0.07998553925750754,8.963010204081632,49.371428571428574,no_simulada
63,0.06193072270007249,3.4591836734693877,40.47142857142857,no_simulada
62,0.09243473394992865,3.3201530612244894,39.68571428571428,no_simulada
45,0.09710748837219428,1.860969387755102,18.042857142857144,no_simulada
241,0.0964517446076203,9.248724489795919,53.714285714285715,no_simulada
32,0.06728569587421261,1.5357142857142858,19.314285714285713,no_simulada
83,0.05944085099130833,5.137755102040816,40.75714285714286,no_simulada
176,0.08664044876260274,11.704081632653061,53.75714285714286,no_simulada
57,0.06566876750700279,4.066326530612245,26.37142857142857,no_simulada
63,0.04288468448547498,3.503826530612245,35.01428571428571,no_simulada
72,0.09951394541084348,3.5752551020408165,37.41428571428571,no_simulada
46,0.07162024376561577,3.673469387755102,30.614285714285714,no_simulada
49,0.0275427993059572,4.238520408163265,30.557142857142857,no_simulada
52,0.026303030303030314,2.381377551020408,39.6,no_simulada
27,0.13598781820420475,0.9732142857142857,8.714285714285714,no_simulada
88,0.07900889267602683,4.524234693877551,51.357142857142854,no_simulada
189,0.08449062785469802,9.0,30.514285714285716,no_simulada
33,0.08563475997686522,1.6224489795918369,17.17142857142857,no_simulada
38,0.08018457300275482,1.524234693877551,4.785714285714286,no_simulada
60,0.10795491372574248,4.418367346938775,28.84285714285714,no_simulada
228,0.08809161769271925,13.646683673469386,56.15714285714286,no_simulada
129,0.08098660972672388,6.88265306122449,30.3,no_simulada
44,0.08401809829460756,2.4323979591836737,25.82857142857143,no_simulada
119,0.07723343372523159,4.821428571428571,31.5,no_simulada
132,0.0743451228263092,6.524234693877552,50.22857142857143,no_simulada
58,0.03577674570385565,3.2385204081632653,41.371428571428574,no_simulada
174,0.0864566601393387,8.954081632653061,53.98571428571429,no_simulada
44,0.03069813784099498,3.748724489795918,28.957142857142856,no_simulada
79,0.07546232446577633,5.418367346938775,47.32857142857143,no_simulada
140,0.08641533194878678,10.239795918367347,45.128571428571426,no_simulada
91,0.07726405478579394,3.4732142857142856,33.114285714285714,no_simulada
178,0.08398034637567453,12.193877551020408,36.285714285714285,no_simulada
130,0.08057294682723015,5.432397959183674,59.18571428571428,no_simulada
97,0.05688276214171353,4.321428571428571,50.8,no_simulada
123,0.08300361527712034,7.566326530612245,18.0,no_simulada
27,0.020936691984486097,1.3099489795918369,32.371428571428574,no_simulada
106,0.08271472299186772,7.423469387755103,51.41428571428571,no_simulada
176,0.08472636333111412,15.530612244897958,56.77142857142857,no_simulada
39,0.04853768916268917,2.3469387755102042,25.15714285714286,no_simulada
25,0.1309611058671209,1.586734693877551,10.6,no_simulada
25,0.025647773279352224,0.8915816326530612,10.5,no_simulada
42,0.052819744358205904,2.2385204081632653,20.771428571428572,no_simulada
63,0.09374799024557477,4.26530612244898,30.242857142857144,no_simulada
153,0.06976773640870453,8.534438775510205,35.128571428571426,no_simulada
33,0.05575319473870199,1.6020408163265307,18.87142857142857,no_simulada
60,0.08489874815505069,2.2589285714285716,12.714285714285714,no_simulada
78,0.10834384146490207,3.748724489795918,42.92857142857143,no_simulada
75,0.08153469269340466,3.0956632653061225,38.41428571428571,no_simulada
58,0.056663627740777114,1.6670918367346939,47.4,no_simulada
72,0.06675229593754302,4.718112244897959,42.05714285714286,no_simulada
120,0.08378941417077207,6.595663265306123,51.1,no_simulada
135,0.10390574736099091,8.08673469387755,33.08571428571429,no_simulada
118,0.07955161291775263,3.443877551020408,32.857142857142854,no_simulada
56,0.07578285480859002,2.3877551020408165,25.857142857142858,no_simulada
26,0.04395094140309453,1.034438775510204,17.34285714285714,no_simulada
138,0.097297039430907,4.7653061224489806,56.3,no_simulada
87,0.0846230329663343,3.673469387755102,34.114285714285714,no_simulada
37,0.09908482264209818,3.360969387755102,26.771428571428572,no_simulada
49,0.03669325525732847,2.7385204081632653,34.628571428571426,no_simulada
67,0.07765441746362799,2.2040816326530615,41.65714285714286,no_simulada
69,0.059861766773531444,6.6772959183673475,35.714285714285715,no_simulada
39,0.06181227619252828,3.107142857142857,28.228571428571428,no_simulada
106,0.0934337320433052,4.748724489795919,47.91428571428571,no_simulada
105,0.0621982117301545,5.616071428571429,14.471428571428572,no_simulada
110,0.06966957262439598,5.1875,23.385714285714286,no_simulada
104,0.07895365825552336,3.248724489795918,42.41428571428571,no_simulada
112,0.08256842255627136,7.718112244897959,46.22857142857143,no_simulada
196,0.07413516178704714,8.423469387755102,40.3,no_simulada
38,0.04024885583524027,2.4323979591836737,30.34285714285714,no_simulada
52,0.04400037511111571,5.646683673469388,35.41428571428571,no_simulada
109,0.09437007900951665,4.596938775510204,40.74285714285714,no_simulada
204,0.09439140848095669,7.932397959183674,48.42857142857143,no_simulada
211,0.10589976403898042,14.316326530612244,63.371428571428574,no_simulada
59,0.10297291049593675,2.892857142857143,22.37142857142857,no_simulada
59,0.04839164622077786,2.7589285714285716,41.22857142857143,no_simulada
178,0.07533552435660795,12.809948979591837,24.84285714285714,no_simulada
151,0.08438907876501565,6.330357142857143,42.42857142857143,no_simulada
74,0.0819741777275207,5.9897959183673475,47.27142857142857,no_simulada
71,0.05260354477096554,4.748724489795919,40.8,no_simulada
197,0.08256603096853748,12.137755102040815,42.114285714285714,no_simulada
180,0.08542082406298379,6.3813775510204085,21.685714285714287,no_simulada
35,0.07992023408690074,1.360969387755102,17.414285714285715,no_simulada
64,0.0631833623113298,7.061224489795919,39.7,no_simulada
43,0.07036975061975058,3.289540816326531,13.32857142857143,no_simulada
86,0.08876886841255029,4.030612244897959,32.285714285714285,no_simulada
67,0.07765441746362799,2.2040816326530615,41.65714285714286,no_simulada
99,0.08268338027508364,5.63265306122449,36.17142857142857,no_simulada
203,0.08113168402307662,10.346938775510205,47.957142857142856,no_simulada
232,0.10948136937973123,8.01530612244898,49.52857142857143,no_simulada
138,0.08826529483662904,6.432397959183674,53.371428571428574,no_simulada
75,0.0816160024347074,3.0255102040816326,38.01428571428571,no_simulada
67,0.04577920575918863,3.8201530612244903,47.9,no_simulada
50,0.03781883808199598,1.8826530612244898,30.02857142857143,no_simulada
56,0.07929008952727787,5.744897959183674,37.7,no_simulada
25,0.05253426063848059,2.122448979591837,17.771428571428572,no_simulada
69,0.07961332559850909,3.6326530612244894,40.25714285714286,no_simulada
57,0.09384326244940054,3.8826530612244903,37.81428571428572,no_simulada
69,0.11409991602232945,2.0969387755102042,32.57142857142857,no_simulada
118,0.0824681416107689,5.32015306122449,42.77142857142857,no_simulada
189,0.08018248258863273,10.963010204081632,30.47142857142857,no_simulada
110,0.08748634720219493,4.003826530612245,50.44285714285714,no_simulada
121,0.09675558393239331,8.321428571428571,31.6,no_simulada
44,0.1278714172589771,1.718112244897959,15.514285714285714,no_simulada
86,0.09399968861522061,2.391581632653061,26.62857142857143,no_simulada
137,0.07886783074737935,4.8813775510204085,38.871428571428574,no_simulada
183,0.08991103816328587,6.428571428571429,31.714285714285715,no_simulada
69,0.07581380299933034,4.82015306122449,35.371428571428574,no_simulada
53,0.07792149605568717,2.3201530612244894,36.91428571428571,no_simulada
88,0.06485584938256476,6.258928571428571,54.785714285714285,no_simulada
36,0.07130901505901506,2.229591836734694,13.442857142857143,no_simulada
147,0.09819311366488724,5.408163265306123,47.871428571428574,no_simulada
72,0.08658429456973135,5.071428571428571,33.98571428571429,no_simulada
49,0.03481373724880217,2.943877551020408,38.02857142857143,no_simulada
137,0.10087962176677025,4.830357142857143,45.05714285714286,no_simulada
118,0.09580425155886318,6.015306122448979,50.34285714285714,no_simulada
53,0.05855612848800559,2.107142857142857,20.15714285714286,no_simulada
68,0.09624494239410981,2.881377551020408,40.67142857142857,no_simulada
63,0.05325866162822678,4.2895408163265305,40.285714285714285,no_simulada
169,0.07957287930462888,8.729591836734693,48.44285714285714,no_simulada
49,0.06642197659002577,2.061224489795918,28.728571428571428,no_simulada
63,0.07108458662980996,2.8201530612244894,10.128571428571428,no_simulada
25,0.02034982467674775,1.1071428571428572,14.9,no_simulada
186,0.09437446273461525,9.571428571428571,33.91428571428571,no_simulada
109,0.09639831540992128,7.7895408163265305,30.65714285714286,no_simulada
69,0.04780271098398644,3.7448979591836737,23.785714285714285,no_simulada
179,0.10024861298452478,7.821428571428571,47.214285714285715,no_simulada
94,0.11137750572775085,4.891581632653062,50.214285714285715,no_simulada
99,0.12349155845697997,5.034438775510204,35.31428571428572,no_simulada
59,0.07788844507101084,3.6466836734693877,20.885714285714286,no_simulada
80,0.07311101677658077,4.003826530612245,42.68571428571428,no_simulada
117,0.0997770853153323,6.622448979591836,42.114285714285714,no_simulada
46,0.043629681292219974,2.0956632653061225,41.285714285714285,no_simulada
29,0.04566597145544513,2.0956632653061225,17.942857142857143,no_simulada
68,0.05615963313224976,5.7895408163265305,48.957142857142856,no_simulada
37,0.06539818206484874,1.9234693877551021,22.02857142857143,no_simulada
48,0.034010274968772986,3.034438775510204,31.985714285714284,no_simulada
189,0.08637414464418075,7.642857142857143,29.571428571428573,no_simulada
73,0.06335665835139515,5.360969387755103,47.2,no_simulada
85,0.06838174532607119,5.051020408163266,45.214285714285715,no_simulada
156,0.08658214366615835,10.678571428571429,42.885714285714286,no_simulada
89,0.08199566825176627,4.729591836734694,33.77142857142857,no_simulada
39,0.09302784574523704,1.4642857142857142,13.114285714285714,no_simulada
198,0.09760841906750566,14.218112244897958,53.77142857142857,no_simulada
60,0.0642762455223635,3.381377551020408,38.385714285714286,no_simulada
80,0.08666893646712377,3.9630102040816326,40.714285714285715,no_simulada
135,0.10390574736099091,8.08673469387755,33.08571428571429,no_simulada
25,0.098626741144801,1.4630102040816326,9.485714285714286,no_simulada
42,0.06484792264013042,3.2397959183673466,33.17142857142857,no_simulada
41,0.04690063292626623,2.4591836734693877,29.642857142857142,no_simulada
103,0.0884554579994184,5.336734693877552,20.957142857142856,no_simulada
46,0.06911705175560108,5.391581632653062,34.25714285714286,no_simulada
134,0.09446111463354345,4.642857142857143,47.18571428571428,no_simulada
42,0.025954469507101084,2.248724489795918,19.52857142857143,no_simulada
102,0.08145233909101401,4.034438775510204,9.071428571428571,no_simulada
179,0.09550911721057385,11.595663265306124,52.628571428571426,no_simulada
26,0.02772690272690273,1.9323979591836733,26.685714285714287,no_simulada
174,0.0823422916152781,8.357142857142858,48.72857142857143,no_simulada
58,0.046738468114518525,5.034438775510204,32.48571428571429,no_simulada
37,0.06636071929134128,2.075255102040816,22.47142857142857,no_simulada
115,0.07150419065044379,5.024234693877552,18.685714285714287,no_simulada
184,0.09603075165166446,6.891581632653062,47.18571428571428,no_simulada
36,0.06562650668419899,1.5306122448979593,29.385714285714286,no_simulada
226,0.11220010868074135,11.489795918367347,42.4,no_simulada
70,0.1030253130354157,2.9017857142857144,33.41428571428571,no_simulada
94,0.06792045346062538,4.003826530612245,49.785714285714285,no_simulada
107,0.1159903693425008,6.030612244897959,52.542857142857144,no_simulada
75,0.09844090005056208,4.024234693877551,35.98571428571429,no_simulada
63,0.09671824311861903,2.0344387755102042,32.614285714285714,no_simulada
48,0.04038107725607726,2.9948979591836737,32.114285714285714,no_simulada
153,0.10105833370186065,8.32015306122449,54.18571428571428,no_simulada
80,0.06441561611638333,2.891581632653061,43.77142857142857,no_simulada
163,0.09378333450242503,9.85204081632653,49.128571428571426,no_simulada
69,0.07965240674310783,3.0714285714285716,31.271428571428572,no_simulada
58,0.06981489369036055,5.372448979591836,35.24285714285714,no_simulada
54,0.09522469712781134,1.9323979591836733,16.642857142857142,no_simulada
26,0.06734221466364324,1.0153061224489794,10.914285714285715,no_simulada
46,0.07692694923087078,1.586734693877551,22.771428571428572,no_simulada
239,0.09987295413243444,10.596938775510205,34.27142857142857,no_simulada
52,0.0586080747955748,2.102040816326531,32.18571428571428,no_simulada
190,0.07211671756608658,9.26530612244898,45.22857142857143,no_simulada
52,0.08475889073578148,3.0752551020408165,27.428571428571427,no_simulada
181,0.08688495186086151,7.428571428571429,41.2,no_simulada
62,0.07743874012043087,3.0867346938775513,42.81428571428572,no_simulada
28,0.10944988344988345,0.8826530612244898,9.614285714285714,no_simulada
140,0.07102647438491597,7.218112244897959,34.41428571428571,no_simulada
31,0.07883995377050933,0.9795918367346939,13.842857142857143,no_simulada
27,0.1324294532627866,0.8724489795918366,8.5,no_simulada
56,0.05794787023577468,3.5752551020408165,28.857142857142858,no_simulada
196,0.0946046427554207,10.887755102040815,55.1,no_simulada
32,0.02678571428571429,2.1683673469387754,21.0,no_simulada
95,0.09800122935856541,6.7653061224489806,15.071428571428571,no_simulada
228,0.09253549424194436,9.330357142857142,47.628571428571426,no_simulada
161,0.07799206350750702,8.63265306122449,46.24285714285714,no_simulada
233,0.0948214542398256,11.275510204081632,37.9,no_simulada
144,0.08463171092011762,8.71811224489796,61.24285714285714,no_simulada
168,0.07884101881080813,5.086734693877551,43.7,no_simulada
182,0.09951822545019301,9.622448979591837,45.82857142857143,no_simulada
52,0.09320438247682825,4.024234693877551,25.65714285714286,no_simulada
76,0.08397628740655054,4.9528061224489806,25.442857142857143,no_simulada
46,0.052333242755320676,5.408163265306123,32.857142857142854,no_simulada
139,0.07364229878998658,9.387755102040815,25.7,no_simulada
143,0.09796790427487709,6.801020408163265,48.24285714285714,no_simulada
77,0.07065843094964226,4.357142857142857,32.214285714285715,no_simulada
37,0.12142065038315841,2.8826530612244903,28.02857142857143,no_simulada
99,0.08108080106608702,7.1772959183673475,53.97142857142857,no_simulada
156,0.09273707973077566,7.423469387755103,53.55714285714286,no_simulada
70,0.059211026718379633,2.809948979591837,41.285714285714285,no_simulada
65,0.1043323541537827,4.605867346938775,48.02857142857143,no_simulada
89,0.07844322024711653,6.744897959183674,43.65714285714286,no_simulada
30,0.07395355966784539,2.003826530612245,17.071428571428573,no_simulada
93,0.06713740747082536,7.667091836734694,41.52857142857143,no_simulada
128,0.0965059480864044,6.034438775510204,46.55714285714286,no_simulada
59,0.05402723200357468,3.0510204081632653,34.285714285714285,no_simulada
99,0.08018296270970064,6.248724489795919,55.25714285714286,no_simulada
105,0.06331087883730682,5.586734693877551,48.114285714285714,no_simulada
59,0.041617183651497344,5.678571428571429,44.82857142857143,no_simulada
75,0.08313229089613336,2.8201530612244894,31.12857142857143,no_simulada
40,0.06831149053188527,1.5255102040816326,30.3,no_simulada
166,0.08674444575399037,9.105867346938776,31.9,no_simulada
157,0.10854125279970431,11.530612244897958,51.0,no_simulada
62,0.043602044479237476,5.595663265306123,45.67142857142857,no_simulada
30,0.0731894263144263,1.923469387755102,16.085714285714285,no_simulada
76,0.06992843007612828,3.729591836734694,45.714285714285715,no_simulada
104,0.0798870505481764,6.051020408163266,55.55714285714286,no_simulada
181,0.08201105691684545,10.45280612244898,43.47142857142857,no_simulada
141,0.08306519495230003,6.346938775510204,43.25714285714286,no_simulada
173,0.08107322982044744,9.168367346938776,23.885714285714286,no_simulada
48,0.050003888307459714,4.357142857142857,31.12857142857143,no_simulada
135,0.08415285185036603,8.463010204081632,36.82857142857143,no_simulada
109,0.07941474765897942,3.607142857142857,51.714285714285715,no_simulada
111,0.09385825344405768,5.1938775510204085,43.9,no_simulada
161,0.07799206350750702,8.63265306122449,46.24285714285714,no_simulada
73,0.09088396195495917,5.086734693877551,39.25714285714286,no_simulada
118,0.09256119829752008,4.178571428571429,56.614285714285714,no_simulada
36,0.052213258821315084,2.5153061224489797,25.257142857142856,no_simulada
67,0.055576552148458434,6.2397959183673475,48.4,no_simulada
48,0.026545034361126284,3.330357142857143,32.74285714285714,no_simulada
57,0.09821481213384982,2.7448979591836737,32.65714285714286,no_simulada
199,0.10318413199625205,5.146683673469388,39.1,no_simulada
39,0.08663002681942074,1.1058673469387756,9.257142857142858,no_simulada
213,0.09703278819639671,15.330357142857142,62.1,no_simulada
128,0.07319033801203592,10.372448979591837,36.714285714285715,no_simulada
78,0.09729506373076374,3.6466836734693877,43.01428571428571,no_simulada
40,0.06596173760215578,2.2448979591836737,29.02857142857143,no_simulada
176,0.07320525328168848,9.667091836734695,36.07142857142857,no_simulada
108,0.0886617218916606,6.3520408163265305,37.7,no_simulada
34,0.021596558851460813,2.3367346938775513,19.414285714285715,no_simulada
156,0.080236942315817,4.668367346938775,19.014285714285716,no_simulada
96,0.08912938222050339,4.209183673469388,54.32857142857143,no_simulada
63,0.1211581755377816,2.6581632653061225,23.65714285714286,no_simulada
166,0.07007529618765958,11.872448979591837,24.4,no_simulada
132,0.087175369039751,6.646683673469388,54.957142857142856,no_simulada
30,0.024851102056984403,2.8112244897959187,23.285714285714285,no_simulada
164,0.08192936306054863,7.561224489795919,19.714285714285715,no_simulada
204,0.07844218230875359,9.25,52.68571428571428,no_simulada
196,0.09387633994108543,10.391581632653061,31.32857142857143,no_simulada
69,0.05502319686944971,3.534438775510204,47.91428571428571,no_simulada
31,0.08478602862374789,2.2857142857142856,19.728571428571428,no_simulada
54,0.04215200930732966,5.146683673469388,40.98571428571429,no_simulada
28,0.10902848876451363,1.066326530612245,7.828571428571428,no_simulada
86,0.0871917296909304,4.1938775510204085,39.9,no_simulada
96,0.08912938222050339,4.209183673469388,54.32857142857143,no_simulada
53,0.07517791950523536,3.534438775510204,18.7,no_simulada
171,0.09314722376357508,4.7653061224489806,49.15714285714286,no_simulada
45,0.04445569050832207,2.2385204081632653,33.285714285714285,no_simulada
44,0.053131383428688096,3.167091836734694,38.15714285714286,no_simulada
35,0.07643641933115618,1.1160714285714286,22.014285714285716,no_simulada
185,0.07629119797851634,9.534438775510205,43.01428571428571,no_simulada
62,0.052358656842352455,4.605867346938775,46.44285714285714,no_simulada
67,0.03731646784587958,3.7181122448979593,35.81428571428572,no_simulada
28,0.10944988344988345,0.8826530612244898,9.614285714285714,no_simulada
76,0.0720585628139977,5.8813775510204085,45.0,no_simulada
142,0.08712892149754067,6.034438775510204,61.52857142857143,no_simulada
85,0.10098368830896488,4.9528061224489806,31.185714285714287,no_simulada
161,0.08186860160317273,6.8813775510204085,57.9,no_simulada
64,0.08622785900166857,3.7806122448979593,25.585714285714285,no_simulada
53,0.056407965663292696,3.2091836734693877,20.15714285714286,no_simulada
121,0.08230086697493848,5.391581632653062,42.8,no_simulada
75,0.05611701167895709,4.391581632653061,38.6,no_simulada
105,0.06805243656459244,7.218112244897959,31.271428571428572,no_simulada
74,0.04537296704279626,4.4438775510204085,37.542857142857144,no_simulada
112,0.09238782051578925,3.6772959183673466,34.714285714285715,no_simulada
84,0.048891293891293916,3.748724489795918,47.114285714285714,no_simulada
63,0.07448276104291143,3.6377551020408165,25.9,no_simulada
91,0.07646447797240384,3.2181122448979593,14.414285714285715,no_simulada
119,0.0878083589197132,7.1020408163265305,44.31428571428572,no_simulada
85,0.0447887454299686,5.401785714285714,48.8,no_simulada
200,0.08807032565670571,7.515306122448979,32.24285714285714,no_simulada
40,0.04694058712638816,2.003826530612245,24.442857142857143,no_simulada
109,0.08151337561003978,4.595663265306123,58.92857142857143,no_simulada
109,0.09106722581054724,4.280612244897959,24.785714285714285,no_simulada
100,0.09035367891171692,6.360969387755103,39.457142857142856,no_simulada
169,0.08298604665948262,5.6772959183673475,35.94285714285714,no_simulada
73,0.061136376423141195,3.7181122448979593,21.65714285714286,no_simulada
135,0.09259813626430434,7.473214285714286,45.714285714285715,no_simulada
175,0.08358619804812303,14.667091836734695,56.72857142857143,no_simulada
101,0.0903479304671706,4.360969387755103,29.542857142857144,no_simulada
47,0.08824792728638882,1.5752551020408165,18.757142857142856,no_simulada
147,0.06608428451322529,8.534438775510205,21.32857142857143,no_simulada
120,0.09361140586684477,5.464285714285714,59.5,no_simulada
97,0.07777777699599876,4.596938775510204,50.642857142857146,no_simulada
85,0.0862836383011501,3.6377551020408165,22.52857142857143,no_simulada
54,0.06133176258119346,2.979591836734694,28.542857142857144,no_simulada
79,0.059620604530451024,4.551020408163265,40.42857142857143,no_simulada
134,0.0823418578620116,5.391581632653062,31.542857142857144,no_simulada
91,0.08823882840086794,5.811224489795919,53.128571428571426,no_simulada
169,0.07452810880623137,7.107142857142857,37.371428571428574,no_simulada
220,0.09564422945492643,10.463010204081632,60.48571428571429,no_simulada
118,0.08257857719458823,3.9630102040816326,32.885714285714286,no_simulada
136,0.08347925632666055,5.534438775510204,50.02857142857143,no_simulada
89,0.09752770004012039,5.095663265306123,55.22857142857143,no_simulada
69,0.05439389578015538,2.8201530612244894,33.84285714285714,no_simulada
127,0.0947144125224085,5.616071428571429,40.614285714285714,no_simulada
85,0.07437316656110166,8.989795918367347,52.51428571428571,no_simulada
88,0.05835547778472564,3.891581632653061,55.1,no_simulada
68,0.07539680582690778,2.881377551020408,17.242857142857144,no_simulada
79,0.0767297397886359,3.830357142857143,55.285714285714285,no_simulada
153,0.0771374702102318,8.142857142857142,40.27142857142857,no_simulada
132,0.08516537690539548,7.586734693877551,20.52857142857143,no_simulada
66,0.12685045288747698,2.5867346938775513,23.614285714285714,no_simulada
114,0.08836576633394272,8.301020408163264,41.17142857142857,no_simulada
205,0.09411909931538633,8.693877551020408,47.42857142857143,no_simulada
89,0.05384696278315821,7.596938775510204,44.41428571428571,no_simulada
138,0.09030166443843061,7.122448979591837,50.65714285714286,no_simulada
118,0.0822541943244685,5.423469387755103,44.385714285714286,no_simulada
79,0.08163214268286734,2.7385204081632653,33.357142857142854,no_simulada
101,0.08775601392774061,8.801020408163264,50.41428571428571,no_simulada
170,0.09862289241124272,8.391581632653061,36.371428571428574,no_simulada
77,0.0688076430606776,5.943877551020408,54.24285714285714,no_simulada
75,0.06650793986580342,2.561224489795918,29.785714285714285,no_simulada
155,0.0801996837943613,9.316326530612246,38.857142857142854,no_simulada
62,0.04735294211960877,2.248724489795918,35.18571428571428,no_simulada
45,0.06585549900807251,2.5306122448979593,18.8,no_simulada
29,0.09211708468812628,1.739795918367347,15.285714285714286,no_simulada
39,0.13898567724020386,1.7385204081632655,14.514285714285714,no_simulada
26,0.10847419775991203,1.2653061224489797,11.585714285714285,no_simulada
78,0.08419637209819188,5.729591836734693,23.957142857142856,no_simulada
34,0.04379209259461358,4.311224489795919,30.15714285714286,no_simulada
70,0.0744791541220653,6.401785714285714,42.2,no_simulada
223,0.09223031817097783,8.02423469387755,41.214285714285715,no_simulada
28,0.04158125824792491,1.0510204081632653,19.7,no_simulada
55,0.07079620641078464,2.13265306122449,40.142857142857146,no_simulada
89,0.07280986387529667,7.122448979591837,56.371428571428574,no_simulada
231,0.08622244002735789,14.718112244897961,50.48571428571429,no_simulada
45,0.05571253591735967,4.3520408163265305,35.84285714285714,no_simulada
47,0.03618012582150868,3.2653061224489797,34.55714285714286,no_simulada
163,0.0916257716557401,6.391581632653062,48.7,no_simulada
28,0.07915283222300766,1.2755102040816326,12.657142857142857,no_simulada
97,0.07698330358145415,3.7181122448979593,28.2,no_simulada
105,0.07619373692150955,3.809948979591837,56.91428571428571,no_simulada
82,0.04801726599423972,8.075255102040817,47.34285714285714,no_simulada
122,0.08461349329694673,7.360969387755103,31.02857142857143,no_simulada
78,0.05959563117547155,6.25,38.27142857142857,no_simulada
47,0.08269675925925928,2.2448979591836733,38.67142857142857,no_simulada
81,0.08628340879805108,3.2385204081632653,38.214285714285715,no_simulada
77,0.06937512453048392,5.887755102040816,22.928571428571427,no_simulada
68,0.059122724997962214,7.035714285714286,48.74285714285714,no_simulada
195,0.08211019294935357,7.891581632653062,9.357142857142858,no_simulada
114,0.1052304689695865,5.1938775510204085,34.02857142857143,no_simulada
47,0.039483244028698516,3.3469387755102042,34.3,no_simulada
207,0.09522138676304029,11.061224489795919,56.52857142857143,no_simulada
46,0.056546261270844465,3.044642857142857,37.74285714285714,no_simulada
62,0.09563548691212798,2.7181122448979593,34.68571428571428,no_simulada
94,0.07053036481959107,7.464285714285714,38.27142857142857,no_simulada
171,0.08641587849119578,7.534438775510204,27.32857142857143,no_simulada
95,0.06316854944293832,8.003826530612246,53.68571428571428,no_simulada
49,0.044874616513271945,2.0344387755102042,35.2,no_simulada
80,0.0773898648716385,4.918367346938775,45.1,no_simulada
26,0.04610401399617086,1.0510204081632653,14.314285714285715,no_simulada
98,0.0892475253781807,4.095663265306123,18.02857142857143,no_simulada
74,0.08811485401234494,2.693877551020408,46.871428571428574,no_simulada
112,0.0740853747320751,6.6772959183673475,38.457142857142856,no_simulada
61,0.07342083326603449,3.1772959183673466,11.028571428571428,no_simulada
53,0.10022853576162395,1.6938775510204083,23.6,no_simulada
28,0.025710851648351653,1.5663265306122447,19.0,no_simulada
97,0.0942395543028339,2.9642857142857144,24.728571428571428,no_simulada
57,0.10327413261162473,3.789540816326531,21.67142857142857,no_simulada
38,0.02942322828686464,2.7448979591836737,29.8,no_simulada
64,0.08828220030682117,4.025510204081633,49.4,no_simulada
193,0.08162984659594662,9.248724489795919,31.542857142857144,no_simulada
175,0.08041324779664608,9.321428571428571,32.642857142857146,no_simulada
46,0.07747574707714026,1.1670918367346939,23.442857142857143,no_simulada
135,0.10390574736099091,8.08673469387755,33.08571428571429,no_simulada
50,0.03672261386550816,3.6466836734693877,32.42857142857143,no_simulada
85,0.08462690966043653,4.454081632653062,35.885714285714286,no_simulada
190,0.08865924050729503,9.860969387755103,41.885714285714286,no_simulada
80,0.08244091352798669,4.105867346938775,28.82857142857143,no_simulada
59,0.05662143545922844,4.503826530612245,36.31428571428572,no_simulada
33,0.034916313173186574,2.173469387755102,27.085714285714285,no_simulada
199,0.08917160430747262,4.6772959183673475,42.5,no_simulada
66,0.10196248416486507,3.534438775510204,44.48571428571429,no_simulada
40,0.023626877651645447,2.0242346938775513,20.357142857142858,no_simulada
29,0.06168755545696541,1.2385204081632655,10.185714285714285,no_simulada
49,0.030121353183853183,2.423469387755102,37.42857142857143,no_simulada
31,0.03373422873422874,2.4183673469387754,21.728571428571428,no_simulada
212,0.09290468059598182,12.275510204081632,28.214285714285715,no_simulada
63,0.06215346273825806,5.423469387755103,46.8,no_simulada
204,0.10221747114511007,10.75,60.31428571428572,no_simulada
225,0.08619726846027284,11.646683673469386,54.714285714285715,no_simulada
117,0.08693431953980008,6.4897959183673475,40.98571428571429,no_simulada
90,0.05481084749111313,3.9897959183673466,49.628571428571426,no_simulada
195,0.09021214595719393,14.357142857142858,28.457142857142856,no_simulada
105,0.09141742577512488,6.3813775510204085,46.714285714285715,no_simulada
63,0.06748804298497657,3.2755102040816326,43.08571428571429,no_simulada
52,0.05608680925235852,3.923469387755102,31.84285714285714,no_simulada
173,0.08504244125946422,13.78954081632653,34.55714285714286,no_simulada
25,0.06299910873440286,2.381377551020408,12.271428571428572,no_simulada
136,0.08924173909628,6.2895408163265305,43.67142857142857,no_simulada
42,0.09319364218402681,2.0867346938775513,21.285714285714285,no_simulada
34,0.0387770663821084,2.830357142857143,22.542857142857144,no_simulada
41,0.03227124787582304,2.534438775510204,24.97142857142857,no_simulada
102,0.09690952795547422,6.244897959183674,28.142857142857142,no_simulada
93,0.09876335654711843,4.066326530612245,53.0,no_simulada
110,0.08825326827627575,7.003826530612245,20.34285714285714,no_simulada
28,0.04531193674050819,2.6772959183673466,23.9,no_simulada
199,0.09689921534927966,9.025510204081632,60.94285714285714,no_simulada
89,0.05934025827509532,4.13265306122449,37.885714285714286,no_simulada
31,0.02020370792300617,2.2040816326530615,30.67142857142857,no_simulada
126,0.08024139317999666,6.025510204081633,58.128571428571426,no_simulada
42,0.0369806290201027,3.167091836734694,33.82857142857143,no_simulada
128,0.11189328274728297,3.7589285714285716,35.67142857142857,no_simulada
175,0.11234048242792505,7.979591836734694,57.31428571428572,no_simulada
82,0.060664610627641107,8.95280612244898,46.32857142857143,no_simulada
137,0.08497192737695262,4.372448979591836,42.371428571428574,no_simulada
48,0.0890875383684045,3.330357142857143,30.285714285714285,no_simulada
43,0.022895553520553506,1.8099489795918369,29.82857142857143,no_simulada
71,0.12410865557730878,3.891581632653061,32.05714285714286,no_simulada
207,0.08398873843081331,8.38265306122449,52.01428571428571,no_simulada
140,0.1012167438245991,7.744897959183674,29.914285714285715,no_simulada
165,0.07010941264640366,12.595663265306124,44.214285714285715,no_simulada
29,0.0745593729694607,1.9528061224489797,9.457142857142857,no_simulada
180,0.08244518938821292,10.575255102040815,61.857142857142854,no_simulada
52,0.058015898897284354,3.8201530612244894,29.857142857142858,no_simulada
27,0.09315243579949463,1.5752551020408163,8.4,no_simulada
52,0.08336637617873795,2.963010204081633,17.685714285714287,no_simulada
111,0.0812794510767759,6.646683673469388,51.41428571428571,no_simulada
211,0.08531167134306068,12.075255102040815,62.385714285714286,no_simulada
73,0.051448681082739034,3.5752551020408165,35.457142857142856,no_simulada
118,0.05460811645872897,8.32015306122449,35.31428571428572,no_simulada
77,0.0688076430606776,5.943877551020408,54.24285714285714,no_simulada
161,0.09879781195454823,6.616071428571429,50.9,no_simulada
234,0.10388088369487448,11.811224489795919,45.24285714285714,no_simulada
95,0.10825429976586207,4.096938775510204,45.22857142857143,no_simulada
189,0.09484665282025569,9.718112244897961,41.91428571428571,no_simulada
37,0.026604060427589848,2.1875,22.97142857142857,no_simulada
190,0.08754725335161082,11.051020408163266,43.55714285714286,no_simulada
37,0.040150979624663845,1.3099489795918369,23.84285714285714,no_simulada
86,0.07247433024110006,3.667091836734694,32.628571428571426,no_simulada
41,0.08413235818127121,3.3010204081632653,28.9,no_simulada
45,0.03372652443775743,3.5242346938775513,33.34285714285714,no_simulada
29,0.08634868421052633,1.3112244897959184,14.014285714285714,no_simulada
53,0.047350726970292134,3.1466836734693877,42.457142857142856,no_simulada
51,0.046542332939391765,2.2142857142857144,29.257142857142856,no_simulada
83,0.0704548937549638,8.311224489795919,51.91428571428571,no_simulada
36,0.09883755647644535,1.3214285714285714,14.057142857142857,no_simulada
39,0.025470620996936786,1.534438775510204,34.18571428571428,no_simulada
186,0.08304681902984747,11.891581632653061,59.02857142857143,no_simulada
158,0.08329678996781052,7.391581632653062,32.8,no_simulada
123,0.07861827813706515,6.2397959183673475,38.3,no_simulada
51,0.07467864429309438,2.668367346938776,12.871428571428572,no_simulada
84,0.09199136436782883,4.596938775510204,38.8,no_simulada
131,0.10668410517538011,7.6772959183673475,31.085714285714285,no_simulada
49,0.04953128344276665,3.0242346938775513,33.27142857142857,no_simulada
73,0.050360024432625,3.454081632653061,41.81428571428572,no_simulada
42,0.1346499275223659,2.4630102040816326,28.685714285714287,no_simulada
55,0.13324305350357107,2.0242346938775513,18.514285714285716,no_simulada
34,0.02861179193899782,1.5752551020408163,21.457142857142856,no_simulada
59,0.04562430716663282,2.4528061224489797,50.18571428571428,no_simulada
77,0.04618026332455688,3.668367346938776,43.92857142857143,no_simulada
49,0.04878504658109923,3.0956632653061225,43.6,no_simulada
159,0.09980976111243829,8.821428571428571,60.6,no_simulada
76,0.0746636628004775,3.330357142857143,50.27142857142857,no_simulada
84,0.06134167872593795,8.177295918367347,44.357142857142854,no_simulada
118,0.07166201289676909,6.596938775510204,50.785714285714285,no_simulada
125,0.07030098828602525,4.360969387755103,18.62857142857143,no_simulada
49,0.0926335172763744,2.0714285714285716,31.042857142857144,no_simulada
47,0.03784667749048095,4.051020408163265,38.142857142857146,no_simulada
40,0.04808973520153643,2.3826530612244903,30.957142857142856,no_simulada
81,0.10840148953610498,3.3010204081632653,42.48571428571429,no_simulada
40,0.059357520786092195,2.1581632653061225,33.18571428571428,no_simulada
116,0.07962738304809937,6.330357142857143,8.942857142857143,no_simulada
100,0.0648321221887695,8.596938775510203,43.07142857142857,no_simulada
45,0.06610652341744774,4.146683673469388,24.928571428571427,no_simulada
40,0.0445436507936508,1.7487244897959184,29.257142857142856,no_simulada
45,0.058155971013113865,2.4081632653061225,31.957142857142856,no_simulada
92,0.07127533033415384,6.301020408163265,53.9,no_simulada
158,0.09856786621443707,7.258928571428571,38.714285714285715,no_simulada
150,0.08183670340870515,9.801020408163266,45.385714285714286,no_simulada
234,0.09580753821275306,8.83673469387755,51.8,no_simulada
73,0.06294354987118142,4.82015306122449,43.628571428571426,no_simulada
41,0.099571445418265,2.3214285714285716,22.82857142857143,no_simulada
32,0.08708713748657357,1.7295918367346939,12.742857142857142,no_simulada
113,0.06950345558310488,3.6466836734693877,40.67142857142857,no_simulada
135,0.07305920915095214,9.95280612244898,46.642857142857146,no_simulada
50,0.09019594457729267,2.6581632653061225,34.32857142857143,no_simulada
77,0.07794555137440509,3.561224489795918,49.67142857142857,no_simulada
137,0.08311589268943398,9.13265306122449,60.55714285714286,no_simulada
154,0.07456846283577731,4.801020408163265,52.0,no_simulada
241,0.09582816986561363,11.030612244897958,47.75714285714286,no_simulada
49,0.05721796884077585,2.102040816326531,32.07142857142857,no_simulada
122,0.09468940535694315,3.6326530612244894,38.4,no_simulada
81,0.05874388201330133,7.401785714285714,48.42857142857143,no_simulada
32,0.027164052878338594,1.1683673469387756,25.65714285714286,no_simulada
31,0.05078830749966853,2.561224489795918,23.228571428571428,no_simulada
49,0.04976435658889075,3.5956632653061225,41.285714285714285,no_simulada
48,0.042938701418618296,2.423469387755102,6.428571428571429,no_simulada
171,0.09314722376357508,4.7653061224489806,49.15714285714286,no_simulada
180,0.08550073329146388,9.321428571428571,34.27142857142857,no_simulada
73,0.04416782144956743,4.605867346938775,45.24285714285714,no_simulada
40,0.059357520786092195,2.1581632653061225,33.18571428571428,no_simulada
168,0.07282582326715621,16.258928571428573,29.085714285714285,no_simulada
50,0.051451729664768985,2.622448979591837,35.74285714285714,no_simulada
173,0.08541311340475351,10.035714285714286,43.31428571428572,no_simulada
183,0.09209599757359818,10.034438775510205,18.428571428571427,no_simulada
93,0.07159665491318719,3.5752551020408165,54.52857142857143,no_simulada
28,0.054219324706940804,1.2385204081632655,22.557142857142857,no_simulada
170,0.08441657575471109,8.38265306122449,44.142857142857146,no_simulada
168,0.08423704305798561,8.32015306122449,55.385714285714286,no_simulada
77,0.0849031466532773,2.668367346938776,38.77142857142857,no_simulada
105,0.08017447120736394,3.789540816326531,18.314285714285713,no_simulada
169,0.09039557107429042,6.285714285714286,56.55714285714286,no_simulada
193,0.09157067983724604,8.53061224489796,47.75714285714286,no_simulada
77,0.07135756601292301,2.789540816326531,48.02857142857143,no_simulada
28,0.05281557067271353,0.6058673469387755,12.1,no_simulada
72,0.05913652670871001,2.9897959183673466,26.542857142857144,no_simulada
56,0.06294435070365728,2.0956632653061225,32.114285714285714,no_simulada
128,0.09796868746839564,5.932397959183674,31.9,no_simulada
77,0.07065843094964226,4.357142857142857,32.214285714285715,no_simulada
69,0.09947945943369277,2.881377551020408,17.614285714285714,no_simulada
102,0.10728311015989067,6.63265306122449,40.385714285714286,no_simulada
43,0.044461697722567285,2.9897959183673466,32.68571428571428,no_simulada
114,0.08053432599996929,6.391581632653062,59.57142857142857,no_simulada
116,0.09577814855827566,6.566326530612245,42.857142857142854,no_simulada
166,0.09911178160709634,12.051020408163266,37.27142857142857,no_simulada
57,0.07423525670236195,4.928571428571429,26.37142857142857,no_simulada
47,0.03784667749048095,4.051020408163265,38.142857142857146,no_simulada
28,0.04105959123037464,2.2653061224489797,21.071428571428573,no_simulada
153,0.06918340286779862,8.677295918367347,53.91428571428571,no_simulada
119,0.06839758217182036,8.85204081632653,52.98571428571429,no_simulada
114,0.08763118795191165,6.811224489795919,22.814285714285713,no_simulada
58,0.04844504701647556,2.9948979591836737,37.82857142857143,no_simulada
83,0.10582588623260003,1.7295918367346939,45.7,no_simulada
100,0.07497938705147249,5.454081632653062,28.3,no_simulada
152,0.08810093544107468,9.309948979591837,59.47142857142857,no_simulada
98,0.114912328853423,3.0752551020408165,26.8,no_simulada
52,0.0697564840685801,5.704081632653062,37.957142857142856,no_simulada
147,0.0849857666813116,7.8520408163265305,26.114285714285714,no_simulada
27,0.10711680911680913,1.3201530612244898,8.114285714285714,no_simulada
129,0.09452070266046429,6.015306122448979,51.0,no_simulada
117,0.09827091342983976,4.809948979591837,55.642857142857146,no_simulada
84,0.07487903365315644,5.452806122448979,35.957142857142856,no_simulada
191,0.09464491641064396,8.959183673469388,16.7,no_simulada
159,0.08402865568375069,6.7895408163265305,36.65714285714286,no_simulada
50,0.07973974171428588,2.789540816326531,25.642857142857142,no_simulada
29,0.07618583495776478,1.3201530612244898,11.557142857142857,no_simulada
161,0.09456024334573258,7.780612244897959,43.24285714285714,no_simulada
97,0.07394505342255744,7.173469387755103,37.128571428571426,no_simulada
37,0.06486987219130072,2.102040816326531,28.82857142857143,no_simulada
59,0.062159100213262965,1.7448979591836735,38.142857142857146,no_simulada
101,0.06666480261233083,5.167091836734693,14.785714285714286,no_simulada
82,0.09437533571590312,4.758928571428571,38.871428571428574,no_simulada
73,0.057689731186675364,1.7653061224489797,36.3,no_simulada
225,0.08839026978548344,10.571428571428571,25.242857142857144,no_simulada
142,0.07182015612964596,8.860969387755102,59.957142857142856,no_simulada
127,0.09895508668342909,7.238520408163266,57.47142857142857,no_simulada
128,0.07614322866091798,5.738520408163266,54.542857142857144,no_simulada
120,0.0951625997977541,9.095663265306122,39.47142857142857,no_simulada
151,0.08696798931700225,7.2397959183673475,57.642857142857146,no_simulada
86,0.0604022052608025,2.2653061224489797,38.628571428571426,no_simulada
76,0.059720895046981984,2.881377551020408,48.57142857142857,no_simulada
88,0.06136446249596773,5.258928571428571,51.31428571428572,no_simulada
217,0.09812969418746516,9.575255102040815,42.47142857142857,no_simulada
165,0.08200845232309828,8.494897959183673,41.01428571428571,no_simulada
164,0.08957525433435311,10.891581632653061,43.81428571428572,no_simulada
47,0.07140736186645792,2.5867346938775513,8.014285714285714,no_simulada
59,0.04561160200159388,3.2385204081632653,48.65714285714286,no_simulada
74,0.06488114206958652,2.0510204081632653,46.142857142857146,no_simulada
224,0.09583719101184938,12.392857142857142,33.8,no_simulada
208,0.08932780296950855,6.1772959183673475,45.72857142857143,no_simulada
42,0.0616071014568457,1.5752551020408163,26.314285714285713,no_simulada
164,0.0758828846740689,6.718112244897959,62.9,no_simulada
59,0.05944035607794189,2.809948979591837,38.67142857142857,no_simulada
81,0.06926266800172538,6.524234693877552,31.52857142857143,no_simulada
67,0.09254767060293358,5.105867346938775,37.385714285714286,no_simulada
49,0.09618570733119229,2.4017857142857144,15.742857142857142,no_simulada
164,0.0758828846740689,6.718112244897959,62.9,no_simulada
55,0.05410642105504258,4.860969387755103,32.3,no_simulada
59,0.04501717201525383,4.622448979591836,35.77142857142857,no_simulada
146,0.0959645860254636,5.030612244897959,18.0,no_simulada
72,0.10585430992042558,3.2181122448979593,41.542857142857144,no_simulada
54,0.06593672606744501,2.667091836734694,35.31428571428572,no_simulada
55,0.048480263470864954,3.954081632653061,29.385714285714286,no_simulada
107,0.0908868364019586,4.775510204081633,44.628571428571426,no_simulada
99,0.08160355848121012,4.177295918367347,49.58571428571429,no_simulada
120,0.07345808403571907,11.02423469387755,54.77142857142857,no_simulada
184,0.09550411118059735,11.25,55.22857142857143,no_simulada
58,0.07681307856619557,1.8724489795918369,11.442857142857143,no_simulada
31,0.024943310657596356,2.289540816326531,30.857142857142858,no_simulada
50,0.04131439327867896,2.9183673469387754,35.57142857142857,no_simulada
217,0.09480410897079762,10.218112244897958,49.48571428571429,no_simulada
65,0.08830057024684224,2.1160714285714284,15.214285714285714,no_simulada
63,0.10282255973415835,5.357142857142857,37.0,no_simulada
127,0.0822374797784307,4.908163265306122,37.57142857142857,no_simulada
62,0.05077054871811903,3.1377551020408165,34.77142857142857,no_simulada
58,0.04405488197909005,5.704081632653062,41.2,no_simulada
50,0.0376188836416109,3.5306122448979593,27.3,no_simulada
53,0.0475959978008297,3.034438775510204,32.385714285714286,no_simulada
186,0.1018002785554461,10.137755102040815,62.871428571428574,no_simulada
180,0.0657170882024379,9.52423469387755,38.8,no_simulada
139,0.10083295921903634,5.571428571428571,55.91428571428571,no_simulada
69,0.10386851984482219,4.428571428571429,41.91428571428571,no_simulada
58,0.05865262612779801,3.6581632653061225,34.58571428571429,no_simulada
35,0.03629778357624041,2.881377551020408,31.12857142857143,no_simulada
153,0.07194796907991834,10.258928571428571,37.72857142857143,no_simulada
89,0.08802368563613897,3.7755102040816326,44.92857142857143,no_simulada
67,0.11790036816895759,2.2040816326530615,32.05714285714286,no_simulada
179,0.10828345539233697,10.105867346938776,48.628571428571426,no_simulada
62,0.07709313802306877,1.8214285714285714,32.44285714285714,no_simulada
56,0.0390216836694569,4.605867346938775,36.07142857142857,no_simulada
50,0.03684897343282435,2.6160714285714284,30.057142857142857,no_simulada
47,0.08824792728638882,1.5752551020408165,18.757142857142856,no_simulada
121,0.07687340121803451,4.809948979591837,41.67142857142857,no_simulada
49,0.09090338453757567,3.892857142857143,22.457142857142856,no_simulada
54,0.06372732595258912,2.816326530612245,42.74285714285714,no_simulada
110,0.11411408866970069,4.605867346938775,23.3,no_simulada
37,0.0669434629563088,1.8303571428571428,15.928571428571429,no_simulada
32,0.09632569926048186,1.1466836734693877,15.857142857142858,no_simulada
28,0.015622198314506005,1.1224489795918366,12.228571428571428,no_simulada
98,0.09306423641235786,3.943877551020408,32.48571428571429,no_simulada
169,0.0875851766436452,5.2895408163265305,58.81428571428572,no_simulada
62,0.09563548691212798,2.7181122448979593,34.68571428571428,no_simulada
92,0.09752460028273383,5.709183673469388,21.957142857142856,no_simulada
67,0.07735696930311087,3.0153061224489797,16.728571428571428,no_simulada
106,0.07806002221224449,5.346938775510204,51.97142857142857,no_simulada
111,0.05985976324859878,8.034438775510205,26.32857142857143,no_simulada
46,0.05157086197287597,4.086734693877551,39.128571428571426,no_simulada
62,0.1316567411137546,2.2806122448979593,24.771428571428572,no_simulada
146,0.08924312375313657,6.316326530612245,22.185714285714287,no_simulada
156,0.09014566963279985,8.454081632653061,38.357142857142854,no_simulada
60,0.08264554233412362,2.1058673469387754,31.47142857142857,no_simulada
127,0.07488702288970256,6.82015306122449,42.2,no_simulada
197,0.10176707448522779,9.52423469387755,46.57142857142857,no_simulada
27,0.1324294532627866,0.8724489795918366,8.5,no_simulada
94,0.101057359532056,5.003826530612245,20.457142857142856,no_simulada
84,0.0829098842112783,5.346938775510204,39.57142857142857,no_simulada
45,0.0555083097279541,1.9081632653061225,22.414285714285715,no_simulada
82,0.05936563500960606,4.494897959183674,51.07142857142857,no_simulada
43,0.05989880915449984,4.586734693877551,37.34285714285714,no_simulada
98,0.06733306143013779,5.765306122448979,49.48571428571429,no_simulada
100,0.07590330745516526,7.32015306122449,27.15714285714286,no_simulada
93,0.10330946662383601,5.229591836734693,32.31428571428572,no_simulada
177,0.07834788713603376,8.60204081632653,48.68571428571428,no_simulada
176,0.08941907465808138,12.044642857142858,45.77142857142857,no_simulada
50,0.06124698053269478,3.668367346938776,37.02857142857143,no_simulada
67,0.06739496994908245,3.748724489795918,30.62857142857143,no_simulada
59,0.05661028904315347,5.9438775510204085,41.371428571428574,no_simulada
52,0.05796604135452152,3.9017857142857144,38.3,no_simulada
168,0.10274945517594855,8.95280612244898,34.41428571428571,no_simulada
99,0.07621892403768275,6.667091836734694,49.57142857142857,no_simulada
62,0.04523077903921552,2.923469387755102,38.857142857142854,no_simulada
76,0.08247656716485038,4.704081632653062,49.75714285714286,no_simulada
144,0.08266270965291572,5.6772959183673475,45.08571428571429,no_simulada
86,0.048018990087209175,7.846938775510204,45.92857142857143,no_simulada
66,0.040847072185835755,8.248724489795919,36.44285714285714,no_simulada
154,0.07456846283577731,4.801020408163265,52.0,no_simulada
227,0.10769884833480826,6.908163265306123,29.514285714285716,no_simulada
56,0.06167126395048766,1.4183673469387756,37.67142857142857,no_simulada
66,0.06570356775188706,3.811224489795918,31.2,no_simulada
98,0.10462687486650325,4.7895408163265305,46.34285714285714,no_simulada
46,0.07455044955044955,3.2091836734693877,27.15714285714286,no_simulada
30,0.06496724190841839,2.0510204081632653,14.542857142857143,no_simulada
113,0.09344076399407672,4.718112244897959,24.457142857142856,no_simulada
74,0.09500646938669441,5.178571428571429,40.31428571428572,no_simulada
128,0.08272092543859157,6.586734693877551,39.72857142857143,no_simulada
50,0.09843972545477563,1.8099489795918369,22.542857142857144,no_simulada
119,0.09864085605520657,6.75,16.457142857142856,no_simulada
42,0.03524578188609808,2.5956632653061225,28.17142857142857,no_simulada
72,0.0811274535973416,2.177295918367347,15.771428571428572,no_simulada
99,0.06762494638926944,6.346938775510204,47.67142857142857,no_simulada
183,0.09623184643808319,6.463010204081633,23.857142857142858,no_simulada
58,0.04176261812540005,3.503826530612245,32.3,no_simulada
149,0.08081111397463664,4.658163265306122,40.0,no_simulada
122,0.07037645091706879,5.943877551020408,56.05714285714286,no_simulada
45,0.13859266014569038,2.5153061224489797,18.457142857142856,no_simulada
213,0.07803972741528588,12.51530612244898,38.785714285714285,no_simulada
73,0.07073576755334317,3.6772959183673466,47.128571428571426,no_simulada
118,0.12420643854494898,5.4528061224489806,44.24285714285714,no_simulada
47,0.03598609613925818,3.360969387755102,32.457142857142856,no_simulada
37,0.09741944166944169,2.5752551020408165,20.142857142857142,no_simulada
112,0.08844208574656474,4.346938775510204,54.642857142857146,no_simulada
143,0.08763022027935576,5.116071428571429,50.371428571428574,no_simulada
116,0.07962738304809937,6.330357142857143,8.942857142857143,no_simulada
46,0.04142220213648782,4.7397959183673475,32.82857142857143,no_simulada
145,0.0707096698723604,10.718112244897958,22.414285714285715,no_simulada
189,0.08018248258863273,10.963010204081632,30.47142857142857,no_simulada
179,0.07919007854666843,11.071428571428571,26.814285714285713,no_simulada
120,0.08679346126358627,8.566326530612246,47.51428571428571,no_simulada
174,0.0863455473326721,6.051020408163266,48.72857142857143,no_simulada
225,0.10051956375106066,18.534438775510203,48.15714285714286,no_simulada
84,0.053949972138057065,6.142857142857143,45.128571428571426,no_simulada
30,0.04444444444444445,1.4528061224489797,34.32857142857143,no_simulada
60,0.05771906828408375,3.789540816326531,29.2,no_simulada
123,0.0838647424691982,7.061224489795919,37.48571428571429,no_simulada
88,0.07668940792323156,3.9323979591836737,44.142857142857146,no_simulada
112,0.07132891259963797,6.534438775510204,12.67142857142857,no_simulada
100,0.09437882419363912,5.836734693877551,38.07142857142857,no_simulada
73,0.0917574082040956,5.605867346938775,30.5,no_simulada
116,0.0861402458680231,7.9528061224489806,41.214285714285715,no_simulada
51,0.044040737384390606,3.167091836734694,36.642857142857146,no_simulada
98,0.0843016073082362,5.003826530612245,37.84285714285714,no_simulada
40,0.028622121468275297,3.2181122448979593,32.77142857142857,no_simulada
113,0.06950345558310488,3.6466836734693877,40.67142857142857,no_simulada
28,0.08988532511259785,1.3010204081632655,5.6571428571428575,no_simulada
39,0.04363415871568044,3.7385204081632653,23.014285714285716,no_simulada
193,0.08717280134706257,5.923469387755103,38.67142857142857,no_simulada
185,0.10175829932690915,6.515306122448979,61.385714285714286,no_simulada
160,0.07693070799928682,4.8813775510204085,47.98571428571429,no_simulada
75,0.09849464080916906,3.2806122448979593,19.757142857142856,no_simulada
165,0.08034726561008375,6.051020408163266,49.58571428571429,no_simulada
45,0.06768136184802849,1.4630102040816326,19.771428571428572,no_simulada
59,0.053534490030584185,3.309948979591837,53.07142857142857,no_simulada
187,0.0972920391430495,8.932397959183673,32.48571428571429,no_simulada
76,0.07947116120001248,3.2857142857142856,49.785714285714285,no_simulada
197,0.09169703043736972,8.258928571428571,30.82857142857143,no_simulada
92,0.07178599386651566,6.248724489795919,48.5,no_simulada
192,0.09334085454946255,14.061224489795919,20.542857142857144,no_simulada
176,0.08664044876260274,11.704081632653061,53.75714285714286,no_simulada
48,0.10453589198930811,0.9630102040816327,23.6,no_simulada
127,0.09844193378051877,3.0752551020408165,55.357142857142854,no_simulada
124,0.07293055754934342,7.3813775510204085,41.457142857142856,no_simulada
159,0.09535888387708717,11.309948979591837,47.142857142857146,no_simulada
55,0.07966725322607675,1.989795918367347,32.9,no_simulada
72,0.05985666299823184,7.418367346938775,42.8,no_simulada
147,0.08337902374199262,8.423469387755102,35.32857142857143,no_simulada
58,0.05519303949092962,4.105867346938775,37.47142857142857,no_simulada
126,0.08675716461930334,8.739795918367347,37.7,no_simulada
86,0.08515598256338999,6.086734693877551,39.457142857142856,no_simulada
47,0.10026669442640637,3.4591836734693877,20.4,no_simulada
166,0.08738937274798392,9.739795918367347,39.6,no_simulada
41,0.0783968513889328,2.4017857142857144,25.428571428571427,no_simulada
190,0.09459273107371767,11.571428571428571,45.285714285714285,no_simulada
91,0.07730055342069728,7.605867346938775,54.22857142857143,no_simulada
34,0.09041435497575849,1.4630102040816326,10.542857142857143,no_simulada
29,0.05397345207127815,0.8813775510204083,12.257142857142858,no_simulada
139,0.08289091033980116,12.391581632653061,55.41428571428571,no_simulada
114,0.08836576633394272,8.301020408163264,41.17142857142857,no_simulada
65,0.042857495069033504,5.432397959183674,42.57142857142857,no_simulada
116,0.09416969041844392,6.432397959183674,41.08571428571429,no_simulada
42,0.04208747067202949,2.2385204081632653,30.47142857142857,no_simulada
167,0.09337107868758977,6.408163265306122,50.48571428571429,no_simulada
174,0.09634861474358163,9.01530612244898,46.9,no_simulada
182,0.07528464562286977,12.066326530612244,51.614285714285714,no_simulada
68,0.0977637207664555,2.9183673469387754,17.614285714285714,no_simulada
31,0.09575996914161165,1.3915816326530612,15.971428571428572,no_simulada
80,0.0634947977996162,4.372448979591836,48.94285714285714,no_simulada
104,0.09086080985100596,8.52423469387755,57.92857142857143,no_simulada
90,0.09558885194687472,5.4897959183673475,33.22857142857143,no_simulada
85,0.07412105541120706,7.167091836734693,47.84285714285714,no_simulada
27,0.017643208399787346,1.7091836734693877,14.142857142857142,no_simulada
115,0.09268030431353137,6.524234693877552,57.82857142857143,no_simulada
124,0.08559211171967997,6.2895408163265305,58.371428571428574,no_simulada
44,0.050544558471391325,2.0306122448979593,39.48571428571429,no_simulada
106,0.08570228419149388,6.9897959183673475,21.142857142857142,no_simulada
99,0.08018296270970064,6.248724489795919,55.25714285714286,no_simulada
71,0.049581805197255156,5.003826530612245,48.81428571428572,no_simulada
26,0.07198650115316782,1.4081632653061225,19.457142857142856,no_simulada
108,0.09586579820062704,5.637755102040816,39.142857142857146,no_simulada
213,0.09200256864364247,9.061224489795919,15.285714285714286,no_simulada
75,0.055492304520512264,3.830357142857143,40.02857142857143,no_simulada
173,0.07889580134412101,8.075255102040817,34.128571428571426,no_simulada
96,0.07238013083845034,5.744897959183674,16.7,no_simulada
170,0.08170443298380008,8.51530612244898,16.714285714285715,no_simulada
119,0.07982612197227837,7.658163265306122,54.17142857142857,no_simulada
62,0.07068270204080869,2.142857142857143,50.371428571428574,no_simulada
25,0.02474103436670282,1.1938775510204083,18.87142857142857,no_simulada
121,0.0599495701593414,5.82015306122449,53.27142857142857,no_simulada
58,0.07754386881944426,2.673469387755102,33.8,no_simulada
82,0.1033427898626221,4.709183673469388,47.285714285714285,no_simulada
68,0.10533589866923197,2.5867346938775513,38.871428571428574,no_simulada
162,0.0928281617148528,11.6875,49.92857142857143,no_simulada
176,0.07395541406570397,14.872448979591837,41.6,no_simulada
32,0.06563360881542699,1.6160714285714286,29.9,no_simulada
108,0.09742133484268557,6.809948979591837,53.08571428571429,no_simulada
32,0.06912648308481643,1.360969387755102,19.785714285714285,no_simulada
47,0.103736938652097,2.1160714285714284,7.685714285714286,no_simulada
59,0.04240458979158666,4.758928571428571,43.2,no_simulada
166,0.11135296146893524,9.309948979591837,33.2,no_simulada
203,0.09239600135195303,11.846938775510205,17.785714285714285,no_simulada
77,0.060340650438546285,5.158163265306122,56.385714285714286,no_simulada
49,0.030121353183853183,2.423469387755102,37.42857142857143,no_simulada
211,0.08531167134306068,12.075255102040815,62.385714285714286,no_simulada
167,0.08391718776644216,6.887755102040816,11.185714285714285,no_simulada
130,0.07953352084762345,12.658163265306124,55.84285714285714,no_simulada
65,0.09193427411701928,2.372448979591837,26.185714285714287,no_simulada
113,0.07524106131826287,10.32015306122449,33.642857142857146,no_simulada
60,0.03708385240969061,2.4285714285714284,38.42857142857143,no_simulada
48,0.05406073580415683,4.667091836734693,35.857142857142854,no_simulada
163,0.0967756963757839,7.923469387755103,36.67142857142857,no_simulada
83,0.0878028374207562,6.811224489795919,48.01428571428571,no_simulada
210,0.09302263780654757,14.38265306122449,50.82857142857143,no_simulada
210,0.09302263780654757,14.38265306122449,50.82857142857143,no_simulada
83,0.07717260998904253,2.6683673469387754,47.714285714285715,no_simulada
100,0.06531851421495516,10.316326530612244,52.68571428571428,no_simulada
57,0.07877293367489444,1.8201530612244898,14.442857142857143,no_simulada
58,0.11581996046281759,1.6058673469387756,21.957142857142856,no_simulada
58,0.06984947393912064,2.391581632653061,36.128571428571426,no_simulada
125,0.10699361212002811,7.923469387755103,36.0,no_simulada
32,0.09560491038751907,1.6581632653061225,14.971428571428572,no_simulada
124,0.09015244111768898,8.891581632653061,49.714285714285715,no_simulada
164,0.0989779700153609,12.857142857142858,49.7,no_simulada
150,0.09754776232225988,8.677295918367347,50.3,no_simulada
49,0.0532200044115475,2.8367346938775513,36.5,no_simulada
67,0.05931625542686916,5.418367346938775,41.24285714285714,no_simulada
155,0.08625266926957942,6.811224489795919,58.52857142857143,no_simulada
111,0.11333746279144229,4.918367346938775,41.94285714285714,no_simulada
67,0.09137489355569835,4.503826530612245,36.142857142857146,no_simulada
103,0.06981537663991028,5.443877551020408,52.44285714285714,no_simulada
78,0.08118630833830524,3.0510204081632653,26.385714285714286,no_simulada
66,0.10174898256898599,3.673469387755102,37.385714285714286,no_simulada
102,0.06698043292238752,3.857142857142857,55.81428571428572,no_simulada
57,0.052655399236759035,4.45280612244898,29.7,no_simulada
131,0.07388058378877702,8.408163265306124,22.385714285714286,no_simulada
52,0.045061857425987804,4.1772959183673475,44.957142857142856,no_simulada
116,0.07962738304809937,6.330357142857143,8.942857142857143,no_simulada
217,0.08527349115806179,13.530612244897958,22.62857142857143,no_simulada
51,0.07897671126531414,2.6326530612244903,13.971428571428572,no_simulada
83,0.08727140493268318,3.6377551020408165,17.057142857142857,no_simulada
77,0.09245612166062989,2.381377551020408,35.3,no_simulada
42,0.06032808766325248,2.061224489795918,29.042857142857144,no_simulada
175,0.0945299387399009,8.78954081632653,36.357142857142854,no_simulada
196,0.10604340078555657,10.830357142857142,59.92857142857143,no_simulada
37,0.03427166485830168,4.38265306122449,31.82857142857143,no_simulada
127,0.08351868196456853,6.1875,38.92857142857143,no_simulada
43,0.024141731284588425,2.423469387755102,21.37142857142857,no_simulada
202,0.10128563581006775,10.959183673469386,43.614285714285714,no_simulada
73,0.07672227684384439,2.289540816326531,48.142857142857146,no_simulada
40,0.038378295179765765,2.8367346938775513,26.942857142857143,no_simulada
52,0.07377749636844058,3.7385204081632653,37.17142857142857,no_simulada
51,0.047406471149099745,5.071428571428571,32.614285714285714,no_simulada
143,0.11445262060789485,2.943877551020408,44.3,no_simulada
33,0.09532370473403362,1.6020408163265307,18.914285714285715,no_simulada
119,0.07142865588301385,4.605867346938775,60.07142857142857,no_simulada
61,0.05139070415750253,4.075255102040816,31.814285714285713,no_simulada
76,0.09266566630380761,6.095663265306123,38.02857142857143,no_simulada
60,0.040707136137283176,4.38265306122449,37.75714285714286,no_simulada
78,0.08425541029437131,4.238520408163265,36.542857142857144,no_simulada
28,0.0247554883197298,1.7385204081632655,24.485714285714284,no_simulada
39,0.0456771170006464,2.9642857142857144,29.15714285714286,no_simulada
65,0.07132699122933944,3.891581632653061,44.214285714285715,no_simulada
82,0.08354848112600666,2.8201530612244894,48.785714285714285,no_simulada
86,0.08605780927545606,6.954081632653062,51.77142857142857,no_simulada
53,0.04590009235348267,2.534438775510204,28.957142857142856,no_simulada
85,0.08206274920541183,3.391581632653061,57.57142857142857,no_simulada
52,0.09239311678394335,1.5306122448979593,27.4,no_simulada
110,0.09170397584627189,5.336734693877552,42.01428571428571,no_simulada
54,0.0425927128427128,2.9081632653061225,40.01428571428571,no_simulada
169,0.09449581234909028,11.76530612244898,42.75714285714286,no_simulada
40,0.027648710556347284,3.034438775510204,20.84285714285714,no_simulada
109,0.08139157406683833,4.3813775510204085,33.8,no_simulada
178,0.07533552435660795,12.809948979591837,24.84285714285714,no_simulada
102,0.06932016719172919,5.7895408163265305,59.48571428571429,no_simulada
67,0.04785906559410828,5.464285714285714,43.67142857142857,no_simulada
43,0.055969271469271456,2.1466836734693877,30.142857142857142,no_simulada
109,0.07804144060592655,6.418367346938775,59.7,no_simulada
110,0.093030509579371,5.178571428571429,55.31428571428572,no_simulada
102,0.12337072615815482,1.846938775510204,47.142857142857146,no_simulada
177,0.08626736120587702,3.454081632653061,46.01428571428571,no_simulada
215,0.09514086804226433,10.075255102040815,45.885714285714286,no_simulada
38,0.062011944284671563,0.9528061224489796,22.1,no_simulada
33,0.04120675532158786,1.9732142857142858,10.228571428571428,no_simulada
202,0.08244773466364952,13.071428571428571,38.52857142857143,no_simulada
73,0.09943570999889063,2.860969387755102,36.25714285714286,no_simulada
158,0.07960953387031841,9.463010204081632,44.785714285714285,no_simulada
29,0.025204081632653055,1.780612244897959,21.4,no_simulada
71,0.07322948034432626,6.963010204081633,43.57142857142857,no_simulada
36,0.050499951148113224,2.381377551020408,47.6,no_simulada
93,0.07888235719388964,2.881377551020408,38.9,no_simulada
217,0.09252736636869441,8.748724489795919,42.82857142857143,no_simulada
75,0.06771164591447809,3.852040816326531,43.042857142857144,no_simulada
25,0.06630472701901272,1.1581632653061225,2.557142857142857,no_simulada
46,0.029567164861282507,2.6772959183673466,33.357142857142854,no_simulada
187,0.09748832581029905,8.887755102040817,56.785714285714285,no_simulada
77,0.0605212056374296,7.285714285714286,42.2,no_simulada
133,0.0785372086855449,6.744897959183674,30.385714285714286,no_simulada
106,0.08706582723739603,5.003826530612245,25.457142857142856,no_simulada
161,0.07206621749946567,5.024234693877552,40.9,no_simulada
103,0.08234993931650536,4.360969387755103,45.98571428571429,no_simulada
56,0.0356167383341296,3.4642857142857144,40.24285714285714,no_simulada
26,0.023422873422873428,2.003826530612245,20.785714285714285,no_simulada
189,0.08896522251156527,8.034438775510205,45.65714285714286,no_simulada
175,0.0992413843029211,8.744897959183673,54.98571428571429,no_simulada
101,0.07107664082053229,5.1772959183673475,26.814285714285713,no_simulada
134,0.08445707559010816,9.463010204081632,62.18571428571428,no_simulada
39,0.08949615199615199,1.9438775510204083,25.0,no_simulada
111,0.08577197206409347,6.178571428571429,39.357142857142854,no_simulada
44,0.03916249264569421,2.1581632653061225,37.77142857142857,no_simulada
78,0.10681149113587306,3.9323979591836737,32.91428571428571,no_simulada
157,0.09765713674323347,11.605867346938776,61.857142857142854,no_simulada
169,0.0934854305322529,8.575255102040817,50.98571428571429,no_simulada
31,0.035128647119597345,2.122448979591837,25.4,no_simulada
95,0.08963069081210306,5.107142857142857,51.81428571428572,no_simulada
57,0.05175061055352813,3.816326530612245,47.94285714285714,no_simulada
74,0.057551881870615836,3.872448979591837,42.81428571428572,no_simulada
215,0.08895004280340402,10.244897959183673,62.52857142857143,no_simulada
67,0.07969843225348598,3.102040816326531,42.31428571428572,no_simulada
70,0.084066219039951,4.454081632653061,38.72857142857143,no_simulada
43,0.03933357870199974,2.7181122448979593,28.3,no_simulada
54,0.06394011503202675,3.789540816326531,31.042857142857144,no_simulada
116,0.1042126994246749,5.544642857142857,57.77142857142857,no_simulada
33,0.09030833255979455,1.1326530612244898,13.785714285714286,no_simulada
119,0.06553783251437725,7.704081632653062,52.68571428571428,no_simulada
39,0.04363415871568044,3.7385204081632653,23.014285714285716,no_simulada
205,0.08276735193600894,7.979591836734694,39.67142857142857,no_simulada
116,0.0774223559128556,4.454081632653061,33.07142857142857,no_simulada
179,0.092150854442483,4.963010204081633,33.02857142857143,no_simulada
116,0.07291017286961625,7.2397959183673475,57.385714285714286,no_simulada
225,0.11348251875865446,12.095663265306124,50.714285714285715,no_simulada
54,0.09996389203737287,3.360969387755102,38.98571428571429,no_simulada
92,0.10723587729779686,5.1772959183673475,44.92857142857143,no_simulada
38,0.07014106669537053,2.943877551020408,21.414285714285715,no_simulada
55,0.07775665246855473,3.3367346938775513,20.228571428571428,no_simulada
135,0.08159795674947648,10.901785714285714,20.785714285714285,no_simulada
148,0.11114906377423014,6.116071428571429,53.22857142857143,no_simulada
122,0.10325330169969468,12.95280612244898,38.25714285714286,no_simulada
96,0.09834993404997426,4.923469387755103,33.48571428571429,no_simulada
177,0.09603942549899021,8.391581632653061,43.857142857142854,no_simulada
31,0.08653905738564499,1.836734693877551,29.057142857142857,no_simulada
51,0.04474891361902687,4.178571428571429,31.414285714285715,no_simulada
194,0.08417897812427941,8.33673469387755,37.857142857142854,no_simulada
93,0.08817776987504773,4.105867346938775,44.34285714285714,no_simulada
73,0.06122419971123246,4.025510204081633,48.957142857142856,no_simulada
71,0.09361291815626183,2.6058673469387754,34.457142857142856,no_simulada
99,0.06407471200383885,5.646683673469388,47.51428571428571,no_simulada
29,0.02068542568542569,1.718112244897959,23.885714285714286,no_simulada
195,0.08340960924020742,9.463010204081632,47.82857142857143,no_simulada
37,0.10510090732312953,1.5752551020408163,14.514285714285714,no_simulada
35,0.037652364996115004,2.0153061224489797,24.32857142857143,no_simulada
169,0.08298604665948262,5.6772959183673475,35.94285714285714,no_simulada
218,0.08611885052442413,11.229591836734695,40.22857142857143,no_simulada
154,0.08071884557318927,6.738520408163266,32.614285714285714,no_simulada
35,0.24942424242424238,0.7142857142857143,7.3,no_simulada
53,0.040875036798949806,3.6160714285714284,41.642857142857146,no_simulada
63,0.08897453973649139,4.622448979591837,33.98571428571429,no_simulada
49,0.038276925933866154,3.1772959183673466,33.457142857142856,no_simulada
124,0.08226695184637904,4.003826530612245,39.47142857142857,no_simulada
83,0.07436978423230951,6.6772959183673475,29.7,no_simulada
30,0.019938735728209415,2.248724489795918,17.17142857142857,no_simulada
115,0.10344746607313819,7.428571428571429,57.1,no_simulada
63,0.08443905331553635,3.8877551020408165,35.92857142857143,no_simulada
52,0.11771341108819415,2.2806122448979593,21.242857142857144,no_simulada
59,0.0358111490937428,2.5752551020408165,39.34285714285714,no_simulada
157,0.09480467483838592,4.301020408163265,39.41428571428571,no_simulada
151,0.0800737273304296,6.891581632653062,46.22857142857143,no_simulada
72,0.0893697761159836,5.954081632653062,38.74285714285714,no_simulada
196,0.09555459652603014,7.034438775510204,36.34285714285714,no_simulada
177,0.10816357241097539,4.923469387755103,56.34285714285714,no_simulada
42,0.03252039946413349,2.6772959183673466,23.32857142857143,no_simulada
32,0.022870364520077038,2.0306122448979593,16.87142857142857,no_simulada
95,0.08021755087641792,3.1058673469387754,37.357142857142854,no_simulada
83,0.10645458836266881,5.418367346938775,35.5,no_simulada
112,0.08296729100541461,8.432397959183673,57.3,no_simulada
31,0.08653905738564499,1.836734693877551,29.057142857142857,no_simulada
168,0.09553025297354566,6.459183673469388,59.15714285714286,no_simulada
152,0.08854334879241296,7.408163265306123,42.72857142857143,no_simulada
25,0.0699780844738828,1.3010204081632655,7.614285714285714,no_simulada
74,0.06286055539901698,3.3826530612244903,30.857142857142858,no_simulada
48,0.037925717535818144,2.167091836734694,33.214285714285715,no_simulada
44,0.05320315426834036,3.4948979591836737,29.97142857142857,no_simulada
183,0.10849324553483877,6.9438775510204085,58.68571428571428,no_simulada
73,0.07435750706949545,5.167091836734694,28.37142857142857,no_simulada
28,0.14899572649572648,0.7487244897959184,6.914285714285715,no_simulada
61,0.09500801667468337,3.5752551020408165,27.0,no_simulada
31,0.11750538884333345,2.673469387755102,18.571428571428573,no_simulada
163,0.08541401981117232,16.034438775510203,49.542857142857144,no_simulada
224,0.07694778902955614,16.066326530612244,25.3,no_simulada
61,0.049372868083633,4.2895408163265305,40.84285714285714,no_simulada
26,0.06999117828949764,1.0,10.428571428571429,no_simulada
27,0.02036388629525885,2.075255102040816,25.32857142857143,no_simulada
180,0.07008676749016418,17.239795918367346,20.457142857142856,no_simulada
61,0.05898521231854561,3.860969387755102,43.9,no_simulada
228,0.08809161769271925,13.646683673469386,56.15714285714286,no_simulada
69,0.10687310225956073,4.034438775510204,25.82857142857143,no_simulada
196,0.07925060764932987,18.401785714285715,14.057142857142857,no_simulada
207,0.10237339397818367,13.718112244897961,61.41428571428571,no_simulada
167,0.1042774415314621,11.238520408163266,50.042857142857144,no_simulada
181,0.09016307348310808,10.08673469387755,22.4,no_simulada
31,0.0814918360506596,1.3303571428571428,11.857142857142858,no_simulada
132,0.09253404517628107,6.105867346938775,53.65714285714286,no_simulada
87,0.09113216442601314,6.463010204081633,45.31428571428572,no_simulada
110,0.09170397584627189,5.336734693877552,42.01428571428571,no_simulada
188,0.07690020059645337,10.667091836734695,16.428571428571427,no_simulada
44,0.05516723573961173,2.7385204081632653,16.271428571428572,no_simulada
80,0.07000316524346058,4.275510204081632,43.34285714285714,no_simulada
50,0.038897773623005824,2.8201530612244894,28.0,no_simulada
45,0.06832919995858591,2.0242346938775513,27.585714285714285,no_simulada
80,0.05436250501635115,4.658163265306122,39.871428571428574,no_simulada
92,0.10126833951708096,3.391581632653061,32.628571428571426,no_simulada
108,0.058372991340539936,5.566326530612245,56.042857142857144,no_simulada
71,0.13374209581157875,3.381377551020408,34.1,no_simulada
66,0.0476909475113809,4.066326530612245,49.68571428571428,no_simulada
133,0.11099357139470488,6.178571428571429,41.98571428571429,no_simulada
73,0.05724713822971241,3.6466836734693877,45.81428571428572,no_simulada
42,0.04023415527224391,3.789540816326531,31.0,no_simulada
41,0.022935095090667847,2.9017857142857144,16.928571428571427,no_simulada
227,0.08931167016761409,7.748724489795919,61.24285714285714,no_simulada
124,0.08553793305729912,5.503826530612245,60.22857142857143,no_simulada
87,0.0873909431709489,3.8112244897959187,34.2,no_simulada
76,0.10542134753921155,2.891581632653061,35.142857142857146,no_simulada
132,0.08229211831759417,5.809948979591837,13.8,no_simulada
38,0.10472459639126308,1.739795918367347,17.885714285714286,no_simulada
168,0.09439859328156386,5.301020408163265,54.75714285714286,no_simulada
130,0.10130831692977184,8.85204081632653,52.6,no_simulada
103,0.08077576081208349,6.809948979591837,30.214285714285715,no_simulada
78,0.10630051371614796,3.0956632653061225,28.014285714285716,no_simulada
37,0.08697214049616794,1.034438775510204,17.17142857142857,no_simulada
164,0.0989779700153609,12.857142857142858,49.7,no_simulada
65,0.0905349158545044,2.2091836734693877,41.957142857142856,no_simulada
46,0.025953920914395225,3.2091836734693877,35.25714285714286,no_simulada
29,0.028287783644926495,1.780612244897959,18.47142857142857,no_simulada
159,0.0804731117719531,7.309948979591837,16.7,no_simulada
117,0.05710817439941331,7.452806122448979,25.32857142857143,no_simulada
53,0.09699361993318036,1.7448979591836735,20.32857142857143,no_simulada
146,0.0959645860254636,5.030612244897959,18.0,no_simulada
123,0.09329252189944044,7.214285714285714,49.91428571428571,no_simulada
68,0.0782319219981558,3.7806122448979593,49.32857142857143,no_simulada
210,0.0894850277468281,12.025510204081632,39.15714285714286,no_simulada
109,0.0798005079176187,5.095663265306123,51.128571428571426,no_simulada
40,0.027648710556347284,3.034438775510204,20.84285714285714,no_simulada
224,0.09142439796926968,12.551020408163266,31.085714285714285,no_simulada
55,0.04797759258285573,2.9630102040816326,27.02857142857143,no_simulada
38,0.07534417589719687,3.289540816326531,25.9,no_simulada
90,0.06627227520962638,4.095663265306123,56.32857142857143,no_simulada
161,0.11153054504361973,9.561224489795919,55.51428571428571,no_simulada
66,0.08826839069361131,4.7397959183673475,33.47142857142857,no_simulada
94,0.101057359532056,5.003826530612245,20.457142857142856,no_simulada
46,0.03597349945376261,2.381377551020408,32.22857142857143,no_simulada
79,0.07387443011329667,4.095663265306123,38.81428571428572,no_simulada
56,0.046379142956477805,6.316326530612245,34.97142857142857,no_simulada
52,0.08599428841129356,2.6058673469387754,39.17142857142857,no_simulada
45,0.07643495393495393,4.372448979591836,30.057142857142857,no_simulada
30,0.08024864024864026,1.1020408163265307,16.485714285714284,no_simulada
173,0.09506698334422047,9.891581632653061,30.32857142857143,no_simulada
39,0.051243331389548924,1.8303571428571428,27.02857142857143,no_simulada
90,0.06854295035588732,6.003826530612245,39.52857142857143,no_simulada
218,0.11145795463053602,6.525510204081633,45.214285714285715,no_simulada
93,0.07159665491318719,3.5752551020408165,54.52857142857143,no_simulada
143,0.06902591592742262,11.63265306122449,52.957142857142856,no_simulada
47,0.04469775393688439,5.658163265306122,36.47142857142857,no_simulada
68,0.04073405607133226,3.5867346938775513,29.914285714285715,no_simulada
138,0.09798551820641664,4.932397959183674,43.98571428571429,no_simulada
107,0.0827475730614392,4.391581632653062,52.214285714285715,no_simulada
102,0.06698043292238752,3.857142857142857,55.81428571428572,no_simulada
101,0.10709901840358725,6.809948979591837,26.985714285714284,no_simulada
46,0.08559113363034936,2.816326530612245,28.642857142857142,no_simulada
100,0.07846520379993346,6.454081632653062,45.285714285714285,no_simulada
81,0.09812056983134487,4.26530612244898,41.81428571428572,no_simulada
218,0.11145795463053602,6.525510204081633,45.214285714285715,no_simulada
29,0.0857012035583464,0.9897959183673469,11.642857142857142,no_simulada
112,0.10128682616375631,6.003826530612245,53.357142857142854,no_simulada
89,0.06710269196079309,3.596938775510204,54.042857142857144,no_simulada
58,0.09194115467246194,3.8877551020408165,12.457142857142857,no_simulada
55,0.04695512685278766,3.748724489795918,38.042857142857144,no_simulada
90,0.08802356250807707,5.473214285714286,52.857142857142854,no_simulada
218,0.0933974246347865,6.381377551020408,31.757142857142856,no_simulada
155,0.09758771422778748,1.7448979591836733,34.44285714285714,no_simulada
114,0.0705122593901904,3.0242346938775513,58.214285714285715,no_simulada
151,0.08922707673804893,8.575255102040817,56.3,no_simulada
33,0.10886535169623403,1.346938775510204,13.042857142857143,no_simulada
48,0.044951441112969066,2.4323979591836737,33.98571428571429,no_simulada
177,0.10028272579704581,12.989795918367347,38.67142857142857,no_simulada
35,0.09056084908357635,1.5446428571428572,19.12857142857143,no_simulada
103,0.08077576081208349,6.809948979591837,30.214285714285715,no_simulada
112,0.09157508413093808,5.821428571428571,56.542857142857144,no_simulada
53,0.11817455980612425,4.105867346938775,19.285714285714285,no_simulada
126,0.06754379727281569,6.6772959183673475,43.74285714285714,no_simulada
157,0.08691469450562209,10.76530612244898,51.371428571428574,no_simulada
48,0.0909780401468381,2.289540816326531,21.042857142857144,no_simulada
113,0.08257761905327404,7.372448979591836,18.514285714285716,no_simulada
101,0.0812244032623545,6.524234693877552,46.857142857142854,no_simulada
55,0.08185043589165097,2.8826530612244894,37.2,no_simulada
73,0.09928967894626135,2.13265306122449,49.01428571428571,no_simulada
65,0.0703874644796923,4.738520408163266,44.5,no_simulada
67,0.09668695284184409,4.459183673469388,34.9,no_simulada
57,0.07674875503060095,2.3214285714285716,32.1,no_simulada
163,0.09781729773022328,5.901785714285714,47.82857142857143,no_simulada
170,0.08894210420787564,9.095663265306124,55.42857142857143,no_simulada
149,0.10780698241039692,10.158163265306124,58.642857142857146,no_simulada
28,0.0161514037433155,1.3303571428571428,17.942857142857143,no_simulada
60,0.05981984420177086,2.881377551020408,28.914285714285715,no_simulada
40,0.032056403635351,2.2385204081632653,31.085714285714285,no_simulada
116,0.09025806176366702,6.473214285714286,47.371428571428574,no_simulada
55,0.08947106738261279,1.7589285714285714,33.628571428571426,no_simulada
169,0.09411082576274869,9.01530612244898,38.84285714285714,no_simulada
34,0.0318706283683064,2.2857142857142856,28.685714285714287,no_simulada
132,0.08521813975635578,5.218112244897959,49.4,no_simulada
125,0.08872371396726132,4.575255102040816,26.62857142857143,no_simulada
39,0.06945136913973478,2.391581632653061,33.3,no_simulada
122,0.09702951271422315,7.309948979591837,57.114285714285714,no_simulada
74,0.056028382912257126,4.704081632653062,46.52857142857143,no_simulada
34,0.10320304695304693,1.9642857142857142,19.82857142857143,no_simulada
55,0.07927454681416364,2.9591836734693877,42.785714285714285,no_simulada
38,0.04547170808780714,2.4948979591836737,31.685714285714287,no_simulada
79,0.06626165042476496,3.7653061224489797,31.47142857142857,no_simulada
196,0.10845292312849995,11.622448979591837,33.08571428571429,no_simulada
65,0.06725856633135799,3.704081632653061,23.47142857142857,no_simulada
34,0.020960648148148145,1.6428571428571428,16.87142857142857,no_simulada
210,0.07611035182635363,15.928571428571429,47.48571428571429,no_simulada
71,0.09361291815626183,2.6058673469387754,34.457142857142856,no_simulada
112,0.09473483768975838,5.280612244897959,31.771428571428572,no_simulada
46,0.12706597681938198,2.7040816326530615,24.142857142857142,no_simulada
209,0.0821048074268284,19.94387755102041,33.857142857142854,no_simulada
35,0.09552156020755054,1.6734693877551021,14.8,no_simulada
38,0.113682778215871,3.602040816326531,23.65714285714286,no_simulada
137,0.08311589268943398,9.13265306122449,60.55714285714286,no_simulada
40,0.04824940499492928,2.8826530612244903,20.728571428571428,no_simulada
60,0.08452866772194503,4.309948979591836,23.32857142857143,no_simulada
129,0.09234219302217218,9.239795918367347,43.94285714285714,no_simulada
126,0.07561324886015966,6.051020408163265,53.97142857142857,no_simulada
137,0.1186801594922301,8.275510204081632,30.65714285714286,no_simulada
25,0.06164891395154553,0.8813775510204083,14.32857142857143,no_simulada
51,0.09714867542400882,2.667091836734694,26.32857142857143,no_simulada
152,0.08366043207368881,4.391581632653061,29.771428571428572,no_simulada
28,0.04851272464908828,1.4528061224489797,22.3,no_simulada
168,0.10431268280021612,8.6875,54.8,no_simulada
42,0.04391213341523901,1.4795918367346939,24.214285714285715,no_simulada
32,0.06249920972225208,3.602040816326531,23.485714285714284,no_simulada
60,0.03945708326451851,3.561224489795918,41.957142857142856,no_simulada
42,0.05245828971319166,1.8813775510204083,36.58571428571429,no_simulada
62,0.07534709336283715,3.9323979591836737,35.22857142857143,no_simulada
51,0.051835067237544,2.846938775510204,29.142857142857142,no_simulada
66,0.10022328180337325,2.5867346938775513,36.385714285714286,no_simulada
64,0.066165972185709,2.9323979591836737,34.7,no_simulada
59,0.08406972234720755,4.280612244897959,33.74285714285714,no_simulada
47,0.09917675578389859,1.7653061224489797,23.457142857142856,no_simulada
57,0.09384326244940054,3.8826530612244903,37.81428571428572,no_simulada
173,0.09327497134346284,5.9528061224489806,22.857142857142858,no_simulada
183,0.08772750368115195,9.443877551020408,38.957142857142856,no_simulada
66,0.052058109745275506,4.88265306122449,34.84285714285714,no_simulada
172,0.07846996244984435,6.4528061224489806,39.1,no_simulada
219,0.08602756215489109,7.464285714285714,51.957142857142856,no_simulada
176,0.07370676579582808,13.239795918367347,55.68571428571428,no_simulada
117,0.07765665017780515,7.596938775510204,39.27142857142857,no_simulada
34,0.11499561549561549,3.2091836734693877,15.885714285714286,no_simulada
226,0.0831298893719134,14.809948979591837,36.44285714285714,no_simulada
102,0.06538203126378889,4.7895408163265305,55.24285714285714,no_simulada
27,0.0813122350389431,1.2295918367346939,10.371428571428572,no_simulada
42,0.03185957560957559,2.239795918367347,31.4,no_simulada
26,0.06409738691260432,1.0956632653061225,11.914285714285715,no_simulada
71,0.1098007474333505,3.193877551020408,24.614285714285714,no_simulada
33,0.07890445020379229,1.1734693877551021,11.0,no_simulada
98,0.0700512496814237,4.6875,51.68571428571428,no_simulada
58,0.043247446006138515,4.459183673469388,37.1,no_simulada
78,0.11368349922563144,3.667091836734694,21.114285714285714,no_simulada
127,0.08129223325222164,3.872448979591837,38.24285714285714,no_simulada
144,0.060144261087598926,10.218112244897961,14.142857142857142,no_simulada
71,0.07097080498866208,3.248724489795918,48.957142857142856,no_simulada
54,0.055320443271571124,3.4323979591836737,18.014285714285716,no_simulada
