tipo,x,y
simuladas,32,11.83673469387755
simuladas,48,17.551020408163264
simuladas,190,123.21428571428571
simuladas,125,49.1875
simuladas,120,79.63775510204081
simuladas,88,58.13265306122448
simuladas,101,182.38137755102042
simuladas,62,25.178571428571427
simuladas,168,186.26530612244898
simuladas,113,98.95408163265306
simuladas,115,41.46301020408163
simuladas,4,0.6020408163265306
simuladas,247,1383.7385204081634
simuladas,144,68.07142857142857
simuladas,214,353.8724489795918
simuladas,25,12.551020408163266
simuladas,32,15.489795918367346
simuladas,235,1270.4438775510205
simuladas,48,16.19387755102041
simuladas,124,71.02551020408164
simuladas,12,1.1670918367346936
simuladas,126,77.45280612244899
simuladas,143,77.6670918367347
simuladas,103,40.98979591836735
simuladas,3,0.5153061224489796
simuladas,6,0.5038265306122449
simuladas,98,149.61607142857142
simuladas,67,22.095663265306122
simuladas,190,198.87244897959184
simuladas,203,329.452806122449
simuladas,141,223.10586734693877
simuladas,119,121.88265306122447
simuladas,157,272.17729591836735
simuladas,63,25.96301020408163
simuladas,26,5.9528061224489806
simuladas,141,210.78571428571428
simuladas,38,26.177295918367346
simuladas,156,93.73979591836735
simuladas,207,1033.173469387755
simuladas,93,38.47959183673469
simuladas,22,3.6670918367346936
simuladas,1,0.0663265306122449
simuladas,220,215.84693877551018
simuladas,217,204.03571428571428
simuladas,147,207.78061224489798
simuladas,145,99.82015306122449
simuladas,3,0.9642857142857143
simuladas,2,0.12244897959183676
simuladas,129,97.12244897959184
simuladas,126,80.75
simuladas,112,66.03061224489797
simuladas,2,0.09566326530612246
simuladas,36,11.52423469387755
simuladas,239,554.9897959183673
simuladas,116,61.95918367346939
simuladas,165,121.1670918367347
simuladas,51,12.357142857142858
simuladas,231,127.41836734693878
simuladas,60,39.67857142857143
simuladas,87,95.98979591836736
simuladas,188,159.15816326530611
simuladas,61,24.309948979591837
simuladas,122,108.24489795918369
simuladas,38,42.56122448979591
simuladas,71,38.6875
simuladas,132,297.63265306122446
simuladas,175,261.0752551020408
simuladas,104,39.87244897959183
simuladas,174,185.86096938775512
simuladas,143,168.99489795918367
simuladas,223,725.015306122449
simuladas,183,107.3609693877551
simuladas,248,1363.6020408163265
simuladas,18,3.218112244897959
simuladas,125,111.74489795918369
simuladas,22,12.248724489795919
simuladas,241,230.83035714285714
simuladas,65,13.26530612244898
simuladas,217,234.02423469387756
simuladas,65,22.602040816326532
simuladas,212,2131.3201530612246
simuladas,209,1129.0663265306123
simuladas,119,63.30102040816327
simuladas,171,131.12244897959184
simuladas,103,76.08673469387756
simuladas,171,114.05102040816327
simuladas,223,557.4630102040817
simuladas,199,174.62244897959184
simuladas,74,37.391581632653065
simuladas,61,17.74489795918367
simuladas,59,38.5
simuladas,120,64.20408163265306
simuladas,226,152.92857142857142
simuladas,202,411.52423469387753
simuladas,118,64.63775510204081
simuladas,217,795.3520408163266
simuladas,28,8.964285714285714
simuladas,219,225.3112244897959
simuladas,4,0.14668367346938774
simuladas,38,13.963010204081636
simuladas,49,23.973214285714285
simuladas,121,56.524234693877546
simuladas,208,166.39285714285714
simuladas,28,3.9017857142857144
simuladas,158,46.1875
simuladas,91,112.6938775510204
simuladas,38,10.02423469387755
simuladas,41,12.146683673469388
simuladas,7,0.7295918367346939
simuladas,226,1035.452806122449
simuladas,38,17.534438775510207
simuladas,50,13.193877551020408
simuladas,91,26.90816326530612
simuladas,120,258.3469387755102
simuladas,10,0.39285714285714285
simuladas,8,0.8813775510204083
simuladas,48,12.718112244897958
simuladas,82,21.035714285714285
simuladas,213,127.67729591836735
simuladas,117,39.82142857142857
simuladas,245,711.6326530612245
simuladas,13,3.1875
simuladas,131,242.2487244897959
simuladas,224,134.3877551020408
simuladas,77,24.830357142857142
simuladas,137,46.860969387755105
simuladas,69,21.595663265306122
simuladas,247,261.55102040816325
simuladas,23,7.596938775510204
simuladas,220,245.3469387755102
simuladas,14,1.7487244897959184
simuladas,13,3.4285714285714284
simuladas,180,487.1670918367346
simuladas,237,204.58673469387756
simuladas,50,15.658163265306124
simuladas,102,60.31122448979592
simuladas,234,923.015306122449
simuladas,48,30.678571428571427
simuladas,171,292.72959183673464
simuladas,242,414.4948979591837
simuladas,60,40.48979591836735
simuladas,242,281.11607142857144
simuladas,140,354.2385204081633
simuladas,180,248.78954081632654
simuladas,8,1.086734693877551
simuladas,248,824.2448979591836
simuladas,36,8.571428571428571
simuladas,167,68.56122448979592
simuladas,6,0.2385204081632653
simuladas,191,164.31122448979593
simuladas,226,470.75892857142856
simuladas,202,165.00382653061226
simuladas,128,132.33673469387756
simuladas,83,22.14668367346939
simuladas,90,23.239795918367346
simuladas,86,14.932397959183673
simuladas,122,44.62244897959183
simuladas,149,76.03443877551021
simuladas,12,1.3099489795918366
simuladas,31,12.122448979591837
simuladas,201,156.8469387755102
simuladas,78,57.8469387755102
simuladas,30,46.357142857142854
simuladas,97,31.989795918367346
simuladas,217,304.4234693877551
simuladas,27,16.99489795918367
simuladas,224,1091.452806122449
simuladas,32,9.204081632653061
simuladas,161,95.28061224489797
simuladas,153,353.30994897959187
simuladas,104,160.33673469387756
simuladas,10,2.391581632653061
simuladas,197,908.7895408163265
simuladas,250,1121.3367346938776
simuladas,15,2.034438775510204
simuladas,5,0.1875
simuladas,47,5.9897959183673475
simuladas,80,108.58673469387756
simuladas,135,247.17729591836732
simuladas,94,51.09566326530612
simuladas,17,3.3469387755102042
simuladas,185,178.26530612244898
simuladas,80,67.9591836734694
simuladas,2,0.48979591836734704
simuladas,203,208.03443877551018
simuladas,213,631.9540816326531
simuladas,195,626.2091836734693
simuladas,151,75.95918367346938
simuladas,237,754.780612244898
simuladas,82,72.1938775510204
simuladas,73,47.94387755102041
simuladas,228,250.31632653061226
simuladas,7,1.1020408163265307
simuladas,191,152.8826530612245
simuladas,231,608.9183673469388
simuladas,43,18.44387755102041
simuladas,214,1197.6670918367347
simuladas,92,27.034438775510203
simuladas,87,95.98979591836736
simuladas,67,22.095663265306122
simuladas,132,55.16709183673469
simuladas,101,46.91836734693878
simuladas,248,1433.3099489795918
simuladas,112,67.10204081632654
simuladas,211,138.5752551020408
simuladas,120,71.6938775510204
simuladas,181,190.78954081632654
simuladas,225,144.01530612244898
simuladas,91,28.3609693877551
simuladas,44,8.901785714285714
simuladas,191,644.6160714285714
simuladas,226,470.75892857142856
simuladas,174,535.9591836734693
simuladas,114,67.03443877551021
simuladas,92,31.132653061224488
simuladas,81,21.178571428571427
simuladas,35,7.901785714285714
simuladas,150,114.73852040816327
simuladas,97,84.13775510204081
simuladas,126,135.9591836734694
simuladas,113,117.17729591836735
simuladas,51,6.9528061224489806
simuladas,15,3.432397959183674
simuladas,159,84.22959183673468
simuladas,74,60.43239795918368
simuladas,138,63.28954081632653
simuladas,145,70.73852040816327
simuladas,86,51.5344387755102
simuladas,14,2.7091836734693877
simuladas,120,71.65816326530611
simuladas,71,17.534438775510203
simuladas,194,425.8099489795918
simuladas,4,0.5153061224489796
simuladas,125,93.62244897959184
simuladas,187,301.53443877551024
simuladas,169,106.00382653061224
simuladas,172,436.7448979591837
simuladas,4,0.2181122448979592
simuladas,147,186.75892857142858
simuladas,150,98.6875
simuladas,47,16.116071428571427
simuladas,28,4.146683673469388
simuladas,38,42.56122448979591
simuladas,232,2697.360969387755
simuladas,203,832.908163265306
simuladas,83,38.03061224489796
simuladas,132,297.63265306122446
simuladas,15,0.9732142857142857
simuladas,73,63.525510204081634
simuladas,241,195.1466836734694
simuladas,51,40.673469387755105
simuladas,115,41.46301020408163
simuladas,174,195.4591836734694
simuladas,227,235.7487244897959
simuladas,7,1.6224489795918366
simuladas,149,346.61607142857144
simuladas,56,12.891581632653061
simuladas,212,198.06632653061226
simuladas,93,66.21428571428571
simuladas,121,78.59693877551021
simuladas,79,29.622448979591837
simuladas,105,27.320153061224488
simuladas,47,16.116071428571427
simuladas,143,425.25
simuladas,217,304.4234693877551
simuladas,132,131.23979591836735
simuladas,18,5.534438775510203
simuladas,74,37.391581632653065
simuladas,53,16.034438775510203
simuladas,128,117.8813775510204
simuladas,202,556.4017857142857
simuladas,236,1491.3813775510205
simuladas,233,421.7142857142857
simuladas,181,146.5
simuladas,41,7.811224489795919
simuladas,5,1.3010204081632655
simuladas,165,310.1875
simuladas,210,455.8201530612245
simuladas,69,92.17857142857143
simuladas,221,922.8099489795919
simuladas,54,18.102040816326532
simuladas,137,260.48979591836735
simuladas,115,41.46301020408163
simuladas,168,239.53443877551018
simuladas,72,30.167091836734695
simuladas,213,1275.9540816326532
simuladas,119,53.41836734693878
simuladas,53,27.454081632653065
simuladas,41,32.32015306122449
simuladas,246,181.23852040816328
simuladas,56,6.1772959183673475
simuladas,76,20.739795918367346
simuladas,228,255.97321428571428
simuladas,6,0.8928571428571429
simuladas,136,47.24872448979592
simuladas,36,5.908163265306122
simuladas,153,55.78061224489796
simuladas,143,68.25892857142857
simuladas,23,6.20408163265306
simuladas,94,43.901785714285715
simuladas,26,4.454081632653062
simuladas,8,0.9081632653061226
simuladas,41,16.56122448979592
simuladas,130,228.03061224489792
simuladas,84,118.5612244897959
simuladas,100,110.45408163265306
simuladas,186,229.10714285714286
simuladas,206,1063.1160714285713
simuladas,58,23.177295918367346
simuladas,94,149.56122448979593
simuladas,111,160.83673469387756
simuladas,143,425.25
simuladas,212,198.0344387755102
simuladas,17,3.2653061224489797
simuladas,195,272.2295918367347
simuladas,96,68.31122448979592
simuladas,47,22.678571428571427
simuladas,131,251.39158163265304
simuladas,238,186.0752551020408
simuladas,156,65.09566326530611
simuladas,48,27.780612244897956
simuladas,72,30.387755102040817
simuladas,234,1279.311224489796
simuladas,224,620.5357142857143
simuladas,131,94.25892857142857
simuladas,39,27.667091836734695
simuladas,188,377.19387755102036
simuladas,23,7.596938775510204
simuladas,87,54.06122448979592
simuladas,121,141.39158163265307
simuladas,7,0.8813775510204083
simuladas,212,131.96301020408163
simuladas,102,73.63265306122449
simuladas,59,33.6875
simuladas,208,511.1326530612245
simuladas,74,103.92857142857143
simuladas,221,698.7181122448981
simuladas,69,21.595663265306122
simuladas,23,4.88265306122449
simuladas,180,212.41836734693877
simuladas,70,39.860969387755105
simuladas,209,167.67729591836732
simuladas,233,559.6938775510205
simuladas,101,182.38137755102042
simuladas,102,27.596938775510203
simuladas,202,444.4642857142857
simuladas,128,55.03061224489796
simuladas,117,146.95280612244898
simuladas,125,49.1875
simuladas,30,43.19387755102041
simuladas,17,3.3469387755102042
simuladas,234,923.015306122449
simuladas,171,111.03443877551021
simuladas,249,291.61607142857144
simuladas,79,29.622448979591837
simuladas,23,3.530612244897959
simuladas,79,48.881377551020414
simuladas,61,29.693877551020403
simuladas,53,35.17729591836734
simuladas,140,363.1466836734694
simuladas,110,44.98979591836735
simuladas,116,156.24489795918365
simuladas,249,1353.418367346939
simuladas,107,23.95280612244898
simuladas,68,8.35204081632653
simuladas,139,303.9948979591837
simuladas,6,0.6466836734693878
simuladas,62,27.13265306122449
simuladas,122,44.62244897959183
simuladas,147,231.12244897959184
simuladas,105,59.642857142857146
simuladas,44,13.463010204081632
simuladas,248,264.73852040816325
simuladas,45,37.214285714285715
simuladas,235,174.87244897959184
simuladas,7,0.36096938775510207
simuladas,167,94.96301020408164
simuladas,159,308.0038265306122
simuladas,48,12.718112244897958
simuladas,206,98.71811224489795
simuladas,228,300.73852040816325
simuladas,61,17.74489795918367
simuladas,125,104.6670918367347
simuladas,231,746.3367346938776
simuladas,232,259.12244897959187
simuladas,82,35.632653061224495
simuladas,47,13.503826530612246
simuladas,64,42.0344387755102
simuladas,46,7.494897959183674
simuladas,184,103.57525510204081
simuladas,19,4.346938775510204
simuladas,246,284.4323979591837
simuladas,51,26.38137755102041
simuladas,246,1096.637755102041
simuladas,118,116.61607142857143
simuladas,105,50.17729591836735
simuladas,154,317.76530612244903
simuladas,174,147.78954081632654
simuladas,154,180.01530612244898
simuladas,168,183.8826530612245
simuladas,24,4.372448979591836
simuladas,6,0.4438775510204081
simuladas,123,162.10586734693877
simuladas,69,19.6734693877551
simuladas,94,53.91836734693878
simuladas,61,17.74489795918367
simuladas,219,1465.7857142857142
simuladas,50,62.275510204081634
simuladas,229,168.2091836734694
simuladas,245,226.26530612244898
simuladas,128,81.82015306122449
simuladas,163,142.01530612244898
simuladas,162,254.5344387755102
simuladas,176,251.01530612244898
simuladas,5,0.3112244897959184
simuladas,5,0.9642857142857143
simuladas,130,80.89158163265306
simuladas,128,95.7295918367347
simuladas,211,467.9630102040816
simuladas,206,244.46301020408166
simuladas,183,236.53443877551018
simuladas,37,22.275510204081634
simuladas,189,532.1058673469388
simuladas,6,0.30102040816326525
simuladas,118,116.61607142857143
simuladas,42,6.075255102040816
simuladas,215,456.4017857142857
simuladas,40,13.667091836734695
simuladas,109,60.23852040816326
simuladas,102,27.596938775510203
simuladas,160,498.3813775510204
simuladas,11,0.7448979591836735
simuladas,82,33.55102040816327
simuladas,5,0.586734693877551
simuladas,52,16.78061224489796
simuladas,20,1.4438775510204083
simuladas,194,209.47321428571428
simuladas,29,2.809948979591837
simuladas,71,44.81122448979592
simuladas,81,32.14668367346939
simuladas,16,2.454081632653061
simuladas,95,124.53571428571429
simuladas,91,28.3609693877551
simuladas,93,81.53443877551021
simuladas,42,6.075255102040816
simuladas,246,1340.8813775510205
simuladas,4,1.1058673469387756
simuladas,198,502.9630102040816
simuladas,193,394.3826530612245
simuladas,76,39.785714285714285
simuladas,11,0.5357142857142857
simuladas,179,106.95280612244899
simuladas,205,572.3469387755102
simuladas,211,527.1160714285714
simuladas,76,97.94387755102039
simuladas,29,6.258928571428571
simuladas,136,208.80994897959184
simuladas,52,16.78061224489796
simuladas,191,79.62244897959184
simuladas,108,58.70918367346939
simuladas,44,4.860969387755103
simuladas,178,140.43239795918367
simuladas,193,220.10714285714286
simuladas,58,27.6734693877551
simuladas,151,307.4234693877551
simuladas,95,34.23979591836734
simuladas,27,6.2397959183673475
simuladas,69,31.28061224489796
simuladas,203,443.71811224489795
simuladas,138,89.92857142857143
simuladas,100,68.88265306122449
simuladas,9,0.8813775510204083
simuladas,249,369.28061224489795
simuladas,66,23.044642857142858
simuladas,209,713.718112244898
simuladas,244,366.11607142857144
simuladas,180,330.75
simuladas,41,12.146683673469388
simuladas,86,37.5344387755102
simuladas,163,113.52423469387755
simuladas,167,298.60714285714283
simuladas,36,5.38265306122449
simuladas,105,178.90178571428572
simuladas,246,1453.075255102041
simuladas,212,236.48979591836732
simuladas,243,1303.357142857143
simuladas,179,303.53061224489795
simuladas,125,49.1875
simuladas,9,0.8724489795918368
simuladas,77,26.943877551020403
simuladas,105,59.642857142857146
simuladas,49,28.677295918367346
simuladas,56,19.122448979591837
simuladas,221,1501.5956632653063
simuladas,242,281.11607142857144
simuladas,81,125.67729591836736
simuladas,114,44.382653061224495
simuladas,17,3.3469387755102042
simuladas,129,54.21811224489796
simuladas,224,239.8201530612245
simuladas,23,5.146683673469388
simuladas,250,401.23979591836735
simuladas,128,45.78061224489796
simuladas,141,62.452806122448976
simuladas,103,76.08673469387756
simuladas,191,157.5752551020408
simuladas,68,49.27551020408163
simuladas,1,0.09566326530612246
simuladas,114,167.58673469387756
simuladas,153,102.82142857142857
simuladas,97,33.285714285714285
simuladas,102,52.66836734693878
simuladas,53,18.677295918367346
simuladas,108,65.32015306122449
simuladas,94,43.901785714285715
simuladas,125,104.6670918367347
simuladas,226,221.83035714285714
simuladas,178,140.43239795918367
simuladas,89,84.60586734693878
simuladas,240,279.952806122449
simuladas,193,645.5344387755102
simuladas,28,12.816326530612246
simuladas,206,430.0357142857143
simuladas,243,1841.1058673469386
simuladas,206,1315.0038265306123
simuladas,238,450.28061224489795
simuladas,16,1.5663265306122447
simuladas,102,52.66836734693878
simuladas,175,1289.9591836734694
simuladas,149,59.94387755102041
simuladas,31,12.82015306122449
simuladas,185,172.38137755102042
simuladas,146,628.4591836734693
simuladas,154,131.20408163265307
simuladas,122,108.24489795918369
simuladas,82,33.55102040816327
simuladas,29,10.428571428571429
simuladas,234,217.2091836734694
simuladas,160,132.0752551020408
simuladas,70,35.816326530612244
simuladas,112,30.44387755102041
simuladas,55,26.887755102040817
simuladas,137,46.860969387755105
simuladas,206,174.60714285714286
simuladas,228,620.0242346938776
simuladas,166,249.71811224489798
simuladas,62,21.061224489795915
simuladas,240,562.4081632653061
simuladas,151,87.28954081632652
simuladas,122,54.98979591836735
simuladas,198,610.4081632653061
simuladas,138,203.23852040816328
simuladas,164,136.4234693877551
simuladas,12,0.7448979591836735
simuladas,2,0.19387755102040818
simuladas,149,59.94387755102041
simuladas,227,640.1020408163265
simuladas,109,39.73979591836735
simuladas,204,290.6670918367347
simuladas,13,5.229591836734694
simuladas,77,27.973214285714285
simuladas,189,238.52423469387756
simuladas,157,130.5969387755102
simuladas,139,89.33673469387756
simuladas,151,291.6377551020408
simuladas,135,54.78061224489796
simuladas,125,198.11607142857142
simuladas,125,73.13265306122449
simuladas,69,31.16709183673469
simuladas,173,248.57142857142858
simuladas,241,639.7589285714286
simuladas,163,109.58673469387756
simuladas,171,359.1683673469388
simuladas,228,1583.9897959183672
simuladas,99,47.33673469387755
simuladas,225,249.59566326530611
simuladas,212,162.55102040816328
simuladas,24,2.4323979591836737
simuladas,14,2.7091836734693877
simuladas,179,119.45918367346938
simuladas,241,1054.561224489796
simuladas,192,930.4897959183673
simuladas,250,253.4795918367347
simuladas,49,29.45280612244898
simuladas,203,180.2487244897959
simuladas,193,156.35204081632654
simuladas,74,70.62244897959184
simuladas,159,151.51530612244898
simuladas,10,2.3112244897959187
simuladas,107,132.33673469387756
simuladas,96,37.973214285714285
simuladas,196,340.03443877551024
simuladas,100,44.38137755102041
simuladas,116,47.74872448979592
simuladas,166,99.30994897959184
simuladas,80,23.428571428571427
simuladas,23,6.336734693877551
simuladas,123,72.53571428571429
simuladas,181,957.4017857142857
simuladas,69,31.28061224489796
simuladas,148,170.0969387755102
simuladas,48,22.391581632653065
simuladas,81,22.891581632653065
simuladas,166,160.30994897959184
simuladas,67,66.10204081632654
simuladas,63,52.62244897959183
simuladas,245,226.26530612244898
simuladas,15,1.4234693877551017
simuladas,110,55.88775510204082
simuladas,247,170.07142857142858
simuladas,92,97.8112244897959
simuladas,25,4.964285714285714
simuladas,42,15.667091836734693
simuladas,68,32.73979591836734
simuladas,157,113.63265306122449
simuladas,127,189.32142857142858
simuladas,86,54.401785714285715
simuladas,180,487.1670918367346
simuladas,88,34.503826530612244
simuladas,77,24.830357142857142
simuladas,224,141.02423469387756
simuladas,85,33.17729591836735
simuladas,233,149.52551020408163
simuladas,218,152.17729591836732
simuladas,226,195.6875
simuladas,80,67.60204081632652
simuladas,228,668.5242346938775
simuladas,205,1430.9897959183675
simuladas,44,30.52423469387755
simuladas,187,301.53443877551024
simuladas,125,64.40178571428571
simuladas,25,5.932397959183674
simuladas,119,58.003826530612244
simuladas,132,55.16709183673469
simuladas,226,1188.0956632653063
simuladas,104,102.57525510204081
simuladas,63,30.1670918367347
simuladas,61,26.479591836734695
simuladas,25,12.096938775510205
simuladas,6,0.5038265306122449
simuladas,146,78.59566326530613
simuladas,247,258.52423469387753
simuladas,46,64.88265306122449
simuladas,115,63.044642857142854
simuladas,116,156.24489795918365
simuladas,48,33.11607142857143
simuladas,147,199.2487244897959
simuladas,172,200.51530612244898
simuladas,143,54.14668367346939
simuladas,248,1917.8163265306123
simuladas,25,12.551020408163266
simuladas,195,132.30102040816328
simuladas,114,84.87244897959184
simuladas,211,467.9630102040816
simuladas,64,40.923469387755105
simuladas,171,251.4234693877551
simuladas,25,5.360969387755103
simuladas,62,31.816326530612248
simuladas,160,132.0752551020408
simuladas,87,201.03571428571428
simuladas,160,89.7295918367347
simuladas,229,181.03443877551018
simuladas,140,115.64285714285714
simuladas,152,71.06122448979592
simuladas,182,235.90178571428572
simuladas,161,675.6466836734693
simuladas,214,661.5510204081633
simuladas,22,3.860969387755102
simuladas,64,11.596938775510205
simuladas,80,23.336734693877553
simuladas,29,15.738520408163264
simuladas,111,125.94387755102039
simuladas,3,0.09566326530612246
simuladas,79,68.9795918367347
simuladas,211,236.0612244897959
simuladas,130,69.17729591836735
simuladas,186,146.58673469387756
simuladas,110,58.03061224489796
simuladas,214,619.1466836734693
simuladas,166,99.30994897959184
simuladas,234,1279.311224489796
simuladas,167,904.7385204081631
simuladas,206,244.46301020408166
simuladas,179,137.96301020408163
simuladas,57,28.748724489795915
simuladas,4,0.14668367346938774
simuladas,238,189.08673469387756
simuladas,81,18.95280612244898
simuladas,178,177.56632653061226
simuladas,120,71.6938775510204
simuladas,67,16.275510204081634
simuladas,235,763.5
simuladas,15,3.0752551020408165
simuladas,135,164.65816326530611
simuladas,231,746.3367346938776
simuladas,168,183.8826530612245
simuladas,216,456.67729591836735
simuladas,240,222.40816326530611
simuladas,144,109.83035714285714
simuladas,49,13.275510204081632
simuladas,14,4.330357142857143
simuladas,96,44.6875
simuladas,83,41.52423469387755
simuladas,175,234.8201530612245
simuladas,183,1713.9897959183675
simuladas,194,365.03443877551024
simuladas,35,7.901785714285714
simuladas,184,227.93239795918367
simuladas,37,14.709183673469386
simuladas,50,10.381377551020408
simuladas,58,23.177295918367346
simuladas,150,187.3112244897959
simuladas,64,19.989795918367346
simuladas,140,74.10586734693878
simuladas,41,21.503826530612248
simuladas,77,24.605867346938776
simuladas,131,53.382653061224495
simuladas,63,42.122448979591844
simuladas,57,14.58673469387755
simuladas,203,238.62244897959184
simuladas,23,6.336734693877551
simuladas,215,213.38137755102042
simuladas,11,1.6581632653061222
simuladas,72,15.765306122448978
simuladas,134,124.28061224489797
simuladas,185,221.1326530612245
simuladas,212,133.05102040816328
simuladas,66,22.872448979591837
simuladas,32,11.83673469387755
simuladas,241,195.1466836734694
simuladas,250,1121.3367346938776
simuladas,175,188.23852040816328
simuladas,208,233.0
simuladas,17,1.3826530612244898
simuladas,12,0.673469387755102
simuladas,190,171.83673469387756
simuladas,146,628.4591836734693
simuladas,248,262.6466836734694
simuladas,30,6.003826530612245
simuladas,166,183.78954081632654
simuladas,245,711.6326530612245
simuladas,20,3.137755102040816
simuladas,7,0.673469387755102
simuladas,34,11.0
simuladas,178,303.2040816326531
simuladas,40,18.918367346938776
simuladas,118,64.63775510204081
simuladas,216,308.4183673469388
simuladas,66,23.044642857142858
simuladas,44,8.372448979591836
simuladas,56,30.64668367346939
simuladas,84,121.46428571428571
simuladas,226,167.04464285714286
simuladas,112,80.6466836734694
simuladas,181,730.0752551020407
simuladas,120,62.14668367346939
simuladas,115,63.044642857142854
simuladas,34,5.816326530612245
simuladas,18,3.2448979591836737
simuladas,189,248.00382653061226
simuladas,47,16.116071428571427
simuladas,233,559.6938775510205
simuladas,4,0.5153061224489796
simuladas,184,147.67346938775512
simuladas,163,301.0357142857143
simuladas,112,171.8826530612245
simuladas,36,16.973214285714285
simuladas,121,78.59693877551021
simuladas,70,26.668367346938773
simuladas,175,127.90816326530613
simuladas,35,32.12244897959183
simuladas,98,92.08673469387756
simuladas,48,23.102040816326532
simuladas,170,66.90816326530611
simuladas,145,99.82015306122449
simuladas,6,0.3724489795918367
simuladas,235,1270.4438775510205
simuladas,110,58.03061224489796
simuladas,17,5.632653061224489
simuladas,13,2.1160714285714284
simuladas,234,227.96301020408163
simuladas,23,3.3010204081632653
simuladas,180,170.89158163265307
simuladas,197,205.45408163265304
simuladas,125,93.62244897959184
simuladas,146,78.59566326530613
simuladas,101,182.38137755102042
simuladas,125,198.11607142857142
simuladas,138,203.23852040816328
simuladas,84,21.503826530612248
simuladas,236,1423.6875
simuladas,159,93.92346938775509
simuladas,66,23.044642857142858
simuladas,238,215.28954081632654
simuladas,25,8.285714285714286
simuladas,2,0.09566326530612246
simuladas,66,22.872448979591837
simuladas,163,390.37244897959187
simuladas,48,32.003826530612244
simuladas,167,177.37244897959184
simuladas,22,2.530612244897959
simuladas,170,235.02423469387756
simuladas,6,0.667091836734694
simuladas,88,58.13265306122448
simuladas,115,62.642857142857146
simuladas,103,52.73852040816326
simuladas,127,208.38137755102042
simuladas,117,146.95280612244898
simuladas,155,96.65816326530613
simuladas,68,53.45280612244898
simuladas,135,247.17729591836732
simuladas,5,0.9642857142857143
simuladas,158,71.50382653061224
simuladas,25,6.214285714285714
simuladas,209,494.5255102040816
simuladas,218,152.17729591836732
simuladas,73,12.209183673469388
simuladas,113,85.07142857142857
simuladas,175,113.60204081632654
simuladas,117,132.78061224489798
simuladas,211,235.96301020408166
simuladas,202,1168.4285714285713
simuladas,49,34.464285714285715
simuladas,244,254.55102040816328
simuladas,90,115.88137755102039
simuladas,186,144.52551020408163
simuladas,105,84.9591836734694
simuladas,28,5.7397959183673475
simuladas,108,65.32015306122449
simuladas,38,26.248724489795915
simuladas,184,145.60586734693877
simuladas,49,5.3813775510204085
simuladas,17,5.632653061224489
simuladas,152,141.81632653061223
simuladas,131,139.58673469387756
simuladas,136,47.24872448979592
simuladas,159,426.1466836734694
simuladas,6,0.9591836734693878
simuladas,222,546.3099489795918
simuladas,48,32.003826530612244
simuladas,67,16.586734693877553
simuladas,3,0.41836734693877553
simuladas,233,559.6938775510205
simuladas,210,1238.2385204081634
simuladas,133,67.78954081632654
simuladas,49,29.20918367346939
simuladas,155,177.59566326530611
simuladas,198,610.4081632653061
simuladas,38,14.908163265306124
simuladas,42,18.3609693877551
simuladas,211,299.8099489795918
simuladas,106,70.85204081632654
simuladas,37,5.432397959183674
simuladas,48,27.780612244897956
simuladas,140,363.1466836734694
simuladas,225,144.01530612244898
simuladas,221,794.6683673469388
simuladas,165,111.3609693877551
simuladas,77,18.320153061224488
simuladas,221,243.44387755102042
simuladas,121,141.39158163265307
simuladas,230,456.30102040816325
simuladas,105,55.882653061224495
simuladas,218,152.17729591836732
simuladas,5,0.41836734693877553
simuladas,151,87.28954081632652
simuladas,35,7.901785714285714
simuladas,107,132.33673469387756
simuladas,135,164.65816326530611
simuladas,39,16.658163265306122
simuladas,148,170.0969387755102
simuladas,60,39.67857142857143
simuladas,178,363.765306122449
simuladas,159,308.0038265306122
simuladas,213,168.21811224489798
simuladas,243,193.23852040816328
simuladas,47,16.116071428571427
simuladas,175,157.04464285714286
simuladas,95,39.28061224489796
simuladas,48,8.075255102040817
simuladas,107,23.95280612244898
simuladas,163,100.56632653061224
simuladas,69,37.78061224489796
simuladas,179,154.81632653061226
simuladas,153,160.96301020408166
simuladas,76,39.785714285714285
simuladas,93,53.17729591836734
simuladas,2,0.12244897959183676
simuladas,146,78.59566326530613
simuladas,26,3.6466836734693873
simuladas,127,100.1670918367347
simuladas,201,509.3201530612245
simuladas,123,45.193877551020414
simuladas,234,212.50382653061223
simuladas,168,148.53571428571428
simuladas,136,109.02423469387757
simuladas,198,151.59566326530611
simuladas,94,43.901785714285715
simuladas,100,108.45280612244899
simuladas,41,15.030612244897958
simuladas,109,59.525510204081634
simuladas,91,126.76530612244896
simuladas,166,468.2755102040816
simuladas,50,35.91836734693877
simuladas,28,7.830357142857143
simuladas,15,7.9183673469387745
simuladas,58,23.8609693877551
simuladas,141,210.78571428571428
simuladas,4,0.43239795918367346
simuladas,122,108.24489795918369
simuladas,142,69.1938775510204
simuladas,231,127.41836734693878
simuladas,8,0.32142857142857145
simuladas,168,113.64668367346938
simuladas,38,28.107142857142858
simuladas,68,18.1734693877551
simuladas,55,19.26530612244898
simuladas,63,19.075255102040817
simuladas,220,183.60204081632654
simuladas,107,23.95280612244898
simuladas,83,41.52423469387755
simuladas,124,236.2091836734694
simuladas,70,39.860969387755105
simuladas,130,93.78061224489797
simuladas,169,132.87244897959184
simuladas,190,171.83673469387756
simuladas,211,600.6772959183673
simuladas,182,96.27551020408164
simuladas,246,1293.5612244897961
simuladas,224,262.6466836734694
simuladas,154,280.7091836734694
simuladas,238,405.2142857142857
simuladas,140,78.23852040816327
simuladas,72,14.218112244897961
simuladas,237,1390.452806122449
simuladas,106,61.66709183673469
simuladas,248,330.52423469387753
simuladas,19,4.346938775510204
simuladas,225,764.218112244898
simuladas,185,140.60714285714286
simuladas,52,26.102040816326532
simuladas,38,7.408163265306122
simuladas,205,207.74872448979593
simuladas,4,0.3112244897959184
simuladas,141,223.10586734693877
simuladas,199,88.14668367346938
simuladas,135,192.6377551020408
simuladas,221,2151.6466836734694
simuladas,113,86.82015306122449
simuladas,143,425.25
simuladas,179,246.07142857142858
simuladas,68,28.765306122448976
simuladas,96,69.97959183673468
simuladas,229,168.2091836734694
simuladas,93,53.17729591836734
simuladas,34,11.0
simuladas,81,125.67729591836736
simuladas,78,40.16709183673469
simuladas,177,141.17729591836735
simuladas,239,545.5956632653061
simuladas,110,96.75
simuladas,53,17.418367346938773
simuladas,52,18.678571428571427
simuladas,26,10.102040816326532
simuladas,106,48.360969387755105
simuladas,58,23.177295918367346
simuladas,218,270.4017857142857
simuladas,200,231.5752551020408
simuladas,187,647.3915816326531
simuladas,99,117.60204081632652
simuladas,23,5.8520408163265305
simuladas,108,65.08673469387756
simuladas,190,302.38775510204084
simuladas,209,686.5663265306122
simuladas,133,306.53061224489795
simuladas,38,26.177295918367346
simuladas,68,28.765306122448976
simuladas,121,70.88775510204081
simuladas,67,66.10204081632654
simuladas,65,28.789540816326532
simuladas,88,58.13265306122448
simuladas,148,473.3915816326531
simuladas,123,162.10586734693877
simuladas,125,93.62244897959184
simuladas,12,3.0714285714285716
simuladas,180,330.75
simuladas,148,72.25892857142857
simuladas,102,52.66836734693878
simuladas,115,41.46301020408163
simuladas,30,8.605867346938776
simuladas,121,196.08673469387756
simuladas,103,143.05102040816328
simuladas,126,80.75
simuladas,190,526.0714285714286
simuladas,135,54.78061224489796
simuladas,124,94.59693877551021
simuladas,132,55.16709183673469
simuladas,32,11.83673469387755
simuladas,247,352.37244897959187
simuladas,85,103.43239795918366
pseudoaleatorias,32,1.4323979591836733
pseudoaleatorias,48,2.892857142857143
pseudoaleatorias,190,4.168367346938775
pseudoaleatorias,125,3.0956632653061225
pseudoaleatorias,120,2.6785714285714284
pseudoaleatorias,88,3.891581632653061
pseudoaleatorias,101,2.8112244897959187
pseudoaleatorias,62,2.13265306122449
pseudoaleatorias,168,3.9948979591836737
pseudoaleatorias,113,3.1058673469387754
pseudoaleatorias,115,1.9438775510204083
pseudoaleatorias,4,0.38775510204081626
pseudoaleatorias,247,2.2385204081632653
pseudoaleatorias,144,3.9081632653061225
pseudoaleatorias,214,3.7142857142857144
pseudoaleatorias,25,1.2181122448979593
pseudoaleatorias,32,0.9630102040816327
pseudoaleatorias,235,2.8877551020408165
pseudoaleatorias,48,2.2181122448979593
pseudoaleatorias,124,2.0153061224489797
pseudoaleatorias,12,1.4897959183673468
pseudoaleatorias,126,3.729591836734694
pseudoaleatorias,143,4.372448979591836
pseudoaleatorias,103,3.881377551020408
pseudoaleatorias,3,0.4591836734693877
pseudoaleatorias,6,0.24489795918367346
pseudoaleatorias,98,2.0344387755102042
pseudoaleatorias,67,4.758928571428571
pseudoaleatorias,190,2.602040816326531
pseudoaleatorias,203,4.709183673469388
pseudoaleatorias,141,4.503826530612245
pseudoaleatorias,119,1.8099489795918369
pseudoaleatorias,157,2.5752551020408165
pseudoaleatorias,63,3.1058673469387754
pseudoaleatorias,26,1.3724489795918369
pseudoaleatorias,141,3.1058673469387754
pseudoaleatorias,38,2.2755102040816326
pseudoaleatorias,156,1.7385204081632655
pseudoaleatorias,207,2.5752551020408165
pseudoaleatorias,93,3.693877551020408
pseudoaleatorias,22,1.4323979591836735
pseudoaleatorias,1,0.12244897959183676
pseudoaleatorias,220,3.248724489795918
pseudoaleatorias,217,4.116071428571429
pseudoaleatorias,147,3.3367346938775513
pseudoaleatorias,145,5.622448979591837
pseudoaleatorias,3,0.24489795918367346
pseudoaleatorias,2,0.20408163265306123
pseudoaleatorias,129,3.0306122448979593
pseudoaleatorias,126,2.607142857142857
pseudoaleatorias,112,4.887755102040816
pseudoaleatorias,2,0.12244897959183676
pseudoaleatorias,36,1.1734693877551021
pseudoaleatorias,239,3.7181122448979593
pseudoaleatorias,116,3.360969387755102
pseudoaleatorias,165,2.704081632653061
pseudoaleatorias,51,2.7589285714285716
pseudoaleatorias,231,3.789540816326531
pseudoaleatorias,60,2.5344387755102042
pseudoaleatorias,87,2.2385204081632653
pseudoaleatorias,188,1.9323979591836733
pseudoaleatorias,61,3.2653061224489797
pseudoaleatorias,122,2.0867346938775513
pseudoaleatorias,38,1.5956632653061225
pseudoaleatorias,71,4.575255102040816
pseudoaleatorias,132,3.3877551020408165
pseudoaleatorias,175,3.8112244897959187
pseudoaleatorias,104,4.218112244897959
pseudoaleatorias,174,3.891581632653061
pseudoaleatorias,143,3.667091836734694
pseudoaleatorias,223,1.6326530612244898
pseudoaleatorias,183,2.704081632653061
pseudoaleatorias,248,3.1058673469387754
pseudoaleatorias,18,0.4795918367346938
pseudoaleatorias,125,4.1875
pseudoaleatorias,22,2.7142857142857144
pseudoaleatorias,241,3.4897959183673466
pseudoaleatorias,65,3.2653061224489797
pseudoaleatorias,217,2.5
pseudoaleatorias,65,2.503826530612245
pseudoaleatorias,212,3.360969387755102
pseudoaleatorias,209,2.9642857142857144
pseudoaleatorias,119,2.3877551020408165
pseudoaleatorias,171,2.218112244897959
pseudoaleatorias,103,2.9017857142857144
pseudoaleatorias,171,2.5357142857142856
pseudoaleatorias,223,1.423469387755102
pseudoaleatorias,199,2.0357142857142856
pseudoaleatorias,74,4.167091836734694
pseudoaleatorias,61,2.667091836734694
pseudoaleatorias,59,1.4323979591836733
pseudoaleatorias,120,3.3826530612244903
pseudoaleatorias,226,3.061224489795918
pseudoaleatorias,202,3.0510204081632653
pseudoaleatorias,118,3.5752551020408165
pseudoaleatorias,217,3.248724489795918
pseudoaleatorias,28,2.3010204081632653
pseudoaleatorias,219,2.1377551020408165
pseudoaleatorias,4,0.6020408163265306
pseudoaleatorias,38,2.102040816326531
pseudoaleatorias,49,2.693877551020408
pseudoaleatorias,121,3.044642857142857
pseudoaleatorias,208,1.677295918367347
pseudoaleatorias,28,1.1160714285714286
pseudoaleatorias,158,4.401785714285714
pseudoaleatorias,91,2.4528061224489797
pseudoaleatorias,38,3.622448979591837
pseudoaleatorias,41,2.5153061224489797
pseudoaleatorias,7,0.3201530612244898
pseudoaleatorias,226,2.075255102040816
pseudoaleatorias,38,4.13265306122449
pseudoaleatorias,50,2.673469387755102
pseudoaleatorias,91,5.105867346938775
pseudoaleatorias,120,1.7448979591836735
pseudoaleatorias,10,0.8571428571428571
pseudoaleatorias,8,0.45918367346938777
pseudoaleatorias,48,2.3367346938775513
pseudoaleatorias,82,2.102040816326531
pseudoaleatorias,213,2.891581632653061
pseudoaleatorias,117,2.7806122448979593
pseudoaleatorias,245,1.9323979591836733
pseudoaleatorias,13,1.2653061224489797
pseudoaleatorias,131,1.5752551020408163
pseudoaleatorias,224,3.7385204081632653
pseudoaleatorias,77,2.7448979591836737
pseudoaleatorias,137,3.6466836734693877
pseudoaleatorias,69,2.748724489795918
pseudoaleatorias,247,1.7385204081632655
pseudoaleatorias,23,1.1938775510204083
pseudoaleatorias,220,2.309948979591837
pseudoaleatorias,14,0.8609693877551019
pseudoaleatorias,13,1.2755102040816326
pseudoaleatorias,180,3.316326530612245
pseudoaleatorias,237,3.525510204081633
pseudoaleatorias,50,2.177295918367347
pseudoaleatorias,102,3.9323979591836737
pseudoaleatorias,234,1.1020408163265307
pseudoaleatorias,48,1.5306122448979593
pseudoaleatorias,171,2.881377551020408
pseudoaleatorias,242,2.8010204081632653
pseudoaleatorias,60,3.789540816326531
pseudoaleatorias,242,3.4948979591836737
pseudoaleatorias,140,3.5
pseudoaleatorias,180,3.0956632653061225
pseudoaleatorias,8,0.7040816326530611
pseudoaleatorias,248,3.3112244897959187
pseudoaleatorias,36,3.4183673469387754
pseudoaleatorias,167,4.530612244897959
pseudoaleatorias,6,0.5306122448979592
pseudoaleatorias,191,2.2385204081632653
pseudoaleatorias,226,2.891581632653061
pseudoaleatorias,202,1.860969387755102
pseudoaleatorias,128,1.9323979591836733
pseudoaleatorias,83,2.7653061224489797
pseudoaleatorias,90,2.4183673469387754
pseudoaleatorias,86,3.2181122448979593
pseudoaleatorias,122,3.4630102040816326
pseudoaleatorias,149,3.622448979591837
pseudoaleatorias,12,0.9897959183673468
pseudoaleatorias,31,1.0446428571428572
pseudoaleatorias,201,6.285714285714286
pseudoaleatorias,78,2.9081632653061225
pseudoaleatorias,30,1.3099489795918369
pseudoaleatorias,97,2.503826530612245
pseudoaleatorias,217,4.01530612244898
pseudoaleatorias,27,1.4081632653061225
pseudoaleatorias,224,4.693877551020408
pseudoaleatorias,32,2.7040816326530615
pseudoaleatorias,161,3.6058673469387754
pseudoaleatorias,153,1.7487244897959184
pseudoaleatorias,104,2.7181122448979593
pseudoaleatorias,10,0.30102040816326525
pseudoaleatorias,197,4.051020408163265
pseudoaleatorias,250,3.809948979591837
pseudoaleatorias,15,0.6938775510204082
pseudoaleatorias,5,0.2755102040816327
pseudoaleatorias,47,3.6326530612244894
pseudoaleatorias,80,1.860969387755102
pseudoaleatorias,135,1.9948979591836735
pseudoaleatorias,94,4.105867346938775
pseudoaleatorias,17,1.346938775510204
pseudoaleatorias,185,3.443877551020408
pseudoaleatorias,80,4.51530612244898
pseudoaleatorias,2,0.12244897959183676
pseudoaleatorias,203,3.248724489795918
pseudoaleatorias,213,2.6466836734693877
pseudoaleatorias,195,1.9528061224489797
pseudoaleatorias,151,2.5306122448979593
pseudoaleatorias,237,2.289540816326531
pseudoaleatorias,82,2.7806122448979593
pseudoaleatorias,73,3.9081632653061225
pseudoaleatorias,228,2.5255102040816326
pseudoaleatorias,7,0.6020408163265306
pseudoaleatorias,191,2.2755102040816326
pseudoaleatorias,231,1.6670918367346939
pseudoaleatorias,43,1.9438775510204083
pseudoaleatorias,214,2.5956632653061225
pseudoaleatorias,92,3.309948979591837
pseudoaleatorias,87,4.836734693877552
pseudoaleatorias,67,3.204081632653061
pseudoaleatorias,132,2.566326530612245
pseudoaleatorias,101,3.391581632653061
pseudoaleatorias,248,3.003826530612245
pseudoaleatorias,112,4.622448979591837
pseudoaleatorias,211,2.6466836734693877
pseudoaleatorias,120,3.003826530612245
pseudoaleatorias,181,3.229591836734694
pseudoaleatorias,225,2.248724489795918
pseudoaleatorias,91,2.075255102040816
pseudoaleatorias,44,2.7091836734693877
pseudoaleatorias,191,2.5242346938775513
pseudoaleatorias,226,2.9528061224489797
pseudoaleatorias,174,2.7589285714285716
pseudoaleatorias,114,2.872448979591837
pseudoaleatorias,92,3.6683673469387754
pseudoaleatorias,81,4.301020408163265
pseudoaleatorias,35,1.9081632653061225
pseudoaleatorias,150,2.5752551020408165
pseudoaleatorias,97,4.024234693877551
pseudoaleatorias,126,2.7385204081632653
pseudoaleatorias,113,3.534438775510204
pseudoaleatorias,51,2.809948979591837
pseudoaleatorias,15,1.9183673469387756
pseudoaleatorias,159,2.2091836734693877
pseudoaleatorias,74,2.789540816326531
pseudoaleatorias,138,4.167091836734694
pseudoaleatorias,145,3.0956632653061225
pseudoaleatorias,86,2.667091836734694
pseudoaleatorias,14,0.8520408163265306
pseudoaleatorias,120,2.8201530612244894
pseudoaleatorias,71,2.748724489795918
pseudoaleatorias,194,4.116071428571429
pseudoaleatorias,4,0.38775510204081626
pseudoaleatorias,125,4.566326530612245
pseudoaleatorias,187,2.8214285714285716
pseudoaleatorias,169,3.4183673469387754
pseudoaleatorias,172,2.9183673469387754
pseudoaleatorias,4,0.38775510204081637
pseudoaleatorias,147,2.6875
pseudoaleatorias,150,4.116071428571429
pseudoaleatorias,47,1.6071428571428572
pseudoaleatorias,28,1.3303571428571428
pseudoaleatorias,38,3.1160714285714284
pseudoaleatorias,232,2.9017857142857144
pseudoaleatorias,203,4.8520408163265305
pseudoaleatorias,83,3.8826530612244894
pseudoaleatorias,132,3.1160714285714284
pseudoaleatorias,15,0.7397959183673469
pseudoaleatorias,73,3.309948979591837
pseudoaleatorias,241,2.1377551020408165
pseudoaleatorias,51,1.280612244897959
pseudoaleatorias,115,4.51530612244898
pseudoaleatorias,174,4.258928571428571
pseudoaleatorias,227,2.2040816326530615
pseudoaleatorias,7,0.31632653061224486
pseudoaleatorias,149,3.204081632653061
pseudoaleatorias,56,1.4017857142857142
pseudoaleatorias,212,2.602040816326531
pseudoaleatorias,93,2.6875
pseudoaleatorias,121,1.8915816326530612
pseudoaleatorias,79,1.7755102040816326
pseudoaleatorias,105,3.003826530612245
pseudoaleatorias,47,2.9540816326530615
pseudoaleatorias,143,3.3214285714285716
pseudoaleatorias,217,1.9630102040816326
pseudoaleatorias,132,2.9630102040816326
pseudoaleatorias,18,0.7295918367346939
pseudoaleatorias,74,6.4897959183673475
pseudoaleatorias,53,2.8010204081632653
pseudoaleatorias,128,3.3201530612244894
pseudoaleatorias,202,2.0242346938775513
pseudoaleatorias,236,3.391581632653061
pseudoaleatorias,233,3.4323979591836737
pseudoaleatorias,181,3.5752551020408165
pseudoaleatorias,41,2.602040816326531
pseudoaleatorias,5,0.34693877551020413
pseudoaleatorias,165,4.6020408163265305
pseudoaleatorias,210,4.309948979591836
pseudoaleatorias,69,3.102040816326531
pseudoaleatorias,221,2.4732142857142856
pseudoaleatorias,54,3.3201530612244894
pseudoaleatorias,137,3.9897959183673466
pseudoaleatorias,115,4.479591836734694
pseudoaleatorias,168,3.352040816326531
pseudoaleatorias,72,3.2142857142857144
pseudoaleatorias,213,4.3813775510204085
pseudoaleatorias,119,2.5752551020408165
pseudoaleatorias,53,2.667091836734694
pseudoaleatorias,41,1.1772959183673468
pseudoaleatorias,246,2.0956632653061225
pseudoaleatorias,56,2.5752551020408165
pseudoaleatorias,76,3.9081632653061225
pseudoaleatorias,228,4.116071428571429
pseudoaleatorias,6,0.3163265306122449
pseudoaleatorias,136,4.748724489795919
pseudoaleatorias,36,1.9528061224489794
pseudoaleatorias,153,2.0714285714285716
pseudoaleatorias,143,3.8112244897959187
pseudoaleatorias,23,1.4540816326530612
pseudoaleatorias,94,3.7385204081632653
pseudoaleatorias,26,1.4081632653061225
pseudoaleatorias,8,0.6224489795918366
pseudoaleatorias,41,1.8826530612244898
pseudoaleatorias,130,2.891581632653061
pseudoaleatorias,84,3.704081632653061
pseudoaleatorias,100,2.9323979591836737
pseudoaleatorias,186,3.566326530612245
pseudoaleatorias,206,1.8813775510204083
pseudoaleatorias,58,2.4081632653061225
pseudoaleatorias,94,2.816326530612245
pseudoaleatorias,111,4.034438775510204
pseudoaleatorias,143,2.2295918367346936
pseudoaleatorias,212,4.391581632653061
pseudoaleatorias,17,0.6466836734693878
pseudoaleatorias,195,2.8826530612244903
pseudoaleatorias,96,4.13265306122449
pseudoaleatorias,47,1.9630102040816326
pseudoaleatorias,131,3.2589285714285716
pseudoaleatorias,238,1.9732142857142858
pseudoaleatorias,156,2.142857142857143
pseudoaleatorias,48,0.8112244897959184
pseudoaleatorias,72,0.9528061224489797
pseudoaleatorias,234,2.2806122448979593
pseudoaleatorias,224,2.167091836734694
pseudoaleatorias,131,2.4017857142857144
pseudoaleatorias,39,3.0510204081632653
pseudoaleatorias,188,3.8367346938775513
pseudoaleatorias,23,0.6160714285714286
pseudoaleatorias,87,3.9081632653061225
pseudoaleatorias,121,1.8724489795918369
pseudoaleatorias,7,0.2181122448979592
pseudoaleatorias,212,2.622448979591837
pseudoaleatorias,102,3.381377551020408
pseudoaleatorias,59,3.0752551020408165
pseudoaleatorias,208,3.443877551020408
pseudoaleatorias,74,5.238520408163265
pseudoaleatorias,221,4.311224489795919
pseudoaleatorias,69,1.8928571428571428
pseudoaleatorias,23,2.357142857142857
pseudoaleatorias,180,2.391581632653061
pseudoaleatorias,70,1.860969387755102
pseudoaleatorias,209,3.229591836734694
pseudoaleatorias,233,2.177295918367347
pseudoaleatorias,101,2.5
pseudoaleatorias,102,2.4081632653061225
pseudoaleatorias,202,2.3877551020408165
pseudoaleatorias,128,3.673469387755102
pseudoaleatorias,117,3.0752551020408165
pseudoaleatorias,125,4.551020408163265
pseudoaleatorias,30,3.122448979591837
pseudoaleatorias,17,0.9795918367346939
pseudoaleatorias,234,1.6020408163265305
pseudoaleatorias,171,4.6772959183673475
pseudoaleatorias,249,1.8201530612244898
pseudoaleatorias,79,3.830357142857143
pseudoaleatorias,23,1.0956632653061225
pseudoaleatorias,79,2.392857142857143
pseudoaleatorias,61,4.258928571428571
pseudoaleatorias,53,3.173469387755102
pseudoaleatorias,140,4.454081632653061
pseudoaleatorias,110,1.718112244897959
pseudoaleatorias,116,2.852040816326531
pseudoaleatorias,249,2.122448979591837
pseudoaleatorias,107,4.26530612244898
pseudoaleatorias,68,2.846938775510204
pseudoaleatorias,139,1.6875
pseudoaleatorias,6,0.2181122448979592
pseudoaleatorias,62,3.316326530612245
pseudoaleatorias,122,3.423469387755102
pseudoaleatorias,147,4.321428571428571
pseudoaleatorias,105,2.2589285714285716
pseudoaleatorias,44,2.525510204081633
pseudoaleatorias,248,2.248724489795918
pseudoaleatorias,45,2.0153061224489797
pseudoaleatorias,235,2.5510204081632653
pseudoaleatorias,7,0.3724489795918367
pseudoaleatorias,167,2.8201530612244894
pseudoaleatorias,159,2.9323979591836737
pseudoaleatorias,48,1.5663265306122451
pseudoaleatorias,206,1.7448979591836735
pseudoaleatorias,228,2.816326530612245
pseudoaleatorias,61,2.943877551020408
pseudoaleatorias,125,3.2091836734693877
pseudoaleatorias,231,2.6772959183673466
pseudoaleatorias,232,2.6326530612244894
pseudoaleatorias,82,4.024234693877551
pseudoaleatorias,47,2.5242346938775513
pseudoaleatorias,64,3.729591836734694
pseudoaleatorias,46,3.316326530612245
pseudoaleatorias,184,2.891581632653061
pseudoaleatorias,19,1.2653061224489797
pseudoaleatorias,246,4.311224489795919
pseudoaleatorias,51,1.7653061224489797
pseudoaleatorias,246,2.7448979591836737
pseudoaleatorias,118,4.051020408163265
pseudoaleatorias,105,1.9183673469387756
pseudoaleatorias,154,3.391581632653061
pseudoaleatorias,174,2.066326530612245
pseudoaleatorias,154,4.024234693877551
pseudoaleatorias,168,3.4183673469387754
pseudoaleatorias,24,1.0153061224489794
pseudoaleatorias,6,0.38775510204081637
pseudoaleatorias,123,3.2091836734693877
pseudoaleatorias,69,6.034438775510204
pseudoaleatorias,94,4.26530612244898
pseudoaleatorias,61,2.525510204081633
pseudoaleatorias,219,3.102040816326531
pseudoaleatorias,50,4.503826530612245
pseudoaleatorias,229,2.2448979591836737
pseudoaleatorias,245,3.4948979591836737
pseudoaleatorias,128,3.423469387755102
pseudoaleatorias,163,3.809948979591837
pseudoaleatorias,162,3.2142857142857144
pseudoaleatorias,176,3.503826530612245
pseudoaleatorias,5,0.31632653061224486
pseudoaleatorias,5,0.45918367346938777
pseudoaleatorias,130,3.1466836734693877
pseudoaleatorias,128,4.1875
pseudoaleatorias,211,4.105867346938775
pseudoaleatorias,206,3.503826530612245
pseudoaleatorias,183,3.943877551020408
pseudoaleatorias,37,2.602040816326531
pseudoaleatorias,189,1.8826530612244898
pseudoaleatorias,6,0.846938775510204
pseudoaleatorias,118,2.8826530612244903
pseudoaleatorias,42,2.9897959183673466
pseudoaleatorias,215,3.923469387755102
pseudoaleatorias,40,2.003826530612245
pseudoaleatorias,109,3.860969387755102
pseudoaleatorias,102,1.1875
pseudoaleatorias,160,3.891581632653061
pseudoaleatorias,11,0.5867346938775511
pseudoaleatorias,82,6.452806122448979
pseudoaleatorias,5,0.2755102040816327
pseudoaleatorias,52,2.9528061224489797
pseudoaleatorias,20,0.5038265306122449
pseudoaleatorias,194,3.2091836734693877
pseudoaleatorias,29,2.846938775510204
pseudoaleatorias,71,3.102040816326531
pseudoaleatorias,81,3.6160714285714284
pseudoaleatorias,16,0.667091836734694
pseudoaleatorias,95,2.3201530612244894
pseudoaleatorias,91,2.503826530612245
pseudoaleatorias,93,2.9017857142857144
pseudoaleatorias,42,3.3214285714285716
pseudoaleatorias,246,2.0867346938775513
pseudoaleatorias,4,0.12244897959183676
pseudoaleatorias,198,3.025510204081633
pseudoaleatorias,193,2.381377551020408
pseudoaleatorias,76,3.2385204081632653
pseudoaleatorias,11,0.4528061224489796
pseudoaleatorias,179,4.32015306122449
pseudoaleatorias,205,4.0
pseudoaleatorias,211,4.860969387755103
pseudoaleatorias,76,2.7755102040816326
pseudoaleatorias,29,3.142857142857143
pseudoaleatorias,136,2.309948979591837
pseudoaleatorias,52,4.5
pseudoaleatorias,191,2.239795918367347
pseudoaleatorias,108,3.0752551020408165
pseudoaleatorias,44,1.5357142857142858
pseudoaleatorias,178,2.809948979591837
pseudoaleatorias,193,3.167091836734694
pseudoaleatorias,58,1.4323979591836733
pseudoaleatorias,151,4.105867346938775
pseudoaleatorias,95,2.443877551020408
pseudoaleatorias,27,2.0510204081632653
pseudoaleatorias,69,2.9081632653061225
pseudoaleatorias,203,4.105867346938775
pseudoaleatorias,138,1.9234693877551021
pseudoaleatorias,100,2.891581632653061
pseudoaleatorias,9,0.6938775510204082
pseudoaleatorias,249,2.0
pseudoaleatorias,66,4.494897959183674
pseudoaleatorias,209,1.7487244897959184
pseudoaleatorias,244,2.7653061224489797
pseudoaleatorias,180,3.1581632653061225
pseudoaleatorias,41,2.4897959183673466
pseudoaleatorias,86,3.0510204081632653
pseudoaleatorias,163,2.8367346938775513
pseudoaleatorias,167,2.3201530612244894
pseudoaleatorias,36,2.5752551020408165
pseudoaleatorias,105,4.642857142857143
pseudoaleatorias,246,3.6772959183673466
pseudoaleatorias,212,2.6875
pseudoaleatorias,243,2.13265306122449
pseudoaleatorias,179,4.6772959183673475
pseudoaleatorias,125,2.066326530612245
pseudoaleatorias,9,0.3201530612244898
pseudoaleatorias,77,4.765306122448979
pseudoaleatorias,105,3.7487244897959187
pseudoaleatorias,49,1.9630102040816326
pseudoaleatorias,56,1.5357142857142858
pseudoaleatorias,221,2.954081632653061
pseudoaleatorias,242,2.9285714285714284
pseudoaleatorias,81,3.0344387755102042
pseudoaleatorias,114,3.229591836734694
pseudoaleatorias,17,1.6020408163265307
pseudoaleatorias,129,3.0242346938775513
pseudoaleatorias,224,2.2589285714285716
pseudoaleatorias,23,1.3112244897959184
pseudoaleatorias,250,3.1058673469387754
pseudoaleatorias,128,3.1160714285714284
pseudoaleatorias,141,3.2755102040816326
pseudoaleatorias,103,2.809948979591837
pseudoaleatorias,191,2.309948979591837
pseudoaleatorias,68,2.9183673469387754
pseudoaleatorias,1,0.12244897959183676
pseudoaleatorias,114,3.3877551020408165
pseudoaleatorias,153,2.809948979591837
pseudoaleatorias,97,2.6785714285714284
pseudoaleatorias,102,2.8201530612244894
pseudoaleatorias,53,2.479591836734694
pseudoaleatorias,108,4.030612244897959
pseudoaleatorias,94,3.443877551020408
pseudoaleatorias,125,3.503826530612245
pseudoaleatorias,226,3.881377551020408
pseudoaleatorias,178,2.8826530612244903
pseudoaleatorias,89,4.595663265306123
pseudoaleatorias,240,2.316326530612245
pseudoaleatorias,193,2.881377551020408
pseudoaleatorias,28,3.1377551020408165
pseudoaleatorias,206,3.891581632653061
pseudoaleatorias,243,3.061224489795918
pseudoaleatorias,206,2.9630102040816326
pseudoaleatorias,238,2.2589285714285716
pseudoaleatorias,16,0.667091836734694
pseudoaleatorias,102,5.142857142857143
pseudoaleatorias,175,3.346938775510204
pseudoaleatorias,149,1.7385204081632655
pseudoaleatorias,31,1.989795918367347
pseudoaleatorias,185,3.3826530612244903
pseudoaleatorias,146,2.5306122448979593
pseudoaleatorias,154,4.372448979591836
pseudoaleatorias,122,4.780612244897959
pseudoaleatorias,82,4.01530612244898
pseudoaleatorias,29,3.0510204081632653
pseudoaleatorias,234,4.432397959183674
pseudoaleatorias,160,2.8201530612244894
pseudoaleatorias,70,4.360969387755103
pseudoaleatorias,112,1.6938775510204083
pseudoaleatorias,55,4.095663265306123
pseudoaleatorias,137,2.7487244897959187
pseudoaleatorias,206,4.204081632653061
pseudoaleatorias,228,1.8520408163265305
pseudoaleatorias,166,3.6058673469387754
pseudoaleatorias,62,4.494897959183674
pseudoaleatorias,240,2.8367346938775513
pseudoaleatorias,151,3.6581632653061225
pseudoaleatorias,122,3.1058673469387754
pseudoaleatorias,198,2.789540816326531
pseudoaleatorias,138,2.2806122448979593
pseudoaleatorias,164,2.2385204081632653
pseudoaleatorias,12,0.9081632653061223
pseudoaleatorias,2,0.34693877551020413
pseudoaleatorias,149,4.096938775510204
pseudoaleatorias,227,2.6466836734693877
pseudoaleatorias,109,4.105867346938775
pseudoaleatorias,204,3.6377551020408165
pseudoaleatorias,13,0.37244897959183676
pseudoaleatorias,77,2.1058673469387754
pseudoaleatorias,189,2.8112244897959187
pseudoaleatorias,157,4.275510204081632
pseudoaleatorias,139,4.45280612244898
pseudoaleatorias,151,4.75
pseudoaleatorias,135,2.7385204081632653
pseudoaleatorias,125,1.8112244897959184
pseudoaleatorias,125,2.923469387755102
pseudoaleatorias,69,3.5752551020408165
pseudoaleatorias,173,2.1466836734693877
pseudoaleatorias,241,3.6581632653061225
pseudoaleatorias,163,2.1875
pseudoaleatorias,171,2.673469387755102
pseudoaleatorias,228,2.3201530612244894
pseudoaleatorias,99,2.667091836734694
pseudoaleatorias,225,2.479591836734694
pseudoaleatorias,212,2.891581632653061
pseudoaleatorias,24,0.3201530612244898
pseudoaleatorias,14,0.39285714285714285
pseudoaleatorias,179,3.7589285714285716
pseudoaleatorias,241,3.5956632653061225
pseudoaleatorias,192,2.943877551020408
pseudoaleatorias,250,1.7040816326530612
pseudoaleatorias,49,1.534438775510204
pseudoaleatorias,203,3.2181122448979593
pseudoaleatorias,193,2.667091836734694
pseudoaleatorias,74,2.4540816326530615
pseudoaleatorias,159,4.32015306122449
pseudoaleatorias,10,0.38137755102040816
pseudoaleatorias,107,2.9897959183673466
pseudoaleatorias,96,2.4948979591836737
pseudoaleatorias,196,2.667091836734694
pseudoaleatorias,100,1.8112244897959184
pseudoaleatorias,116,3.3201530612244894
pseudoaleatorias,166,3.4948979591836737
pseudoaleatorias,80,3.2181122448979593
pseudoaleatorias,23,1.7857142857142858
pseudoaleatorias,123,3.3201530612244903
pseudoaleatorias,181,3.1466836734693877
pseudoaleatorias,69,3.360969387755102
pseudoaleatorias,148,1.336734693877551
pseudoaleatorias,48,1.5357142857142858
pseudoaleatorias,81,2.177295918367347
pseudoaleatorias,166,4.932397959183674
pseudoaleatorias,67,0.8915816326530612
pseudoaleatorias,63,1.7091836734693877
pseudoaleatorias,245,3.3214285714285716
pseudoaleatorias,15,0.836734693877551
pseudoaleatorias,110,1.5510204081632655
pseudoaleatorias,247,2.177295918367347
pseudoaleatorias,92,2.891581632653061
pseudoaleatorias,25,2.316326530612245
pseudoaleatorias,42,0.6785714285714286
pseudoaleatorias,68,3.8010204081632653
pseudoaleatorias,157,2.5752551020408165
pseudoaleatorias,127,2.809948979591837
pseudoaleatorias,86,2.809948979591837
pseudoaleatorias,180,4.6772959183673475
pseudoaleatorias,88,3.309948979591837
pseudoaleatorias,77,1.6377551020408163
pseudoaleatorias,224,2.003826530612245
pseudoaleatorias,85,3.1581632653061225
pseudoaleatorias,233,4.494897959183674
pseudoaleatorias,218,2.8201530612244894
pseudoaleatorias,226,2.1377551020408165
pseudoaleatorias,80,2.881377551020408
pseudoaleatorias,228,3.9732142857142856
pseudoaleatorias,205,1.524234693877551
pseudoaleatorias,44,3.1377551020408165
pseudoaleatorias,187,4.857142857142857
pseudoaleatorias,125,5.173469387755103
pseudoaleatorias,25,0.7385204081632654
pseudoaleatorias,119,1.3520408163265305
pseudoaleatorias,132,2.891581632653061
pseudoaleatorias,226,4.105867346938775
pseudoaleatorias,104,4.943877551020408
pseudoaleatorias,63,4.2895408163265305
pseudoaleatorias,61,4.316326530612245
pseudoaleatorias,25,1.6071428571428572
pseudoaleatorias,6,0.6938775510204082
pseudoaleatorias,146,3.034438775510204
pseudoaleatorias,247,2.6875
pseudoaleatorias,46,4.244897959183674
pseudoaleatorias,115,3.830357142857143
pseudoaleatorias,116,1.5038265306122451
pseudoaleatorias,48,2.4017857142857144
pseudoaleatorias,147,4.309948979591836
pseudoaleatorias,172,5.718112244897959
pseudoaleatorias,143,1.8010204081632655
pseudoaleatorias,248,2.4017857142857144
pseudoaleatorias,25,1.959183673469388
pseudoaleatorias,195,2.8010204081632653
pseudoaleatorias,114,4.32015306122449
pseudoaleatorias,211,2.5153061224489797
pseudoaleatorias,64,3.3813775510204076
pseudoaleatorias,171,3.102040816326531
pseudoaleatorias,25,1.7385204081632655
pseudoaleatorias,62,1.1058673469387756
pseudoaleatorias,160,2.668367346938776
pseudoaleatorias,87,2.923469387755102
pseudoaleatorias,160,1.6020408163265307
pseudoaleatorias,229,2.309948979591837
pseudoaleatorias,140,2.748724489795918
pseudoaleatorias,152,2.6058673469387754
pseudoaleatorias,182,4.923469387755103
pseudoaleatorias,161,2.173469387755102
pseudoaleatorias,214,3.9017857142857144
pseudoaleatorias,22,1.9081632653061222
pseudoaleatorias,64,3.0612244897959187
pseudoaleatorias,80,4.26530612244898
pseudoaleatorias,29,3.5
pseudoaleatorias,111,2.673469387755102
pseudoaleatorias,3,0.5306122448979592
pseudoaleatorias,79,1.846938775510204
pseudoaleatorias,211,1.8201530612244898
pseudoaleatorias,130,4.095663265306123
pseudoaleatorias,186,5.193877551020408
pseudoaleatorias,110,2.066326530612245
pseudoaleatorias,214,3.357142857142857
pseudoaleatorias,166,3.0306122448979593
pseudoaleatorias,234,1.1581632653061225
pseudoaleatorias,167,4.086734693877551
pseudoaleatorias,206,3.668367346938776
pseudoaleatorias,179,2.122448979591837
pseudoaleatorias,57,2.248724489795918
pseudoaleatorias,4,0.45918367346938777
pseudoaleatorias,238,3.3201530612244894
pseudoaleatorias,81,2.704081632653061
pseudoaleatorias,178,3.4081632653061225
pseudoaleatorias,120,3.6058673469387754
pseudoaleatorias,67,1.5446428571428572
pseudoaleatorias,235,4.524234693877551
pseudoaleatorias,15,0.8469387755102041
pseudoaleatorias,135,2.4630102040816326
pseudoaleatorias,231,2.923469387755102
pseudoaleatorias,168,2.8201530612244894
pseudoaleatorias,216,2.923469387755102
pseudoaleatorias,240,2.566326530612245
pseudoaleatorias,144,4.88265306122449
pseudoaleatorias,49,2.6466836734693877
pseudoaleatorias,14,0.8112244897959184
pseudoaleatorias,96,2.881377551020408
pseudoaleatorias,83,4.616071428571429
pseudoaleatorias,175,4.1938775510204085
pseudoaleatorias,183,2.2653061224489797
pseudoaleatorias,194,4.428571428571429
pseudoaleatorias,35,1.2448979591836733
pseudoaleatorias,184,1.4948979591836733
pseudoaleatorias,37,0.7895408163265306
pseudoaleatorias,50,2.561224489795918
pseudoaleatorias,58,3.372448979591837
pseudoaleatorias,150,2.5867346938775513
pseudoaleatorias,64,2.9642857142857144
pseudoaleatorias,140,2.9323979591836737
pseudoaleatorias,41,2.9017857142857144
pseudoaleatorias,77,2.4591836734693877
pseudoaleatorias,131,2.789540816326531
pseudoaleatorias,63,3.4642857142857144
pseudoaleatorias,57,1.086734693877551
pseudoaleatorias,203,2.6058673469387754
pseudoaleatorias,23,1.3099489795918369
pseudoaleatorias,215,4.044642857142857
pseudoaleatorias,11,0.38775510204081626
pseudoaleatorias,72,2.7448979591836737
pseudoaleatorias,134,2.602040816326531
pseudoaleatorias,185,4.595663265306123
pseudoaleatorias,212,2.503826530612245
pseudoaleatorias,66,3.677295918367347
pseudoaleatorias,32,1.7295918367346939
pseudoaleatorias,241,3.309948979591837
pseudoaleatorias,250,2.423469387755102
pseudoaleatorias,175,3.102040816326531
pseudoaleatorias,208,3.8201530612244894
pseudoaleatorias,17,0.6466836734693878
pseudoaleatorias,12,0.31632653061224486
pseudoaleatorias,190,4.2895408163265305
pseudoaleatorias,146,3.105867346938776
pseudoaleatorias,248,2.1683673469387754
pseudoaleatorias,30,1.239795918367347
pseudoaleatorias,166,3.0242346938775513
pseudoaleatorias,245,3.1581632653061225
pseudoaleatorias,20,0.5969387755102041
pseudoaleatorias,7,0.7653061224489796
pseudoaleatorias,34,2.2142857142857144
pseudoaleatorias,178,2.9323979591836737
pseudoaleatorias,40,1.030612244897959
pseudoaleatorias,118,4.1875
pseudoaleatorias,216,5.107142857142857
pseudoaleatorias,66,2.3877551020408165
pseudoaleatorias,44,1.7755102040816326
pseudoaleatorias,56,3.7755102040816326
pseudoaleatorias,84,2.775510204081633
pseudoaleatorias,226,4.673469387755103
pseudoaleatorias,112,4.214285714285714
pseudoaleatorias,181,2.5752551020408165
pseudoaleatorias,120,2.8469387755102042
pseudoaleatorias,115,2.7091836734693877
pseudoaleatorias,34,1.3826530612244898
pseudoaleatorias,18,1.3571428571428572
pseudoaleatorias,189,4.244897959183674
pseudoaleatorias,47,1.5038265306122451
pseudoaleatorias,233,3.7040816326530615
pseudoaleatorias,4,0.3163265306122449
pseudoaleatorias,184,5.9528061224489806
pseudoaleatorias,163,2.309948979591837
pseudoaleatorias,112,2.122448979591837
pseudoaleatorias,36,2.6377551020408165
pseudoaleatorias,121,3.0752551020408165
pseudoaleatorias,70,3.1581632653061225
pseudoaleatorias,175,3.6466836734693877
pseudoaleatorias,35,2.137755102040816
pseudoaleatorias,98,2.6772959183673466
pseudoaleatorias,48,3.2385204081632653
pseudoaleatorias,170,1.9642857142857142
pseudoaleatorias,145,3.229591836734694
pseudoaleatorias,6,0.6938775510204082
pseudoaleatorias,235,3.881377551020408
pseudoaleatorias,110,2.443877551020408
pseudoaleatorias,17,0.9591836734693878
pseudoaleatorias,13,0.2385204081632653
pseudoaleatorias,234,3.003826530612245
pseudoaleatorias,23,2.5510204081632653
pseudoaleatorias,180,2.4017857142857144
pseudoaleatorias,197,3.891581632653061
pseudoaleatorias,125,3.102040816326531
pseudoaleatorias,146,2.8826530612244903
pseudoaleatorias,101,2.0255102040816326
pseudoaleatorias,125,1.6670918367346939
pseudoaleatorias,138,3.7589285714285716
pseudoaleatorias,84,2.0242346938775513
pseudoaleatorias,236,2.979591836734694
pseudoaleatorias,159,2.7385204081632653
pseudoaleatorias,66,3.204081632653061
pseudoaleatorias,238,3.6683673469387754
pseudoaleatorias,25,1.5306122448979593
pseudoaleatorias,2,0.12244897959183676
pseudoaleatorias,66,4.667091836734694
pseudoaleatorias,163,2.9323979591836737
pseudoaleatorias,48,2.503826530612245
pseudoaleatorias,167,3.443877551020408
pseudoaleatorias,22,2.204081632653061
pseudoaleatorias,170,3.173469387755102
pseudoaleatorias,6,0.16836734693877548
pseudoaleatorias,88,3.381377551020408
pseudoaleatorias,115,2.6466836734693877
pseudoaleatorias,103,3.289540816326531
pseudoaleatorias,127,3.034438775510204
pseudoaleatorias,117,1.6058673469387756
pseudoaleatorias,155,4.075255102040816
pseudoaleatorias,68,2.1160714285714284
pseudoaleatorias,135,2.7653061224489797
pseudoaleatorias,5,0.5612244897959183
pseudoaleatorias,158,3.167091836734694
pseudoaleatorias,25,2.5510204081632653
pseudoaleatorias,209,3.229591836734694
pseudoaleatorias,218,4.034438775510204
pseudoaleatorias,73,3.2653061224489797
pseudoaleatorias,113,3.9528061224489797
pseudoaleatorias,175,2.8201530612244894
pseudoaleatorias,117,4.964285714285714
pseudoaleatorias,211,2.7181122448979593
pseudoaleatorias,202,3.2181122448979593
pseudoaleatorias,49,2.1058673469387754
pseudoaleatorias,244,3.1326530612244894
pseudoaleatorias,90,1.9732142857142858
pseudoaleatorias,186,1.9948979591836735
pseudoaleatorias,105,2.979591836734694
pseudoaleatorias,28,1.846938775510204
pseudoaleatorias,108,4.1875
pseudoaleatorias,38,2.704081632653061
pseudoaleatorias,184,2.6466836734693877
pseudoaleatorias,49,1.8915816326530612
pseudoaleatorias,17,0.8010204081632653
pseudoaleatorias,152,2.8112244897959187
pseudoaleatorias,131,2.346938775510204
pseudoaleatorias,136,3.5956632653061225
pseudoaleatorias,159,4.075255102040816
pseudoaleatorias,6,0.6224489795918366
pseudoaleatorias,222,2.872448979591837
pseudoaleatorias,48,3.2755102040816326
pseudoaleatorias,67,1.718112244897959
pseudoaleatorias,3,0.20408163265306123
pseudoaleatorias,233,2.704081632653061
pseudoaleatorias,210,1.8915816326530612
pseudoaleatorias,133,2.4017857142857144
pseudoaleatorias,49,1.6428571428571428
pseudoaleatorias,155,3.1466836734693877
pseudoaleatorias,198,2.309948979591837
pseudoaleatorias,38,2.2448979591836737
pseudoaleatorias,42,2.857142857142857
pseudoaleatorias,211,3.503826530612245
pseudoaleatorias,106,2.423469387755102
pseudoaleatorias,37,1.146683673469388
pseudoaleatorias,48,1.4630102040816326
pseudoaleatorias,140,2.7448979591836737
pseudoaleatorias,225,2.602040816326531
pseudoaleatorias,221,3.8214285714285716
pseudoaleatorias,165,3.423469387755102
pseudoaleatorias,77,3.9234693877551017
pseudoaleatorias,221,6.280612244897959
pseudoaleatorias,121,3.122448979591837
pseudoaleatorias,230,1.989795918367347
pseudoaleatorias,105,1.6326530612244898
pseudoaleatorias,218,2.8010204081632653
pseudoaleatorias,5,0.38775510204081626
pseudoaleatorias,151,3.872448979591837
pseudoaleatorias,35,3.7755102040816326
pseudoaleatorias,107,3.8826530612244903
pseudoaleatorias,135,4.391581632653061
pseudoaleatorias,39,2.2755102040816326
pseudoaleatorias,148,4.748724489795919
pseudoaleatorias,60,3.4183673469387754
pseudoaleatorias,178,2.667091836734694
pseudoaleatorias,159,3.2181122448979593
pseudoaleatorias,213,3.423469387755102
pseudoaleatorias,243,4.463010204081632
pseudoaleatorias,47,1.1670918367346939
pseudoaleatorias,175,3.1875
pseudoaleatorias,95,2.9897959183673466
pseudoaleatorias,48,1.4081632653061225
pseudoaleatorias,107,3.4732142857142856
pseudoaleatorias,163,5.748724489795919
pseudoaleatorias,69,3.316326530612245
pseudoaleatorias,179,2.0956632653061225
pseudoaleatorias,153,1.6683673469387756
pseudoaleatorias,76,2.9630102040816326
pseudoaleatorias,93,1.6734693877551021
pseudoaleatorias,2,0.12244897959183676
pseudoaleatorias,146,2.923469387755102
pseudoaleatorias,26,1.239795918367347
pseudoaleatorias,127,1.5714285714285714
pseudoaleatorias,201,2.748724489795918
pseudoaleatorias,123,4.463010204081632
pseudoaleatorias,234,2.25
pseudoaleatorias,168,2.0357142857142856
pseudoaleatorias,136,2.4323979591836737
pseudoaleatorias,198,2.4630102040816326
pseudoaleatorias,94,2.360969387755102
pseudoaleatorias,100,2.748724489795918
pseudoaleatorias,41,1.5038265306122447
pseudoaleatorias,109,2.391581632653061
pseudoaleatorias,91,3.0969387755102042
pseudoaleatorias,166,3.309948979591837
pseudoaleatorias,50,1.6875
pseudoaleatorias,28,1.6734693877551021
pseudoaleatorias,15,1.0255102040816326
pseudoaleatorias,58,3.7142857142857144
pseudoaleatorias,141,4.454081632653061
pseudoaleatorias,4,0.12244897959183676
pseudoaleatorias,122,3.463010204081633
pseudoaleatorias,142,1.9948979591836735
pseudoaleatorias,231,2.892857142857143
pseudoaleatorias,8,0.7385204081632653
pseudoaleatorias,168,3.8826530612244894
pseudoaleatorias,38,2.391581632653061
pseudoaleatorias,68,2.3367346938775513
pseudoaleatorias,55,2.816326530612245
pseudoaleatorias,63,3.4732142857142856
pseudoaleatorias,220,2.1466836734693877
pseudoaleatorias,107,3.360969387755102
pseudoaleatorias,83,4.034438775510204
pseudoaleatorias,124,3.0714285714285716
pseudoaleatorias,70,2.602040816326531
pseudoaleatorias,130,3.0153061224489797
pseudoaleatorias,169,2.5510204081632653
pseudoaleatorias,190,4.408163265306123
pseudoaleatorias,211,1.459183673469388
pseudoaleatorias,182,3.044642857142857
pseudoaleatorias,246,3.167091836734694
pseudoaleatorias,224,3.5752551020408165
pseudoaleatorias,154,3.5752551020408165
pseudoaleatorias,238,3.066326530612245
pseudoaleatorias,140,2.673469387755102
pseudoaleatorias,72,3.0752551020408165
pseudoaleatorias,237,4.901785714285714
pseudoaleatorias,106,2.8201530612244894
pseudoaleatorias,248,3.6466836734693877
pseudoaleatorias,19,1.4438775510204083
pseudoaleatorias,225,2.5969387755102042
pseudoaleatorias,185,3.857142857142857
pseudoaleatorias,52,2.566326530612245
pseudoaleatorias,38,0.5306122448979592
pseudoaleatorias,205,4.952806122448979
pseudoaleatorias,4,0.20408163265306123
pseudoaleatorias,141,4.248724489795918
pseudoaleatorias,199,3.809948979591837
pseudoaleatorias,135,2.566326530612245
pseudoaleatorias,221,2.3010204081632653
pseudoaleatorias,113,1.4948979591836735
pseudoaleatorias,143,2.5255102040816326
pseudoaleatorias,179,4.096938775510204
pseudoaleatorias,68,2.534438775510204
pseudoaleatorias,96,3.309948979591837
pseudoaleatorias,229,4.107142857142857
pseudoaleatorias,93,2.7589285714285716
pseudoaleatorias,34,2.8877551020408165
pseudoaleatorias,81,3.479591836734694
pseudoaleatorias,78,2.5153061224489797
pseudoaleatorias,177,2.0357142857142856
pseudoaleatorias,239,3.309948979591837
pseudoaleatorias,110,3.239795918367347
pseudoaleatorias,53,1.5038265306122451
pseudoaleatorias,52,2.561224489795918
pseudoaleatorias,26,1.4948979591836733
pseudoaleatorias,106,2.4630102040816326
pseudoaleatorias,58,0.8112244897959184
pseudoaleatorias,218,2.809948979591837
pseudoaleatorias,200,2.7142857142857144
pseudoaleatorias,187,4.034438775510204
pseudoaleatorias,99,4.973214285714286
pseudoaleatorias,23,2.0255102040816326
pseudoaleatorias,108,4.718112244897959
pseudoaleatorias,190,2.044642857142857
pseudoaleatorias,209,3.4630102040816326
pseudoaleatorias,133,2.4323979591836737
pseudoaleatorias,38,2.4897959183673466
pseudoaleatorias,68,3.729591836734694
pseudoaleatorias,121,3.381377551020408
pseudoaleatorias,67,2.2589285714285716
pseudoaleatorias,65,2.4285714285714284
pseudoaleatorias,88,2.7091836734693877
pseudoaleatorias,148,2.503826530612245
pseudoaleatorias,123,2.4323979591836737
pseudoaleatorias,125,1.524234693877551
pseudoaleatorias,12,0.667091836734694
pseudoaleatorias,180,2.8826530612244903
pseudoaleatorias,148,3.6772959183673466
pseudoaleatorias,102,2.4630102040816326
pseudoaleatorias,115,3.066326530612245
pseudoaleatorias,30,2.2142857142857144
pseudoaleatorias,121,4.704081632653062
pseudoaleatorias,103,3.0
pseudoaleatorias,126,2.775510204081633
pseudoaleatorias,190,2.330357142857143
pseudoaleatorias,135,2.2385204081632653
pseudoaleatorias,124,3.4081632653061225
pseudoaleatorias,132,2.489795918367347
pseudoaleatorias,32,2.3201530612244894
pseudoaleatorias,247,3.3826530612244894
pseudoaleatorias,85,2.2589285714285716
aleatorias,32,1.2487244897959184
aleatorias,48,3.860969387755102
aleatorias,190,9.959183673469386
aleatorias,125,9.595663265306124
aleatorias,120,17.45280612244898
aleatorias,88,7.003826530612245
aleatorias,101,4.9528061224489806
aleatorias,62,7.418367346938775
aleatorias,168,14.860969387755102
aleatorias,113,4.891581632653062
aleatorias,115,8.901785714285714
aleatorias,4,0.4528061224489796
aleatorias,232,9.6875
aleatorias,144,3.4591836734693877
aleatorias,214,9.01530612244898
aleatorias,25,2.7487244897959187
aleatorias,32,1.1224489795918366
aleatorias,232,9.6875
aleatorias,48,3.3826530612244894
aleatorias,124,6.443877551020408
aleatorias,12,0.49489795918367346
aleatorias,126,14.391581632653061
aleatorias,143,12.60204081632653
aleatorias,103,8.075255102040817
aleatorias,3,0.20408163265306123
aleatorias,6,0.24872448979591835
aleatorias,98,6.963010204081633
aleatorias,67,11.51530612244898
aleatorias,190,9.096938775510205
aleatorias,203,11.464285714285714
aleatorias,141,7.908163265306123
aleatorias,119,12.32015306122449
aleatorias,157,8.571428571428571
aleatorias,63,3.622448979591837
aleatorias,26,0.7397959183673469
aleatorias,141,13.5
aleatorias,38,1.1466836734693877
aleatorias,156,5.566326530612245
aleatorias,207,12.408163265306124
aleatorias,93,8.95280612244898
aleatorias,22,1.336734693877551
aleatorias,1,0.09566326530612246
aleatorias,219,12.616071428571429
aleatorias,214,9.01530612244898
aleatorias,147,12.51530612244898
aleatorias,145,8.21811224489796
aleatorias,3,0.14668367346938774
aleatorias,2,0.20408163265306123
aleatorias,129,8.860969387755102
aleatorias,126,15.238520408163266
aleatorias,112,17.959183673469386
aleatorias,2,0.2385204081632653
aleatorias,36,3.0956632653061225
aleatorias,232,9.6875
aleatorias,116,5.887755102040816
aleatorias,165,9.061224489795919
aleatorias,51,3.248724489795918
aleatorias,231,10.330357142857142
aleatorias,60,5.3520408163265305
aleatorias,87,11.596938775510205
aleatorias,188,10.775510204081632
aleatorias,61,1.524234693877551
aleatorias,122,7.738520408163266
aleatorias,38,3.5752551020408165
aleatorias,71,7.2653061224489806
aleatorias,132,14.372448979591837
aleatorias,175,9.88265306122449
aleatorias,104,16.142857142857142
aleatorias,174,13.979591836734695
aleatorias,143,10.218112244897958
aleatorias,223,10.45280612244898
aleatorias,183,7.9528061224489806
aleatorias,232,9.6875
aleatorias,18,0.45918367346938777
aleatorias,125,8.605867346938776
aleatorias,22,1.7091836734693877
aleatorias,232,9.6875
aleatorias,65,5.616071428571429
aleatorias,214,15.238520408163266
aleatorias,65,8.193877551020408
aleatorias,212,9.704081632653061
aleatorias,208,9.748724489795919
aleatorias,119,4.32015306122449
aleatorias,171,7.167091836734694
aleatorias,103,4.646683673469388
aleatorias,171,6.6772959183673475
aleatorias,223,10.45280612244898
aleatorias,199,10.28954081632653
aleatorias,74,4.1938775510204085
aleatorias,61,5.003826530612245
aleatorias,59,5.892857142857143
aleatorias,120,7.096938775510204
aleatorias,226,9.35204081632653
aleatorias,202,8.301020408163264
aleatorias,118,19.748724489795915
aleatorias,214,15.238520408163266
aleatorias,28,3.789540816326531
aleatorias,219,14.044642857142858
aleatorias,4,0.24872448979591835
aleatorias,38,1.8609693877551021
aleatorias,49,1.8813775510204083
aleatorias,121,8.963010204081632
aleatorias,208,7.2397959183673475
aleatorias,28,2.1875
aleatorias,158,10.887755102040815
aleatorias,91,10.381377551020408
aleatorias,38,4.003826530612245
aleatorias,41,3.5752551020408165
aleatorias,7,0.3112244897959184
aleatorias,226,9.35204081632653
aleatorias,38,1.5663265306122451
aleatorias,50,3.229591836734694
aleatorias,91,6.544642857142857
aleatorias,120,7.336734693877551
aleatorias,10,0.8214285714285714
aleatorias,8,0.3201530612244898
aleatorias,48,6.1772959183673475
aleatorias,82,3.3877551020408165
aleatorias,213,16.43239795918367
aleatorias,117,6.959183673469388
aleatorias,232,9.6875
aleatorias,13,0.6466836734693878
aleatorias,131,12.003826530612246
aleatorias,224,10.309948979591837
aleatorias,77,4.309948979591836
aleatorias,137,9.551020408163266
aleatorias,69,6.248724489795919
aleatorias,232,9.6875
aleatorias,23,2.5242346938775513
aleatorias,219,14.044642857142858
aleatorias,14,0.7589285714285714
aleatorias,13,0.7895408163265306
aleatorias,180,10.075255102040815
aleatorias,232,9.6875
aleatorias,50,8.173469387755102
aleatorias,102,4.003826530612245
aleatorias,232,9.6875
aleatorias,48,4.673469387755103
aleatorias,171,7.8813775510204085
aleatorias,232,9.6875
aleatorias,60,8.01530612244898
aleatorias,232,9.6875
aleatorias,140,16.38137755102041
aleatorias,180,13.003826530612244
aleatorias,8,0.8877551020408163
aleatorias,232,9.6875
aleatorias,36,2.167091836734694
aleatorias,167,15.82015306122449
aleatorias,6,0.43239795918367346
aleatorias,191,14.82015306122449
aleatorias,226,9.35204081632653
aleatorias,202,8.301020408163264
aleatorias,128,19.901785714285715
aleatorias,83,7.811224489795919
aleatorias,90,4.6772959183673475
aleatorias,86,9.238520408163266
aleatorias,122,8.095663265306124
aleatorias,149,17.88137755102041
aleatorias,12,0.6772959183673468
aleatorias,31,3.8826530612244903
aleatorias,201,11.901785714285714
aleatorias,78,15.02423469387755
aleatorias,30,2.352040816326531
aleatorias,97,22.391581632653065
aleatorias,214,9.01530612244898
aleatorias,27,2.2857142857142856
aleatorias,224,10.309948979591837
aleatorias,32,1.3571428571428572
aleatorias,161,8.677295918367347
aleatorias,153,12.401785714285714
aleatorias,104,13.571428571428571
aleatorias,10,0.5153061224489796
aleatorias,197,16.78061224489796
aleatorias,232,9.6875
aleatorias,15,0.8915816326530612
aleatorias,5,0.21811224489795916
aleatorias,47,5.454081632653062
aleatorias,80,7.775510204081633
aleatorias,135,10.193877551020408
aleatorias,94,3.9323979591836737
aleatorias,17,0.7091836734693878
aleatorias,185,11.025510204081632
aleatorias,80,3.7181122448979593
aleatorias,2,0.3010204081632653
aleatorias,203,15.33673469387755
aleatorias,213,16.43239795918367
aleatorias,195,8.177295918367347
aleatorias,151,7.811224489795919
aleatorias,232,9.6875
aleatorias,82,7.167091836734693
aleatorias,73,17.1734693877551
aleatorias,226,9.35204081632653
aleatorias,7,0.36096938775510207
aleatorias,191,11.280612244897958
aleatorias,231,10.330357142857142
aleatorias,43,6.311224489795919
aleatorias,214,9.01530612244898
aleatorias,92,12.167091836734695
aleatorias,87,4.158163265306123
aleatorias,67,7.646683673469388
aleatorias,132,14.372448979591837
aleatorias,101,2.0306122448979593
aleatorias,232,9.6875
aleatorias,112,10.729591836734695
aleatorias,211,19.586734693877553
aleatorias,120,6.775510204081633
aleatorias,181,7.646683673469388
aleatorias,225,8.177295918367347
aleatorias,91,3.2653061224489797
aleatorias,44,4.6772959183673475
aleatorias,191,10.003826530612244
aleatorias,226,9.35204081632653
aleatorias,174,9.479591836734695
aleatorias,114,8.809948979591836
aleatorias,92,8.423469387755102
aleatorias,81,6.534438775510204
aleatorias,35,3.6772959183673466
aleatorias,150,11.177295918367347
aleatorias,97,9.01530612244898
aleatorias,126,6.095663265306123
aleatorias,113,9.311224489795919
aleatorias,51,5.244897959183674
aleatorias,15,0.489795918367347
aleatorias,159,5.891581632653062
aleatorias,74,7.311224489795919
aleatorias,138,7.646683673469388
aleatorias,145,8.096938775510205
aleatorias,86,9.668367346938776
aleatorias,14,0.8877551020408163
aleatorias,120,18.392857142857142
aleatorias,71,11.309948979591837
aleatorias,194,9.891581632653061
aleatorias,4,0.2385204081632653
aleatorias,125,9.677295918367347
aleatorias,187,11.443877551020408
aleatorias,169,7.137755102040816
aleatorias,172,7.544642857142857
aleatorias,4,0.4642857142857143
aleatorias,147,7.616071428571429
aleatorias,150,6.238520408163266
aleatorias,47,6.954081632653062
aleatorias,28,3.503826530612245
aleatorias,38,2.2091836734693877
aleatorias,232,9.6875
aleatorias,203,15.33673469387755
aleatorias,83,7.811224489795919
aleatorias,132,14.372448979591837
aleatorias,15,0.8303571428571429
aleatorias,73,2.003826530612245
aleatorias,232,9.6875
aleatorias,51,5.086734693877552
aleatorias,115,12.88265306122449
aleatorias,174,6.575255102040816
aleatorias,226,9.35204081632653
aleatorias,7,0.8112244897959184
aleatorias,149,20.116071428571427
aleatorias,56,5.785714285714286
aleatorias,212,9.704081632653061
aleatorias,93,4.280612244897959
aleatorias,121,15.95280612244898
aleatorias,79,13.852040816326532
aleatorias,105,5.357142857142857
aleatorias,47,6.357142857142857
aleatorias,143,14.494897959183673
aleatorias,214,15.238520408163266
aleatorias,132,10.238520408163266
aleatorias,18,1.3724489795918369
aleatorias,74,13.02423469387755
aleatorias,53,1.7895408163265305
aleatorias,128,10.401785714285714
aleatorias,202,8.301020408163264
aleatorias,232,9.6875
aleatorias,232,9.6875
aleatorias,181,12.167091836734695
aleatorias,41,6.2895408163265305
aleatorias,5,0.12244897959183673
aleatorias,165,9.061224489795919
aleatorias,210,11.275510204081632
aleatorias,69,4.301020408163265
aleatorias,219,14.044642857142858
aleatorias,54,4.095663265306123
aleatorias,137,7.309948979591837
aleatorias,115,18.107142857142858
aleatorias,168,32.23979591836734
aleatorias,72,10.330357142857142
aleatorias,213,22.816326530612248
aleatorias,119,6.566326530612245
aleatorias,53,8.244897959183673
aleatorias,41,3.1377551020408165
aleatorias,232,9.6875
aleatorias,56,3.2589285714285716
aleatorias,76,10.6875
aleatorias,226,9.35204081632653
aleatorias,6,0.5969387755102041
aleatorias,136,20.714285714285715
aleatorias,36,2.2142857142857144
aleatorias,153,11.575255102040815
aleatorias,143,4.4438775510204085
aleatorias,23,1.6466836734693877
aleatorias,94,12.95280612244898
aleatorias,26,0.586734693877551
aleatorias,8,0.2755102040816327
aleatorias,41,4.525510204081632
aleatorias,130,16.44387755102041
aleatorias,84,9.979591836734695
aleatorias,100,9.360969387755102
aleatorias,186,8.167091836734695
aleatorias,206,8.107142857142858
aleatorias,58,2.7142857142857144
aleatorias,94,2.9591836734693877
aleatorias,111,9.738520408163266
aleatorias,143,12.60204081632653
aleatorias,212,9.704081632653061
aleatorias,17,0.38775510204081637
aleatorias,195,9.463010204081632
aleatorias,96,4.959183673469388
aleatorias,47,3.5306122448979593
aleatorias,131,8.391581632653061
aleatorias,232,9.6875
aleatorias,156,7.605867346938775
aleatorias,48,6.146683673469388
aleatorias,72,9.595663265306124
aleatorias,232,9.6875
aleatorias,224,10.309948979591837
aleatorias,131,14.95280612244898
aleatorias,39,3.923469387755102
aleatorias,188,15.658163265306124
aleatorias,23,1.4528061224489797
aleatorias,87,7.218112244897959
aleatorias,121,17.095663265306122
aleatorias,7,0.38265306122448983
aleatorias,212,9.704081632653061
aleatorias,102,11.229591836734695
aleatorias,59,3.9081632653061225
aleatorias,208,9.748724489795919
aleatorias,74,2.534438775510204
aleatorias,219,12.616071428571429
aleatorias,69,3.5510204081632653
aleatorias,23,1.596938775510204
aleatorias,180,8.71811224489796
aleatorias,70,3.454081632653061
aleatorias,208,9.748724489795919
aleatorias,232,9.6875
aleatorias,101,2.0306122448979593
aleatorias,102,4.137755102040816
aleatorias,202,8.301020408163264
aleatorias,128,6.7895408163265305
aleatorias,117,7.6875
aleatorias,125,9.677295918367347
aleatorias,30,4.244897959183674
aleatorias,17,0.9591836734693878
aleatorias,232,9.6875
aleatorias,171,10.88265306122449
aleatorias,232,9.6875
aleatorias,79,9.1875
aleatorias,23,1.5714285714285714
aleatorias,79,3.372448979591837
aleatorias,61,4.738520408163265
aleatorias,53,2.5357142857142856
aleatorias,140,4.918367346938775
aleatorias,110,10.244897959183673
aleatorias,116,6.204081632653062
aleatorias,232,9.6875
aleatorias,107,11.473214285714286
aleatorias,68,6.158163265306122
aleatorias,139,6.473214285714286
aleatorias,6,0.09566326530612244
aleatorias,62,7.301020408163266
aleatorias,122,6.218112244897959
aleatorias,147,21.107142857142858
aleatorias,105,8.418367346938776
aleatorias,44,4.248724489795919
aleatorias,232,9.6875
aleatorias,45,4.2397959183673475
aleatorias,232,9.6875
aleatorias,7,0.37244897959183676
aleatorias,167,7.479591836734694
aleatorias,159,5.330357142857143
aleatorias,48,3.8915816326530615
aleatorias,206,8.107142857142858
aleatorias,226,9.35204081632653
aleatorias,61,5.391581632653062
aleatorias,125,7.003826530612245
aleatorias,231,10.330357142857142
aleatorias,232,9.6875
aleatorias,82,8.595663265306124
aleatorias,47,4.6875
aleatorias,64,3.8915816326530615
aleatorias,46,2.693877551020408
aleatorias,184,8.193877551020408
aleatorias,19,0.7487244897959184
aleatorias,232,9.6875
aleatorias,51,7.218112244897959
aleatorias,232,9.6875
aleatorias,118,15.392857142857142
aleatorias,105,14.146683673469388
aleatorias,154,15.78954081632653
aleatorias,174,9.530612244897958
aleatorias,154,21.432397959183675
aleatorias,168,11.105867346938776
aleatorias,24,2.1160714285714284
aleatorias,6,0.5752551020408163
aleatorias,123,7.9897959183673475
aleatorias,69,8.918367346938776
aleatorias,94,6.218112244897959
aleatorias,61,4.860969387755103
aleatorias,219,12.616071428571429
aleatorias,50,3.0242346938775513
aleatorias,229,18.892857142857142
aleatorias,232,9.6875
aleatorias,128,6.667091836734694
aleatorias,163,18.714285714285715
aleatorias,162,9.275510204081632
aleatorias,176,13.479591836734695
aleatorias,5,0.1683673469387755
aleatorias,5,0.30102040816326525
aleatorias,130,16.44387755102041
aleatorias,128,8.677295918367347
aleatorias,211,19.586734693877553
aleatorias,206,7.605867346938775
aleatorias,183,7.9528061224489806
aleatorias,37,5.575255102040816
aleatorias,189,11.316326530612244
aleatorias,6,0.25892857142857145
aleatorias,118,16.309948979591837
aleatorias,42,2.360969387755102
aleatorias,214,9.01530612244898
aleatorias,40,2.881377551020408
aleatorias,109,9.891581632653061
aleatorias,102,7.309948979591836
aleatorias,160,7.25
aleatorias,11,0.9323979591836735
aleatorias,82,9.887755102040815
aleatorias,5,0.30994897959183676
aleatorias,52,3.1160714285714284
aleatorias,20,1.3201530612244898
aleatorias,194,9.891581632653061
aleatorias,29,0.7589285714285714
aleatorias,71,5.459183673469388
aleatorias,81,8.642857142857142
aleatorias,16,0.9948979591836735
aleatorias,95,6.372448979591837
aleatorias,91,9.525510204081632
aleatorias,93,19.28061224489796
aleatorias,42,3.5752551020408165
aleatorias,232,9.6875
aleatorias,4,0.21811224489795916
aleatorias,198,11.146683673469386
aleatorias,193,7.146683673469388
aleatorias,76,14.775510204081632
aleatorias,11,0.1875
aleatorias,179,11.309948979591837
aleatorias,205,14.575255102040815
aleatorias,211,19.586734693877553
aleatorias,76,6.748724489795919
aleatorias,29,2.9323979591836737
aleatorias,136,11.146683673469388
aleatorias,52,6.034438775510204
aleatorias,191,14.82015306122449
aleatorias,108,6.464285714285714
aleatorias,44,1.8813775510204083
aleatorias,178,5.13265306122449
aleatorias,193,6.193877551020408
aleatorias,58,7.765306122448979
aleatorias,151,3.9630102040816326
aleatorias,95,9.146683673469386
aleatorias,27,1.5446428571428572
aleatorias,69,5.748724489795919
aleatorias,203,11.709183673469386
aleatorias,138,14.494897959183673
aleatorias,100,6.6020408163265305
aleatorias,9,0.4540816326530613
aleatorias,232,9.6875
aleatorias,66,2.5306122448979593
aleatorias,208,9.748724489795919
aleatorias,232,9.6875
aleatorias,180,8.71811224489796
aleatorias,41,2.9732142857142856
aleatorias,86,11.83673469387755
aleatorias,163,12.418367346938776
aleatorias,167,4.32015306122449
aleatorias,36,2.7181122448979593
aleatorias,105,11.003826530612246
aleatorias,232,9.6875
aleatorias,212,9.704081632653061
aleatorias,232,9.6875
aleatorias,179,13.13265306122449
aleatorias,125,8.748724489795919
aleatorias,9,0.36096938775510207
aleatorias,77,6.167091836734694
aleatorias,105,12.95280612244898
aleatorias,49,6.071428571428571
aleatorias,56,8.28954081632653
aleatorias,219,12.616071428571429
aleatorias,232,9.6875
aleatorias,81,6.463010204081633
aleatorias,114,7.381377551020408
aleatorias,17,1.6875
aleatorias,129,19.887755102040817
aleatorias,224,15.137755102040815
aleatorias,23,0.7040816326530612
aleatorias,232,9.6875
aleatorias,128,5.551020408163266
aleatorias,141,13.423469387755102
aleatorias,103,8.95280612244898
aleatorias,191,14.82015306122449
aleatorias,68,3.357142857142857
aleatorias,1,0.2181122448979592
aleatorias,114,18.03061224489796
aleatorias,153,5.6772959183673475
aleatorias,97,4.605867346938775
aleatorias,102,12.561224489795919
aleatorias,53,5.595663265306122
aleatorias,108,4.316326530612245
aleatorias,94,12.714285714285714
aleatorias,125,6.595663265306123
aleatorias,226,9.35204081632653
aleatorias,178,8.061224489795919
aleatorias,89,4.301020408163265
aleatorias,232,9.6875
aleatorias,193,10.45280612244898
aleatorias,28,2.9795918367346936
aleatorias,206,11.360969387755103
aleatorias,232,9.6875
aleatorias,206,11.360969387755103
aleatorias,232,9.6875
aleatorias,16,1.1670918367346939
aleatorias,102,4.667091836734693
aleatorias,175,9.748724489795919
aleatorias,149,5.238520408163266
aleatorias,31,0.8877551020408163
aleatorias,185,8.239795918367347
aleatorias,146,3.6772959183673466
aleatorias,154,11.622448979591837
aleatorias,122,9.238520408163266
aleatorias,82,1.7487244897959184
aleatorias,29,1.6377551020408163
aleatorias,232,9.6875
aleatorias,160,21.105867346938773
aleatorias,70,7.418367346938775
aleatorias,112,17.959183673469386
aleatorias,55,1.846938775510204
aleatorias,137,7.309948979591837
aleatorias,206,8.107142857142858
aleatorias,226,9.35204081632653
aleatorias,166,37.20918367346939
aleatorias,62,5.9897959183673475
aleatorias,232,9.6875
aleatorias,151,12.372448979591837
aleatorias,122,5.758928571428571
aleatorias,198,11.146683673469386
aleatorias,138,14.494897959183673
aleatorias,164,8.83673469387755
aleatorias,12,0.38775510204081637
aleatorias,2,0.2385204081632653
aleatorias,149,9.677295918367347
aleatorias,226,9.35204081632653
aleatorias,109,13.146683673469386
aleatorias,204,15.428571428571429
aleatorias,13,0.8826530612244898
aleatorias,77,6.003826530612245
aleatorias,189,11.801020408163266
aleatorias,157,21.51530612244898
aleatorias,139,7.357142857142857
aleatorias,151,22.88137755102041
aleatorias,135,13.034438775510205
aleatorias,125,17.45408163265306
aleatorias,125,3.7142857142857144
aleatorias,69,8.391581632653061
aleatorias,173,13.177295918367347
aleatorias,232,9.6875
aleatorias,163,10.173469387755102
aleatorias,171,12.923469387755102
aleatorias,226,9.35204081632653
aleatorias,99,14.285714285714286
aleatorias,225,8.177295918367347
aleatorias,212,9.704081632653061
aleatorias,24,1.4017857142857142
aleatorias,14,0.4630102040816326
aleatorias,179,12.146683673469386
aleatorias,232,9.6875
aleatorias,192,14.739795918367347
aleatorias,232,9.6875
aleatorias,49,5.32015306122449
aleatorias,203,15.33673469387755
aleatorias,193,13.391581632653061
aleatorias,74,4.932397959183674
aleatorias,159,11.034438775510205
aleatorias,10,0.43239795918367346
aleatorias,107,2.5357142857142856
aleatorias,96,9.239795918367347
aleatorias,196,11.575255102040817
aleatorias,100,7.309948979591837
aleatorias,116,16.401785714285715
aleatorias,166,12.45280612244898
aleatorias,80,14.061224489795919
aleatorias,23,1.5255102040816326
aleatorias,123,2.881377551020408
aleatorias,181,8.309948979591837
aleatorias,69,9.003826530612246
aleatorias,148,10.443877551020408
aleatorias,48,10.463010204081632
aleatorias,81,5.4528061224489806
aleatorias,166,14.095663265306124
aleatorias,67,6.646683673469388
aleatorias,63,5.238520408163265
aleatorias,232,9.6875
aleatorias,15,1.0752551020408163
aleatorias,110,3.7181122448979593
aleatorias,232,9.6875
aleatorias,92,8.677295918367347
aleatorias,25,1.7385204081632655
aleatorias,42,3.372448979591837
aleatorias,68,5.025510204081633
aleatorias,157,10.891581632653061
aleatorias,127,19.408163265306122
aleatorias,86,13.003826530612244
aleatorias,180,9.346938775510205
aleatorias,88,12.809948979591837
aleatorias,77,10.209183673469388
aleatorias,224,10.309948979591837
aleatorias,85,7.891581632653062
aleatorias,232,9.6875
aleatorias,214,15.238520408163266
aleatorias,226,9.35204081632653
aleatorias,80,11.575255102040817
aleatorias,226,9.35204081632653
aleatorias,205,14.575255102040815
aleatorias,44,3.352040816326531
aleatorias,187,13.177295918367347
aleatorias,125,3.7142857142857144
aleatorias,25,2.9323979591836737
aleatorias,119,7.218112244897959
aleatorias,132,8.525510204081632
aleatorias,226,9.35204081632653
aleatorias,104,8.622448979591837
aleatorias,63,5.6772959183673475
aleatorias,61,4.45280612244898
aleatorias,25,1.836734693877551
aleatorias,6,0.5956632653061223
aleatorias,146,9.289540816326532
aleatorias,232,9.6875
aleatorias,46,2.544642857142857
aleatorias,115,4.891581632653062
aleatorias,116,20.809948979591837
aleatorias,48,4.637755102040816
aleatorias,147,8.979591836734693
aleatorias,172,12.381377551020408
aleatorias,143,9.479591836734695
aleatorias,232,9.6875
aleatorias,25,1.7040816326530612
aleatorias,195,8.177295918367347
aleatorias,114,18.88137755102041
aleatorias,211,16.28061224489796
aleatorias,64,10.301020408163266
aleatorias,171,10.88265306122449
aleatorias,25,2.0242346938775513
aleatorias,62,7.954081632653062
aleatorias,160,11.0
aleatorias,87,6.667091836734693
aleatorias,160,6.095663265306123
aleatorias,229,18.892857142857142
aleatorias,140,16.38137755102041
aleatorias,152,3.891581632653061
aleatorias,182,6.963010204081633
aleatorias,161,9.321428571428571
aleatorias,214,12.418367346938776
aleatorias,22,1.3520408163265305
aleatorias,64,10.575255102040817
aleatorias,80,8.51530612244898
aleatorias,29,2.1058673469387754
aleatorias,111,3.1466836734693877
aleatorias,3,0.14668367346938774
aleatorias,79,8.646683673469386
aleatorias,211,16.28061224489796
aleatorias,130,17.836734693877553
aleatorias,186,4.667091836734694
aleatorias,110,5.575255102040816
aleatorias,214,15.238520408163266
aleatorias,166,11.239795918367347
aleatorias,232,9.6875
aleatorias,167,13.432397959183673
aleatorias,206,11.360969387755103
aleatorias,179,12.667091836734695
aleatorias,57,11.229591836734695
aleatorias,4,0.3915816326530612
aleatorias,232,9.6875
aleatorias,81,4.872448979591836
aleatorias,178,9.789540816326532
aleatorias,120,10.923469387755103
aleatorias,67,6.994897959183674
aleatorias,232,9.6875
aleatorias,15,0.7385204081632653
aleatorias,135,10.718112244897961
aleatorias,231,10.330357142857142
aleatorias,168,11.658163265306124
aleatorias,214,9.01530612244898
aleatorias,232,9.6875
aleatorias,144,7.709183673469388
aleatorias,49,6.229591836734693
aleatorias,14,0.6683673469387755
aleatorias,96,8.503826530612246
aleatorias,83,4.177295918367347
aleatorias,175,13.943877551020408
aleatorias,183,7.408163265306122
aleatorias,194,11.860969387755103
aleatorias,35,4.095663265306123
aleatorias,184,10.780612244897958
aleatorias,37,1.7806122448979593
aleatorias,50,7.357142857142857
aleatorias,58,7.1875
aleatorias,150,7.963010204081633
aleatorias,64,2.5612244897959187
aleatorias,140,7.061224489795919
aleatorias,41,4.881377551020408
aleatorias,77,4.316326530612245
aleatorias,131,7.034438775510204
aleatorias,63,5.218112244897959
aleatorias,57,2.1377551020408165
aleatorias,203,11.709183673469386
aleatorias,23,3.105867346938776
aleatorias,214,15.238520408163266
aleatorias,11,0.25892857142857145
aleatorias,72,12.107142857142858
aleatorias,134,7.025510204081633
aleatorias,185,16.69387755102041
aleatorias,212,9.704081632653061
aleatorias,66,5.248724489795919
aleatorias,32,2.1683673469387754
aleatorias,232,9.6875
aleatorias,232,9.6875
aleatorias,175,5.167091836734694
aleatorias,208,7.2397959183673475
aleatorias,17,0.8813775510204083
aleatorias,12,0.4642857142857143
aleatorias,190,11.275510204081632
aleatorias,146,3.6772959183673466
aleatorias,232,9.6875
aleatorias,30,2.0153061224489797
aleatorias,166,11.26530612244898
aleatorias,232,9.6875
aleatorias,20,1.1326530612244896
aleatorias,7,0.43239795918367346
aleatorias,34,2.0510204081632653
aleatorias,178,14.33673469387755
aleatorias,40,1.75
aleatorias,118,7.887755102040816
aleatorias,214,12.418367346938776
aleatorias,66,5.704081632653062
aleatorias,44,3.9017857142857144
aleatorias,56,5.309948979591836
aleatorias,84,11.280612244897961
aleatorias,226,9.35204081632653
aleatorias,112,12.932397959183673
aleatorias,181,25.464285714285715
aleatorias,120,6.061224489795919
aleatorias,115,8.6875
aleatorias,34,3.1377551020408165
aleatorias,18,0.8877551020408163
aleatorias,189,11.387755102040815
aleatorias,47,4.535714285714286
aleatorias,232,9.6875
aleatorias,4,0.21811224489795916
aleatorias,184,10.51530612244898
aleatorias,163,10.173469387755102
aleatorias,112,7.391581632653062
aleatorias,36,2.0344387755102042
aleatorias,121,10.025510204081632
aleatorias,70,8.02423469387755
aleatorias,175,13.881377551020408
aleatorias,35,4.595663265306122
aleatorias,98,17.70408163265306
aleatorias,48,3.0242346938775513
aleatorias,170,10.33673469387755
aleatorias,145,5.1772959183673475
aleatorias,6,0.4642857142857143
aleatorias,232,9.6875
aleatorias,110,6.391581632653062
aleatorias,17,0.6670918367346939
aleatorias,13,1.0446428571428572
aleatorias,232,9.6875
aleatorias,23,1.8214285714285714
aleatorias,180,12.595663265306124
aleatorias,197,10.860969387755102
aleatorias,125,11.095663265306124
aleatorias,146,9.289540816326532
aleatorias,101,10.473214285714286
aleatorias,125,5.908163265306123
aleatorias,138,12.63265306122449
aleatorias,84,13.158163265306124
aleatorias,232,9.6875
aleatorias,159,9.738520408163266
aleatorias,66,6.7397959183673475
aleatorias,232,9.6875
aleatorias,25,1.8163265306122451
aleatorias,2,0.2181122448979592
aleatorias,66,8.146683673469388
aleatorias,163,18.714285714285715
aleatorias,48,6.4897959183673475
aleatorias,167,7.285714285714286
aleatorias,22,1.177295918367347
aleatorias,170,7.963010204081633
aleatorias,6,0.3163265306122449
aleatorias,88,11.32015306122449
aleatorias,115,4.280612244897959
aleatorias,103,11.391581632653061
aleatorias,127,13.158163265306124
aleatorias,117,4.105867346938775
aleatorias,155,27.596938775510207
aleatorias,68,6.030612244897959
aleatorias,135,5.801020408163266
aleatorias,5,0.5038265306122449
aleatorias,158,10.075255102040817
aleatorias,25,2.7487244897959187
aleatorias,208,7.2397959183673475
aleatorias,214,9.01530612244898
aleatorias,73,3.4017857142857144
aleatorias,113,15.1875
aleatorias,175,7.167091836734694
aleatorias,117,6.959183673469388
aleatorias,211,19.586734693877553
aleatorias,202,8.301020408163264
aleatorias,49,3.9897959183673466
aleatorias,232,9.6875
aleatorias,90,12.75
aleatorias,186,4.667091836734694
aleatorias,105,14.1875
aleatorias,28,1.5956632653061225
aleatorias,108,11.360969387755102
aleatorias,38,2.891581632653061
aleatorias,184,8.994897959183673
aleatorias,49,5.1875
aleatorias,17,1.1020408163265307
aleatorias,152,9.76530612244898
aleatorias,131,8.391581632653061
aleatorias,136,9.381377551020408
aleatorias,159,6.035714285714286
aleatorias,6,0.7397959183673469
aleatorias,219,14.044642857142858
aleatorias,48,5.2895408163265305
aleatorias,67,10.637755102040817
aleatorias,3,0.1875
aleatorias,232,9.6875
aleatorias,210,11.275510204081632
aleatorias,133,11.168367346938776
aleatorias,49,3.5956632653061225
aleatorias,155,20.432397959183675
aleatorias,198,11.146683673469386
aleatorias,38,1.4285714285714286
aleatorias,42,3.5956632653061225
aleatorias,211,16.28061224489796
aleatorias,106,8.78954081632653
aleatorias,37,1.6058673469387756
aleatorias,48,2.667091836734694
aleatorias,140,18.836734693877553
aleatorias,225,8.177295918367347
aleatorias,219,12.616071428571429
aleatorias,165,6.173469387755103
aleatorias,77,9.76530612244898
aleatorias,219,14.044642857142858
aleatorias,121,6.330357142857143
aleatorias,229,18.892857142857142
aleatorias,105,12.381377551020408
aleatorias,214,15.238520408163266
aleatorias,5,0.38137755102040816
aleatorias,151,12.738520408163266
aleatorias,35,5.534438775510204
aleatorias,107,8.238520408163266
aleatorias,135,6.32015306122449
aleatorias,39,2.6581632653061225
aleatorias,148,7.932397959183674
aleatorias,60,10.381377551020408
aleatorias,178,9.595663265306124
aleatorias,159,13.301020408163266
aleatorias,213,18.21811224489796
aleatorias,232,9.6875
aleatorias,47,4.311224489795918
aleatorias,175,9.678571428571429
aleatorias,95,4.575255102040816
aleatorias,48,10.463010204081632
aleatorias,107,5.309948979591837
aleatorias,163,9.6875
aleatorias,69,3.9183673469387754
aleatorias,179,13.13265306122449
aleatorias,153,6.122448979591837
aleatorias,76,8.71811224489796
aleatorias,93,6.3520408163265305
aleatorias,2,0.09566326530612244
aleatorias,146,8.52423469387755
aleatorias,26,2.066326530612245
aleatorias,127,8.830357142857142
aleatorias,201,7.4897959183673475
aleatorias,123,6.872448979591836
aleatorias,232,9.6875
aleatorias,168,8.881377551020408
aleatorias,136,6.860969387755103
aleatorias,198,11.146683673469386
aleatorias,94,9.646683673469388
aleatorias,100,11.301020408163266
aleatorias,41,4.044642857142857
aleatorias,109,17.086734693877553
aleatorias,91,9.718112244897958
aleatorias,166,14.218112244897958
aleatorias,50,11.830357142857142
aleatorias,28,2.248724489795918
aleatorias,15,1.024234693877551
aleatorias,58,5.575255102040816
aleatorias,141,11.095663265306124
aleatorias,4,0.09566326530612246
aleatorias,122,7.459183673469388
aleatorias,142,6.673469387755103
aleatorias,231,10.330357142857142
aleatorias,8,0.5153061224489796
aleatorias,168,9.489795918367347
aleatorias,38,1.5
aleatorias,68,3.391581632653061
aleatorias,55,3.7091836734693877
aleatorias,63,5.515306122448979
aleatorias,219,12.616071428571429
aleatorias,107,3.667091836734694
aleatorias,83,4.075255102040816
aleatorias,124,6.116071428571429
aleatorias,70,6.178571428571429
aleatorias,130,16.44387755102041
aleatorias,169,5.775510204081633
aleatorias,190,8.78061224489796
aleatorias,211,16.28061224489796
aleatorias,182,10.239795918367347
aleatorias,232,9.6875
aleatorias,224,15.137755102040815
aleatorias,154,7.891581632653062
aleatorias,232,9.6875
aleatorias,140,9.096938775510205
aleatorias,72,14.714285714285714
aleatorias,232,9.6875
aleatorias,106,10.932397959183673
aleatorias,232,9.6875
aleatorias,19,2.107142857142857
aleatorias,225,8.177295918367347
aleatorias,185,11.575255102040817
aleatorias,52,3.2755102040816326
aleatorias,38,2.489795918367347
aleatorias,205,14.575255102040815
aleatorias,4,0.30994897959183676
aleatorias,141,10.13265306122449
aleatorias,199,11.709183673469386
aleatorias,135,11.830357142857142
aleatorias,219,14.044642857142858
aleatorias,113,4.575255102040816
aleatorias,143,11.32015306122449
aleatorias,179,11.309948979591837
aleatorias,68,9.758928571428571
aleatorias,96,5.280612244897959
aleatorias,229,18.892857142857142
aleatorias,93,15.02423469387755
aleatorias,34,2.7181122448979593
aleatorias,81,10.693877551020408
aleatorias,78,4.137755102040816
aleatorias,177,9.105867346938776
aleatorias,232,9.6875
aleatorias,110,5.646683673469388
aleatorias,53,6.765306122448979
aleatorias,52,2.5306122448979593
aleatorias,26,0.8112244897959184
aleatorias,106,6.360969387755103
aleatorias,58,2.5510204081632653
aleatorias,214,15.238520408163266
aleatorias,200,12.744897959183675
aleatorias,187,9.428571428571429
aleatorias,99,17.387755102040817
aleatorias,23,0.8520408163265306
aleatorias,108,4.258928571428571
aleatorias,190,9.959183673469386
aleatorias,208,7.2397959183673475
aleatorias,133,9.52423469387755
aleatorias,38,2.891581632653061
aleatorias,68,6.214285714285714
aleatorias,121,4.218112244897959
aleatorias,67,6.503826530612245
aleatorias,65,5.616071428571429
aleatorias,88,9.193877551020408
aleatorias,148,6.2653061224489806
aleatorias,123,7.244897959183674
aleatorias,125,12.88265306122449
aleatorias,12,0.534438775510204
aleatorias,180,8.463010204081632
aleatorias,148,6.2653061224489806
aleatorias,102,10.954081632653061
aleatorias,115,12.88265306122449
aleatorias,30,4.158163265306123
aleatorias,121,7.8813775510204085
aleatorias,103,13.432397959183673
aleatorias,126,5.748724489795919
aleatorias,190,9.959183673469386
aleatorias,135,7.605867346938775
aleatorias,124,9.459183673469386
aleatorias,132,13.605867346938776
aleatorias,32,1.989795918367347
aleatorias,232,9.6875
aleatorias,85,11.034438775510205
