tipo,x,y
simuladas,32,0.8888888888888885
simuladas,48,0.46523809523809534
simuladas,190,0.7169106104968388
simuladas,125,0.7575428284334933
simuladas,120,0.7608379924169381
simuladas,88,0.3240476190476183
simuladas,101,0.6509619667514405
simuladas,62,0.3226507936507938
simuladas,168,0.708030231095246
simuladas,113,0.3260008725125001
simuladas,115,0.20815032920296087
simuladas,4,0.8333333333333334
simuladas,247,0.6369555870548974
simuladas,144,0.7611416369737208
simuladas,214,0.34557407117647826
simuladas,25,0.6363636363636366
simuladas,32,0.6190476190476192
simuladas,235,0.36482534840253217
simuladas,48,0.896549707602339
simuladas,124,0.20002536102160132
simuladas,12,0.1388888888888889
simuladas,126,0.27780608012492086
simuladas,143,0.7057947083413966
simuladas,103,0.7370332760704296
simuladas,3,0.8
simuladas,6,0.4444444444444444
simuladas,98,0.3190664845173045
simuladas,67,0.7903846153846154
simuladas,190,0.6713300384942262
simuladas,203,0.1778660063007261
simuladas,141,0.3183058302921318
simuladas,119,0.37819473807845927
simuladas,157,0.3980422071596823
simuladas,63,0.23952615528970234
simuladas,26,0.25476190476190474
simuladas,141,0.18208827449898757
simuladas,38,0.617687074829932
simuladas,156,0.6947000187634848
simuladas,207,0.35841727787016475
simuladas,93,0.18619416758951618
simuladas,22,0.10366300366300368
simuladas,1,0.0
simuladas,220,0.7488890854587459
simuladas,217,0.7384129831920042
simuladas,147,0.6834654203075269
simuladas,145,0.7572052245210973
simuladas,3,0.6666666666666666
simuladas,2,0.0
simuladas,129,0.25132936507936454
simuladas,126,0.6413539958493513
simuladas,112,0.7221737498827274
simuladas,2,0.0
simuladas,36,0.21305555555555553
simuladas,239,0.33379109850094557
simuladas,116,0.8305396825396815
simuladas,165,0.6778959630743944
simuladas,51,0.1509578544061303
simuladas,231,0.7090455515908474
simuladas,60,0.22352941176470573
simuladas,87,0.4915658602150532
simuladas,188,0.14272022184206798
simuladas,61,0.2606701940035275
simuladas,122,0.33779058313632826
simuladas,38,0.40325670498084243
simuladas,71,0.3174331840998509
simuladas,132,0.3926229462545249
simuladas,175,0.16089324618736184
simuladas,104,0.7618415862418139
simuladas,174,0.7234451103878335
simuladas,143,0.527559464586903
simuladas,223,0.5896702541739239
simuladas,183,0.7511110553911835
simuladas,248,0.6376209211625798
simuladas,18,0.13005050505050506
simuladas,125,0.22836559918527038
simuladas,22,0.38100470957613813
simuladas,241,0.7204759537706664
simuladas,65,0.12142857142857136
simuladas,217,0.6914868034678908
simuladas,65,0.7788322788322785
simuladas,212,0.615041828559086
simuladas,209,0.42510152012794505
simuladas,119,0.7395914459350991
simuladas,171,0.13422020091867543
simuladas,103,0.7807023314376254
simuladas,171,0.7215536271427888
simuladas,223,0.6168385048433708
simuladas,199,0.7482513583481067
simuladas,74,0.7311779123414072
simuladas,61,0.8558802308802309
simuladas,59,0.2441367456073341
simuladas,120,0.7677981696665903
simuladas,226,0.7547380112475881
simuladas,202,0.4914915109364588
simuladas,118,0.2786219336219334
simuladas,217,0.5565853812698108
simuladas,28,0.15410628019323677
simuladas,219,0.687427942759619
simuladas,4,0.0
simuladas,38,0.16436100131752307
simuladas,49,0.4648148148148149
simuladas,121,0.6591232930196782
simuladas,208,0.732320017724237
simuladas,28,0.16001400560224094
simuladas,158,0.7211755912046169
simuladas,91,0.5140879314688849
simuladas,38,0.5153086419753086
simuladas,41,0.154541446208113
simuladas,7,0.4166666666666666
simuladas,226,0.43106893638146787
simuladas,38,0.6175324675324674
simuladas,50,0.831225285435812
simuladas,91,0.20321428571428554
simuladas,120,0.6258760126706479
simuladas,10,0.00909090909090909
simuladas,8,0.875
simuladas,48,0.8420288193250008
simuladas,82,0.7724112240416586
simuladas,213,0.719403491084338
simuladas,117,0.7833749367177045
simuladas,245,0.6641992210847086
simuladas,13,0.5714285714285713
simuladas,131,0.48909892518382997
simuladas,224,0.6861460133540077
simuladas,77,0.7855247092089197
simuladas,137,0.12491373360938526
simuladas,69,0.8280412569886252
simuladas,247,0.7016022626628109
simuladas,23,0.4791666666666667
simuladas,220,0.7396102031315792
simuladas,14,0.07051282051282051
simuladas,13,0.9047619047619048
simuladas,180,0.662336862760594
simuladas,237,0.6417947879317004
simuladas,50,0.8471734892787524
simuladas,102,0.8277880849309408
simuladas,234,0.5465330819278169
simuladas,48,0.7936507936507929
simuladas,171,0.1894847128483921
simuladas,242,0.25167030768609694
simuladas,60,0.8814814814814799
simuladas,242,0.66684020019491
simuladas,140,0.21993792874061685
simuladas,180,0.16868822489123533
simuladas,8,0.2388888888888889
simuladas,248,0.4009176804075368
simuladas,36,0.9183673469387756
simuladas,167,0.7480931925242672
simuladas,6,0.0
simuladas,191,0.7178036994511023
simuladas,226,0.2267121152527306
simuladas,202,0.7365856826551389
simuladas,128,0.5779892771370041
simuladas,83,0.8092776733999356
simuladas,90,0.16457264957264978
simuladas,86,0.8016263175230567
simuladas,122,0.16368839639279825
simuladas,149,0.7286604089160713
simuladas,12,0.28571428571428575
simuladas,31,0.8739495798319331
simuladas,201,0.7665253856952836
simuladas,78,0.19401120448179274
simuladas,30,0.49482051282051287
simuladas,97,0.7881421504528585
simuladas,217,0.7077489884842791
simuladas,27,0.6449675324675324
simuladas,224,0.42300396982587085
simuladas,32,0.14153846153846164
simuladas,161,0.6478457952578313
simuladas,153,0.29552462717076244
simuladas,104,0.4592082489023989
simuladas,10,0.21212121212121213
simuladas,197,0.590489806130767
simuladas,250,0.5109449985122227
simuladas,15,0.2761904761904762
simuladas,5,0.0
simuladas,47,0.7288830332308595
simuladas,80,0.3853299478299478
simuladas,135,0.32849805068226084
simuladas,94,0.8071038707880801
simuladas,17,0.9166666666666666
simuladas,185,0.19655475865559793
simuladas,80,0.3034037797195684
simuladas,2,0.3333333333333333
simuladas,203,0.7391390698806399
simuladas,213,0.2967546431010004
simuladas,195,0.19975664771582888
simuladas,151,0.13324982865149684
simuladas,237,0.3004473464685878
simuladas,82,0.2653076956962246
simuladas,73,0.3077370342076221
simuladas,228,0.6550088413508521
simuladas,7,0.6666666666666666
simuladas,191,0.16006114532900093
simuladas,231,0.5078335261576176
simuladas,43,0.19841025641025672
simuladas,214,0.5471482393876113
simuladas,92,0.15659442409442412
simuladas,87,0.4915658602150532
simuladas,67,0.7903846153846154
simuladas,132,0.7136787426337006
simuladas,101,0.7418801989888798
simuladas,248,0.4040458979429147
simuladas,112,0.7558287429804456
simuladas,211,0.693492639351802
simuladas,120,0.7576049055639165
simuladas,181,0.2242534750762586
simuladas,225,0.6456895241074112
simuladas,91,0.799292400315418
simuladas,44,0.1757936507936508
simuladas,191,0.3201775549865212
simuladas,226,0.2267121152527306
simuladas,174,0.1858271466881987
simuladas,114,0.717449051922735
simuladas,92,0.7534375545455877
simuladas,81,0.7580429292929292
simuladas,35,0.2120098039215687
simuladas,150,0.7524591849242206
simuladas,97,0.7159344278909493
simuladas,126,0.6486380554928944
simuladas,113,0.7733461695000152
simuladas,51,0.16460317460317464
simuladas,15,0.25555555555555554
simuladas,159,0.1684593184593188
simuladas,74,0.5251116234811886
simuladas,138,0.6617656651300542
simuladas,145,0.7677728099512966
simuladas,86,0.7984332948865818
simuladas,14,0.2370370370370371
simuladas,120,0.7661476768845185
simuladas,71,0.20201149425287376
simuladas,194,0.1965526711257037
simuladas,4,0.8
simuladas,125,0.7604826546002995
simuladas,187,0.1809134735787617
simuladas,169,0.6826316827264861
simuladas,172,0.20149361555360426
simuladas,4,0.0
simuladas,147,0.24233629830644818
simuladas,150,0.13874004302575765
simuladas,47,0.24636591478696732
simuladas,28,0.10476190476190471
simuladas,38,0.40325670498084243
simuladas,232,0.6481610485029203
simuladas,203,0.5603440813697259
simuladas,83,0.8346921224630194
simuladas,132,0.3926229462545249
simuladas,15,0.048484848484848485
simuladas,73,0.7102949681897045
simuladas,241,0.6547660072801048
simuladas,51,0.49695910973084884
simuladas,115,0.20815032920296087
simuladas,174,0.16818962892357375
simuladas,227,0.7351616555425392
simuladas,7,0.875
simuladas,149,0.3224019268028225
simuladas,56,0.8253915090757196
simuladas,212,0.7246781727421324
simuladas,93,0.7889705882352939
simuladas,121,0.740702434820081
simuladas,79,0.7438998682476942
simuladas,105,0.806444966170367
simuladas,47,0.24636591478696732
simuladas,143,0.7103106537068811
simuladas,217,0.7077489884842791
simuladas,132,0.683554806855661
simuladas,18,0.3232323232323232
simuladas,74,0.7311779123414072
simuladas,53,0.8317647058823531
simuladas,128,0.3586055221275348
simuladas,202,0.3142747629354727
simuladas,236,0.5686991998741291
simuladas,233,0.7158152564723018
simuladas,181,0.16069353527574445
simuladas,41,0.7979591836734693
simuladas,5,0.7222222222222222
simuladas,165,0.6599225672286904
simuladas,210,0.458435916960686
simuladas,69,0.4628531412565025
simuladas,221,0.47912843617672074
simuladas,54,0.8602870813397129
simuladas,137,0.6294684432982302
simuladas,115,0.20815032920296087
simuladas,168,0.328038372278004
simuladas,72,0.7951653643913704
simuladas,213,0.44902708667466873
simuladas,119,0.7452889314519986
simuladas,53,0.6621156621156619
simuladas,41,0.5670712729536258
simuladas,246,0.7290256736787736
simuladas,56,0.09833333333333329
simuladas,76,0.8273155416012553
simuladas,228,0.7056870558563672
simuladas,6,0.5833333333333334
simuladas,136,0.17908181997277756
simuladas,36,0.9019298245614035
simuladas,153,0.7427154242486038
simuladas,143,0.7376166571646446
simuladas,23,0.5755102040816328
simuladas,94,0.781176830323919
simuladas,26,0.15476190476190477
simuladas,8,0.9375
simuladas,41,0.7899338624338624
simuladas,130,0.4320696376957712
simuladas,84,0.47302658355289945
simuladas,100,0.4795462128795466
simuladas,186,0.6468599840935105
simuladas,206,0.33597746774291176
simuladas,58,0.16173541963015636
simuladas,94,0.29405076679005626
simuladas,111,0.5376958689458692
simuladas,143,0.7103106537068811
simuladas,212,0.719411067438734
simuladas,17,0.5238095238095238
simuladas,195,0.3121066641337587
simuladas,96,0.7186937012567263
simuladas,47,0.24910714285714297
simuladas,131,0.26919534480458884
simuladas,238,0.6590647239361108
simuladas,156,0.7110276276724242
simuladas,48,0.4883286647992531
simuladas,72,0.21225649350649378
simuladas,234,0.5139797476172978
simuladas,224,0.5336835269799646
simuladas,131,0.1894041113713242
simuladas,39,0.7455621301775147
simuladas,188,0.19001182122413188
simuladas,23,0.4791666666666667
simuladas,87,0.7398665782102317
simuladas,121,0.44695843101158733
simuladas,7,0.8125
simuladas,212,0.7765407196636872
simuladas,102,0.7498479694908264
simuladas,59,0.47891156462585055
simuladas,208,0.374234250321801
simuladas,74,0.2927913427275676
simuladas,221,0.26739032604408036
simuladas,69,0.8280412569886252
simuladas,23,0.20854700854700853
simuladas,180,0.16671071170306764
simuladas,70,0.23833247994538315
simuladas,209,0.6992077180582428
simuladas,233,0.6125655970069204
simuladas,101,0.6509619667514405
simuladas,102,0.7760756615245777
simuladas,202,0.1892504416178594
simuladas,128,0.7658892919102208
simuladas,117,0.36991873312738394
simuladas,125,0.7575428284334933
simuladas,30,0.4506153846153846
simuladas,17,0.9166666666666666
simuladas,234,0.5465330819278169
simuladas,171,0.6674055966625629
simuladas,249,0.694358683216157
simuladas,79,0.7438998682476942
simuladas,23,0.17373737373737375
simuladas,79,0.28813588024114306
simuladas,61,0.1667107583774252
simuladas,53,0.46304347826086983
simuladas,140,0.21599453340658806
simuladas,110,0.7765225436330063
simuladas,116,0.7485377525700121
simuladas,249,0.453408349314435
simuladas,107,0.10968460111317241
simuladas,68,0.0715780998389694
simuladas,139,0.5796604910241283
simuladas,6,0.4444444444444444
simuladas,62,0.17900042900042865
simuladas,122,0.16368839639279825
simuladas,147,0.706363374872991
simuladas,105,0.21512885154061553
simuladas,44,0.7497049247049248
simuladas,248,0.564588331713497
simuladas,45,0.4024468864468867
simuladas,235,0.6901117670659839
simuladas,7,0.06666666666666667
simuladas,167,0.1411296296296287
simuladas,159,0.23323827601740696
simuladas,48,0.8420288193250008
simuladas,206,0.7112318755327317
simuladas,228,0.19953050049124496
simuladas,61,0.8558802308802309
simuladas,125,0.6827380026084492
simuladas,231,0.6556934016825208
simuladas,232,0.7233391874086759
simuladas,82,0.8256105951152385
simuladas,47,0.18882936507936518
simuladas,64,0.33948284690220193
simuladas,46,0.7671957671957674
simuladas,184,0.6706332218039551
simuladas,19,0.28484848484848485
simuladas,246,0.6466491740178865
simuladas,51,0.2467168633835301
simuladas,246,0.5936136787744871
simuladas,118,0.29582996981547754
simuladas,105,0.6979621102075566
simuladas,154,0.3979794927441654
simuladas,174,0.7356503607196118
simuladas,154,0.34013914656771826
simuladas,168,0.20227146042363553
simuladas,24,0.11096491228070177
simuladas,6,0.3055555555555555
simuladas,123,0.6474848828420279
simuladas,69,0.11291134339914852
simuladas,94,0.20601311953352697
simuladas,61,0.8558802308802309
simuladas,219,0.5874879315956661
simuladas,50,0.2329639804639802
simuladas,229,0.6897540731450031
simuladas,245,0.6668372340961893
simuladas,128,0.7385969446258023
simuladas,163,0.7491901348211665
simuladas,162,0.2544949647027338
simuladas,176,0.14844872763920347
simuladas,5,0.6666666666666666
simuladas,5,0.6666666666666666
simuladas,130,0.8235051915503028
simuladas,128,0.20519328713367227
simuladas,211,0.21769348201334096
simuladas,206,0.7521282044029368
simuladas,183,0.14530968315805007
simuladas,37,0.5215593929879638
simuladas,189,0.22447056452157987
simuladas,6,0.017857142857142856
simuladas,118,0.29582996981547754
simuladas,42,0.8020892151326933
simuladas,215,0.4780209327062483
simuladas,40,0.8275666016894089
simuladas,109,0.6672475742024608
simuladas,102,0.7760756615245777
simuladas,160,0.29584534763106296
simuladas,11,0.95
simuladas,82,0.8385964912280699
simuladas,5,0.2
simuladas,52,0.1959109730848862
simuladas,20,0.9163647342995168
simuladas,194,0.732805043969904
simuladas,29,0.06535947712418301
simuladas,71,0.8132599240676658
simuladas,81,0.8117355480203774
simuladas,16,0.07843137254901959
simuladas,95,0.4565700040700038
simuladas,91,0.799292400315418
simuladas,93,0.2727866473149487
simuladas,42,0.8020892151326933
simuladas,246,0.47280283482654073
simuladas,4,0.2222222222222222
simuladas,198,0.3294422609554196
simuladas,193,0.18418704998704738
simuladas,76,0.7495983217848537
simuladas,11,0.07142857142857142
simuladas,179,0.7253292083294536
simuladas,205,0.2022811664105193
simuladas,211,0.25563737373736883
simuladas,76,0.6538461538461536
simuladas,29,0.18476946334089192
simuladas,136,0.5776745863955172
simuladas,52,0.1959109730848862
simuladas,191,0.6538552176867019
simuladas,108,0.2097083794758208
simuladas,44,0.08532763532763532
simuladas,178,0.668742645956269
simuladas,193,0.15719057871729583
simuladas,58,0.1973684210526317
simuladas,151,0.2200298763573219
simuladas,95,0.7203167256084877
simuladas,27,0.8238390092879259
simuladas,69,0.29076949620427894
simuladas,203,0.1830635275735906
simuladas,138,0.7612801596467649
simuladas,100,0.3807847321005205
simuladas,9,0.49999999999999994
simuladas,249,0.7050818885731315
simuladas,66,0.7275243970732694
simuladas,209,0.4542366927280928
simuladas,244,0.7124787130149038
simuladas,180,0.18132352780239988
simuladas,41,0.154541446208113
simuladas,86,0.7588293789586494
simuladas,163,0.18825244030723454
simuladas,167,0.1652682591434334
simuladas,36,0.1182476943346508
simuladas,105,0.44909812409812366
simuladas,246,0.436168126675646
simuladas,212,0.7509845567397935
simuladas,243,0.4293293802177764
simuladas,179,0.28342815763308116
simuladas,125,0.7575428284334933
simuladas,9,0.0746031746031746
simuladas,77,0.1450476190476189
simuladas,105,0.21512885154061553
simuladas,49,0.442197889256713
simuladas,56,0.21691297208538599
simuladas,221,0.5053936924569313
simuladas,242,0.66684020019491
simuladas,81,0.49791144527986636
simuladas,114,0.7388301878433458
simuladas,17,0.9166666666666666
simuladas,129,0.7353699775942331
simuladas,224,0.762257520410258
simuladas,23,0.10408163265306127
simuladas,250,0.7018566251879619
simuladas,128,0.7127697284066231
simuladas,141,0.7080367003959671
simuladas,103,0.7807023314376254
simuladas,191,0.7321578002203712
simuladas,68,0.4947094017094019
simuladas,1,0.0
simuladas,114,0.5917733292733288
simuladas,153,0.7541447994255713
simuladas,97,0.8031754578261507
simuladas,102,0.8110154255608047
simuladas,53,0.170498084291188
simuladas,108,0.7625650781543222
simuladas,94,0.781176830323919
simuladas,125,0.6827380026084492
simuladas,226,0.7550690762426165
simuladas,178,0.668742645956269
simuladas,89,0.40671774462097016
simuladas,240,0.67946015113198
simuladas,193,0.32659270149835556
simuladas,28,0.8839285714285714
simuladas,206,0.2429165175962661
simuladas,243,0.6273609079674883
simuladas,206,0.32471300089420957
simuladas,238,0.6012392397850668
simuladas,16,0.21683673469387757
simuladas,102,0.8110154255608047
simuladas,175,0.44575618969462266
simuladas,149,0.11233915252848131
simuladas,31,0.6994107744107744
simuladas,185,0.1477599471315083
simuladas,146,0.38974961221611604
simuladas,154,0.7544750531791656
simuladas,122,0.33779058313632826
simuladas,82,0.8385964912280699
simuladas,29,0.3384615384615385
simuladas,234,0.6351376980400274
simuladas,160,0.2357136761514646
simuladas,70,0.8506349206349205
simuladas,112,0.7617926649830783
simuladas,55,0.6097838669267238
simuladas,137,0.12491373360938526
simuladas,206,0.6689282381844831
simuladas,228,0.22350585743442428
simuladas,166,0.5871124775047649
simuladas,62,0.8708133971291863
simuladas,240,0.6021816141661349
simuladas,151,0.7171907208134306
simuladas,122,0.7773686809106164
simuladas,198,0.27836705292062175
simuladas,138,0.21432716670392718
simuladas,164,0.7101802418535191
simuladas,12,0.95
simuladas,2,0.5
simuladas,149,0.11233915252848131
simuladas,227,0.25731009576394204
simuladas,109,0.802271973587614
simuladas,204,0.6675928320416572
simuladas,13,0.7206349206349205
simuladas,77,0.13906310491676374
simuladas,189,0.15704869518428727
simuladas,157,0.7682281003445508
simuladas,139,0.7305872251434672
simuladas,151,0.322990943365299
simuladas,135,0.7264635450244391
simuladas,125,0.36272541354850457
simuladas,125,0.7477326628591932
simuladas,69,0.2553865373309821
simuladas,173,0.27093470721621926
simuladas,241,0.5852629358945103
simuladas,163,0.6633307748050487
simuladas,171,0.18330648926237128
simuladas,228,0.38809091331238915
simuladas,99,0.16847484276729516
simuladas,225,0.7372757968470908
simuladas,212,0.6963226917561292
simuladas,24,0.12619047619047621
simuladas,14,0.2370370370370371
simuladas,179,0.731871008584245
simuladas,241,0.6334960792656829
simuladas,192,0.6364118543812858
simuladas,250,0.6515044268942085
simuladas,49,0.40954106280193264
simuladas,203,0.6990779561070527
simuladas,193,0.7139349044819953
simuladas,74,0.7397685647685643
simuladas,159,0.6543924232289882
simuladas,10,0.5111111111111111
simuladas,107,0.22505263157894748
simuladas,96,0.17566616390145803
simuladas,196,0.1844908557819549
simuladas,100,0.7602051279917529
simuladas,116,0.6909013153374048
simuladas,166,0.6753612948003022
simuladas,80,0.7922181064368051
simuladas,23,0.16688453159041397
simuladas,123,0.7810440957466133
simuladas,181,0.367380909153785
simuladas,69,0.29076949620427894
simuladas,148,0.712627478341767
simuladas,48,0.39227994227994284
simuladas,81,0.8191564075022721
simuladas,166,0.7517587798793391
simuladas,67,0.7435406698564594
simuladas,63,0.5701058201058198
simuladas,245,0.6668372340961893
simuladas,15,0.18140589569160998
simuladas,110,0.6885142440814711
simuladas,247,0.6944536075923442
simuladas,92,0.5142969150025608
simuladas,25,0.25366300366300365
simuladas,42,0.1777380952380952
simuladas,68,0.7581132317974423
simuladas,157,0.7331307078575606
simuladas,127,0.8015088442784516
simuladas,86,0.26713947990543746
simuladas,180,0.662336862760594
simuladas,88,0.8459694989106749
simuladas,77,0.7855247092089197
simuladas,224,0.7271335148306944
simuladas,85,0.7471635993578721
simuladas,233,0.7128021018334795
simuladas,218,0.6851333053119815
simuladas,226,0.7186718777534052
simuladas,80,0.7539654195011334
simuladas,228,0.24814911472837836
simuladas,205,0.40196493538775496
simuladas,44,0.18491263440860237
simuladas,187,0.1809134735787617
simuladas,125,0.6472353723815705
simuladas,25,0.8418644650842794
simuladas,119,0.7509597726199548
simuladas,132,0.7136787426337006
simuladas,226,0.5679600482855752
simuladas,104,0.43851399145516856
simuladas,63,0.1766452991452996
simuladas,61,0.18594104308389992
simuladas,25,0.2436842105263158
simuladas,6,0.3333333333333333
simuladas,146,0.7862584976189468
simuladas,247,0.6939037627520221
simuladas,46,0.5093537414965993
simuladas,115,0.2462861888941623
simuladas,116,0.7485377525700121
simuladas,48,0.4952520189362297
simuladas,147,0.2294929174201322
simuladas,172,0.16852195134962214
simuladas,143,0.7016105178858157
simuladas,248,0.552868633735806
simuladas,25,0.6363636363636366
simuladas,195,0.7350134800632842
simuladas,114,0.770953810268068
simuladas,211,0.21769348201334096
simuladas,64,0.49762935477221215
simuladas,171,0.6074349447961834
simuladas,25,0.40621693121693125
simuladas,62,0.7940705128205128
simuladas,160,0.2357136761514646
simuladas,87,0.4045770556659844
simuladas,160,0.7043866250115511
simuladas,229,0.7083051858476388
simuladas,140,0.2590794296783411
simuladas,152,0.7724261768121412
simuladas,182,0.653671343859164
simuladas,161,0.24430392724465524
simuladas,214,0.572776969577585
simuladas,22,0.17619047619047623
simuladas,64,0.7655182542534321
simuladas,80,0.1494584500466856
simuladas,29,0.30894607843137256
simuladas,111,0.31675207702461344
simuladas,3,0.0
simuladas,79,0.5883618796662273
simuladas,211,0.7625492926215345
simuladas,130,0.7175027421329448
simuladas,186,0.6497472069840496
simuladas,110,0.6968252724094389
simuladas,214,0.4120010222661721
simuladas,166,0.6753612948003022
simuladas,234,0.5139797476172978
simuladas,167,0.4994215668366179
simuladas,206,0.7521282044029368
simuladas,179,0.7343473749129514
simuladas,57,0.19172979797979822
simuladas,4,0.0
simuladas,238,0.7793765118402836
simuladas,81,0.08839105339105335
simuladas,178,0.17700109200109265
simuladas,120,0.7576049055639165
simuladas,67,0.7362522467785627
simuladas,235,0.5942521725507364
simuladas,15,0.20085470085470084
simuladas,135,0.3881966310333661
simuladas,231,0.6556934016825208
simuladas,168,0.20227146042363553
simuladas,216,0.1988139348193238
simuladas,240,0.6183235054232487
simuladas,144,0.18263599754282947
simuladas,49,0.7911946259985477
simuladas,14,0.3087962962962963
simuladas,96,0.7834698588576696
simuladas,83,0.2453286619953285
simuladas,175,0.1576994933775993
simuladas,183,0.4979029364935401
simuladas,194,0.1734711959496425
simuladas,35,0.2120098039215687
simuladas,184,0.15690160510058765
simuladas,37,0.3640581232493
simuladas,50,0.8200096200096201
simuladas,58,0.16173541963015636
simuladas,150,0.1264851703393226
simuladas,64,0.7428665246002707
simuladas,140,0.7174550797055319
simuladas,41,0.8598930481283419
simuladas,77,0.20353782642089135
simuladas,131,0.7943532474736961
simuladas,63,0.5031055900621116
simuladas,57,0.12179894179894189
simuladas,203,0.734986537101148
simuladas,23,0.16688453159041397
simuladas,215,0.7238164115963696
simuladas,11,0.26666666666666666
simuladas,72,0.11589147286821701
simuladas,134,0.12390052093768848
simuladas,185,0.15046893026216304
simuladas,212,0.7610735362823485
simuladas,66,0.17791516606642668
simuladas,32,0.8991596638655465
simuladas,241,0.6547660072801048
simuladas,250,0.5109449985122227
simuladas,175,0.2990207280913885
simuladas,208,0.7550819265049389
simuladas,17,0.08021978021978021
simuladas,12,0.06018518518518518
simuladas,190,0.7953838083581057
simuladas,146,0.38974961221611604
simuladas,248,0.7379109069148005
simuladas,30,0.36515151515151517
simuladas,166,0.268683637038067
simuladas,245,0.6641992210847086
simuladas,20,0.2853535353535354
simuladas,7,0.24444444444444446
simuladas,34,0.8720821661998132
simuladas,178,0.6705168302763123
simuladas,40,0.7099567099567099
simuladas,118,0.2786219336219334
simuladas,216,0.7608280856202155
simuladas,66,0.7275243970732694
simuladas,44,0.181516290726817
simuladas,56,0.4305000000000003
simuladas,84,0.4159784784784792
simuladas,226,0.6907080480150978
simuladas,112,0.824031131071106
simuladas,181,0.3964500644098347
simuladas,120,0.7304041147004526
simuladas,115,0.2462861888941623
simuladas,34,0.10018993352326683
simuladas,18,0.9215686274509803
simuladas,189,0.15553600312457136
simuladas,47,0.24636591478696732
simuladas,233,0.6125655970069201
simuladas,4,0.8
simuladas,184,0.7367566767979561
simuladas,163,0.3135849247753999
simuladas,112,0.48034704785398613
simuladas,36,0.2977798526818136
simuladas,121,0.740702434820081
simuladas,70,0.15566619250829813
simuladas,175,0.6861564126432949
simuladas,35,0.31165845648604257
simuladas,98,0.46934883757424506
simuladas,48,0.8292731233907701
simuladas,170,0.6499181427972142
simuladas,145,0.7572052245210973
simuladas,6,0.1111111111111111
simuladas,235,0.36482534840253217
simuladas,110,0.6968252724094389
simuladas,17,0.298989898989899
simuladas,13,0.4833333333333334
simuladas,234,0.6537734984279117
simuladas,23,0.21272727272727268
simuladas,180,0.219537407455202
simuladas,197,0.6800094391515393
simuladas,125,0.7604826546002995
simuladas,146,0.7862584976189468
simuladas,101,0.6509619667514405
simuladas,125,0.36272541354850457
simuladas,138,0.21432716670392718
simuladas,84,0.17197197197197212
simuladas,236,0.4439831437590754
simuladas,159,0.7482293970219651
simuladas,66,0.7275243970732694
simuladas,238,0.590388451306796
simuladas,25,0.39292929292929296
simuladas,2,0.0
simuladas,66,0.17791516606642668
simuladas,163,0.19934775823788664
simuladas,48,0.7346560846560843
simuladas,167,0.15092654223405547
simuladas,22,0.07169117647058823
simuladas,170,0.7835833928713188
simuladas,6,0.3194444444444444
simuladas,88,0.3240476190476183
simuladas,115,0.804541657173236
simuladas,103,0.1974723424723416
simuladas,127,0.5641858426473815
simuladas,117,0.36991873312738394
simuladas,155,0.7640962385064012
simuladas,68,0.3350460184073624
simuladas,135,0.32849805068226084
simuladas,5,0.6666666666666666
simuladas,158,0.7636011771479736
simuladas,25,0.8980506822612087
simuladas,209,0.2914413959353933
simuladas,218,0.6851333053119815
simuladas,73,0.7534804059403605
simuladas,113,0.35826672537198895
simuladas,175,0.6836265301508203
simuladas,117,0.3690432978999239
simuladas,211,0.7309847395614106
simuladas,202,0.4429107852804911
simuladas,49,0.6436507936507935
simuladas,244,0.6414961278517937
simuladas,90,0.42158687943262596
simuladas,186,0.7006697361805744
simuladas,105,0.18997756808816682
simuladas,28,0.903157894736842
simuladas,108,0.7625650781543222
simuladas,38,0.4616959064327485
simuladas,184,0.6990131385255218
simuladas,49,0.10356280193236711
simuladas,17,0.298989898989899
simuladas,152,0.7043083432203263
simuladas,131,0.3909595959595966
simuladas,136,0.17908181997277756
simuladas,159,0.21197058604477936
simuladas,6,0.5555555555555555
simuladas,222,0.2637807080874283
simuladas,48,0.7346560846560843
simuladas,67,0.7930917981227575
simuladas,3,0.75
simuladas,233,0.6125655970069204
simuladas,210,0.3598914477841828
simuladas,133,0.17983444273766822
simuladas,49,0.38894444444444476
simuladas,155,0.24991634654876707
simuladas,198,0.27836705292062175
simuladas,38,0.4381091617933723
simuladas,42,0.6521253256547371
simuladas,211,0.7054286576687736
simuladas,106,0.35374389499389414
simuladas,37,0.18269841269841267
simuladas,48,0.4883286647992531
simuladas,140,0.21599453340658806
simuladas,225,0.6456895241074112
simuladas,221,0.6781934730527515
simuladas,165,0.1693414707655224
simuladas,77,0.18831688831688834
simuladas,221,0.7169885594235021
simuladas,121,0.44695843101158733
simuladas,230,0.437203565096754
simuladas,105,0.18471593765711394
simuladas,218,0.6851333053119815
simuladas,5,0.75
simuladas,151,0.7171907208134306
simuladas,35,0.2120098039215687
simuladas,107,0.22505263157894748
simuladas,135,0.3881966310333661
simuladas,39,0.2186147186147186
simuladas,148,0.712627478341767
simuladas,60,0.22352941176470573
simuladas,178,0.40928462709284436
simuladas,159,0.23323827601740696
simuladas,213,0.7283225623924233
simuladas,243,0.6984517715848129
simuladas,47,0.24636591478696732
simuladas,175,0.7398704574865549
simuladas,95,0.6956637235791001
simuladas,48,0.18134920634920637
simuladas,107,0.10968460111317241
simuladas,163,0.18088452870860294
simuladas,69,0.2066596194503172
simuladas,179,0.730034059507743
simuladas,153,0.47822757489424117
simuladas,76,0.7495983217848537
simuladas,93,0.2310657596371882
simuladas,2,0.0
simuladas,146,0.7862584976189468
simuladas,26,0.8759523809523809
simuladas,127,0.7455968264748783
simuladas,201,0.28482760226760634
simuladas,123,0.6899543731969366
simuladas,234,0.6721889504755022
simuladas,168,0.15839853016723682
simuladas,136,0.14338915053200793
simuladas,198,0.7332681216724718
simuladas,94,0.781176830323919
simuladas,100,0.6399452353885844
simuladas,41,0.16348659003831423
simuladas,109,0.7596348964197928
simuladas,91,0.378992303992304
simuladas,166,0.6126459584752912
simuladas,50,0.7010101010101006
simuladas,28,0.1419234360410831
simuladas,15,0.761904761904762
simuladas,58,0.25856953892668205
simuladas,141,0.18208827449898757
simuladas,4,0.19444444444444442
simuladas,122,0.33779058313632826
simuladas,142,0.7626905842695318
simuladas,231,0.7090455515908474
simuladas,8,0.0
simuladas,168,0.7309319861284017
simuladas,38,0.35209235209235246
simuladas,68,0.8338630667578034
simuladas,55,0.8554112554112551
simuladas,63,0.1878899835796391
simuladas,220,0.6707542080744407
simuladas,107,0.10968460111317241
simuladas,83,0.2453286619953285
simuladas,124,0.5566824709681852
simuladas,70,0.23833247994538315
simuladas,130,0.2289422210964764
simuladas,169,0.2698593494048035
simuladas,190,0.7953838083581057
simuladas,211,0.20699612435244097
simuladas,182,0.7432751983730425
simuladas,246,0.4360449742813559
simuladas,224,0.7581455414846074
simuladas,154,0.27075952603263503
simuladas,238,0.6983482258907872
simuladas,140,0.7221277433736988
simuladas,72,0.7542486499008235
simuladas,237,0.5549621442478546
simuladas,106,0.7789418194178244
simuladas,248,0.6956849293389695
simuladas,19,0.28484848484848485
simuladas,225,0.6266049468347138
simuladas,185,0.6798517981245
simuladas,52,0.8414918414918411
simuladas,38,0.8421052631578947
simuladas,205,0.6509989874626434
simuladas,4,0.6666666666666666
simuladas,141,0.3183058302921318
simuladas,199,0.6533283660870433
simuladas,135,0.7159220008291204
simuladas,221,0.5566978201156563
simuladas,113,0.7776747655583969
simuladas,143,0.7103106537068811
simuladas,179,0.1585558038947867
simuladas,68,0.13201593727909527
simuladas,96,0.19835128495842727
simuladas,229,0.6897540731450031
simuladas,93,0.2310657596371882
simuladas,34,0.8720821661998132
simuladas,81,0.49791144527986636
simuladas,78,0.21309523809523837
simuladas,177,0.7634268724315694
simuladas,239,0.7389115650055565
simuladas,110,0.2991291654082347
simuladas,53,0.1994578754578756
simuladas,52,0.1318783068783069
simuladas,26,0.6447200176366843
simuladas,106,0.776681422338094
simuladas,58,0.16173541963015636
simuladas,218,0.7102573624365872
simuladas,200,0.7014980144416322
simuladas,187,0.5853447993448023
simuladas,99,0.37998389694041973
simuladas,23,0.23358585858585856
simuladas,108,0.8441305283410523
simuladas,190,0.28521244458744904
simuladas,209,0.357483087660411
simuladas,133,0.30059354853875486
simuladas,38,0.617687074829932
simuladas,68,0.13201593727909527
simuladas,121,0.192852418745276
simuladas,67,0.7435406698564594
simuladas,65,0.23345648604269317
simuladas,88,0.3240476190476183
simuladas,148,0.5276696047008546
simuladas,123,0.6474848828420279
simuladas,125,0.7604826546002995
simuladas,12,0.68
simuladas,180,0.18132352780239988
simuladas,148,0.6875003084828578
simuladas,102,0.8110154255608047
simuladas,115,0.20815032920296087
simuladas,30,0.8070561557956517
simuladas,121,0.3401771141601652
simuladas,103,0.7283524904214559
simuladas,126,0.6413539958493513
simuladas,190,0.3420118617366276
simuladas,135,0.7264635450244391
simuladas,124,0.7837674710909994
simuladas,132,0.7136787426337006
simuladas,32,0.8888888888888885
simuladas,247,0.6628924037359759
simuladas,85,0.5600235990860997
pseudoaleatorias,32,0.055238095238095246
pseudoaleatorias,48,0.08119962067330487
pseudoaleatorias,190,0.20430107526881763
pseudoaleatorias,125,0.06923076923076912
pseudoaleatorias,120,0.06760204081632662
pseudoaleatorias,88,0.06590909090909092
pseudoaleatorias,101,0.11199999999999989
pseudoaleatorias,62,0.0627240143369176
pseudoaleatorias,168,0.08560544217687112
pseudoaleatorias,113,0.0683390022675738
pseudoaleatorias,115,0.0786834733893557
pseudoaleatorias,4,0.08333333333333333
pseudoaleatorias,247,0.1175324675324672
pseudoaleatorias,144,0.07022222222222242
pseudoaleatorias,214,0.14783298097251618
pseudoaleatorias,25,0.08055555555555556
pseudoaleatorias,32,0.06555555555555555
pseudoaleatorias,235,0.09284455128205087
pseudoaleatorias,48,0.058080808080808066
pseudoaleatorias,124,0.07428861788617877
pseudoaleatorias,12,0.07954545454545454
pseudoaleatorias,126,0.16244444444444409
pseudoaleatorias,143,0.07188208616780067
pseudoaleatorias,103,0.06663533834586476
pseudoaleatorias,3,0.25
pseudoaleatorias,6,0.0
pseudoaleatorias,98,0.07168021680216792
pseudoaleatorias,67,0.0862295081967213
pseudoaleatorias,190,0.09127963231736856
pseudoaleatorias,203,0.12503367003367064
pseudoaleatorias,141,0.06841991341991373
pseudoaleatorias,119,0.07165661136249386
pseudoaleatorias,157,0.08063945578231321
pseudoaleatorias,63,0.07720538720538726
pseudoaleatorias,26,0.07272727272727274
pseudoaleatorias,141,0.0666063621287501
pseudoaleatorias,38,0.06774891774891774
pseudoaleatorias,156,0.10832147937411098
pseudoaleatorias,207,0.07595197499289547
pseudoaleatorias,93,0.06945729263028069
pseudoaleatorias,22,0.05333333333333334
pseudoaleatorias,1,0.0
pseudoaleatorias,220,0.17461538461538534
pseudoaleatorias,217,0.11858974358974372
pseudoaleatorias,147,0.1049999999999999
pseudoaleatorias,145,0.09322493224932273
pseudoaleatorias,3,0.0
pseudoaleatorias,2,0.0
pseudoaleatorias,129,0.07163120567375894
pseudoaleatorias,126,0.20396825396825388
pseudoaleatorias,112,0.07798878205128192
pseudoaleatorias,2,0.0
pseudoaleatorias,36,0.06521739130434782
pseudoaleatorias,239,0.1303795877325287
pseudoaleatorias,116,0.06974235104669899
pseudoaleatorias,165,0.13173669467787122
pseudoaleatorias,51,0.06968253968253972
pseudoaleatorias,231,0.08784770784770748
pseudoaleatorias,60,0.06472261735419632
pseudoaleatorias,87,0.07301747311827951
pseudoaleatorias,188,0.06968832309043009
pseudoaleatorias,61,0.07504201680672269
pseudoaleatorias,122,0.13855555555555546
pseudoaleatorias,38,0.09629629629629627
pseudoaleatorias,71,0.08061178587494379
pseudoaleatorias,132,0.07820626477541397
pseudoaleatorias,175,0.13103366524419197
pseudoaleatorias,104,0.06879227053140108
pseudoaleatorias,174,0.11850427350427392
pseudoaleatorias,143,0.08344671201814083
pseudoaleatorias,223,0.10511784511784499
pseudoaleatorias,183,0.1033816425120777
pseudoaleatorias,248,0.10968123861566434
pseudoaleatorias,18,0.05333333333333333
pseudoaleatorias,125,0.06783007227216656
pseudoaleatorias,22,0.08571428571428572
pseudoaleatorias,241,0.1712473572938689
pseudoaleatorias,65,0.06933797909407664
pseudoaleatorias,217,0.16517094017094103
pseudoaleatorias,65,0.062473118279569924
pseudoaleatorias,212,0.08649940262843477
pseudoaleatorias,209,0.115395981087471
pseudoaleatorias,119,0.06994874338624338
pseudoaleatorias,171,0.16942652329749092
pseudoaleatorias,103,0.08586206896551721
pseudoaleatorias,171,0.13404761904761936
pseudoaleatorias,223,0.07818993268949348
pseudoaleatorias,199,0.07350369365294726
pseudoaleatorias,74,0.08634805404315388
pseudoaleatorias,61,0.07195207892882315
pseudoaleatorias,59,0.1690909090909091
pseudoaleatorias,120,0.06806815890300479
pseudoaleatorias,226,0.08307798481711481
pseudoaleatorias,202,0.07178743961352635
pseudoaleatorias,118,0.070578745714862
pseudoaleatorias,217,0.09653155878201257
pseudoaleatorias,28,0.06644880174291938
pseudoaleatorias,219,0.10865989356555404
pseudoaleatorias,4,0.08333333333333333
pseudoaleatorias,38,0.07071078431372547
pseudoaleatorias,49,0.06923076923076925
pseudoaleatorias,121,0.06518518518518532
pseudoaleatorias,208,0.08715538847117825
pseudoaleatorias,28,0.06142857142857144
pseudoaleatorias,158,0.07431818181818207
pseudoaleatorias,91,0.07115721800116895
pseudoaleatorias,38,0.09046345811051694
pseudoaleatorias,41,0.07594086021505377
pseudoaleatorias,7,0.0
pseudoaleatorias,226,0.08157857345836848
pseudoaleatorias,38,0.07954545454545454
pseudoaleatorias,50,0.08257575757575758
pseudoaleatorias,91,0.07000931749359425
pseudoaleatorias,120,0.14822134387351785
pseudoaleatorias,10,0.05952380952380952
pseudoaleatorias,8,0.08333333333333333
pseudoaleatorias,48,0.06587301587301586
pseudoaleatorias,82,0.07572115384615385
pseudoaleatorias,213,0.1045248868778285
pseudoaleatorias,117,0.07562825983878611
pseudoaleatorias,245,0.0932400932400928
pseudoaleatorias,13,0.08012820512820513
pseudoaleatorias,131,0.11831417624521058
pseudoaleatorias,224,0.13215130023640653
pseudoaleatorias,77,0.07994120307553143
pseudoaleatorias,137,0.08161683277962346
pseudoaleatorias,69,0.09980506822612085
pseudoaleatorias,247,0.13169934640522837
pseudoaleatorias,23,0.04807692307692308
pseudoaleatorias,220,0.10534591194968568
pseudoaleatorias,14,0.049999999999999996
pseudoaleatorias,13,0.10606060606060606
pseudoaleatorias,180,0.2049808429118776
pseudoaleatorias,237,0.15983164983164994
pseudoaleatorias,50,0.06543209876543211
pseudoaleatorias,102,0.07483781918564517
pseudoaleatorias,234,0.11054994388327712
pseudoaleatorias,48,0.09019607843137253
pseudoaleatorias,171,0.07750841750841789
pseudoaleatorias,242,0.09480820105820069
pseudoaleatorias,60,0.08239215686274512
pseudoaleatorias,242,0.11476608187134472
pseudoaleatorias,140,0.06969608416130943
pseudoaleatorias,180,0.07172494172494155
pseudoaleatorias,8,0.1
pseudoaleatorias,248,0.09850038850038798
pseudoaleatorias,36,0.08275862068965517
pseudoaleatorias,167,0.0705955516534971
pseudoaleatorias,6,0.08333333333333333
pseudoaleatorias,191,0.07392046424304503
pseudoaleatorias,226,0.09887005649717497
pseudoaleatorias,202,0.10455782312925221
pseudoaleatorias,128,0.0779422128259339
pseudoaleatorias,83,0.07794871794871795
pseudoaleatorias,90,0.06939605110336816
pseudoaleatorias,86,0.10821256038647332
pseudoaleatorias,122,0.09494949494949488
pseudoaleatorias,149,0.06772486772486788
pseudoaleatorias,12,0.056818181818181816
pseudoaleatorias,31,0.11904761904761904
pseudoaleatorias,201,0.09655252737013767
pseudoaleatorias,78,0.08333333333333326
pseudoaleatorias,30,0.08148148148148147
pseudoaleatorias,97,0.0653098982423683
pseudoaleatorias,217,0.13171446191797745
pseudoaleatorias,27,0.07792207792207792
pseudoaleatorias,224,0.17689024390243946
pseudoaleatorias,32,0.08160919540229886
pseudoaleatorias,161,0.07525490196078453
pseudoaleatorias,153,0.09111788617886195
pseudoaleatorias,104,0.06800813008130077
pseudoaleatorias,10,0.16666666666666666
pseudoaleatorias,197,0.07169772256728757
pseudoaleatorias,250,0.18435517970401646
pseudoaleatorias,15,0.03333333333333333
pseudoaleatorias,5,0.25
pseudoaleatorias,47,0.07582101806239738
pseudoaleatorias,80,0.08036890645586296
pseudoaleatorias,135,0.1606666666666664
pseudoaleatorias,94,0.07069648264616828
pseudoaleatorias,17,0.075
pseudoaleatorias,185,0.08209316394434393
pseudoaleatorias,80,0.07326751838946964
pseudoaleatorias,2,0.0
pseudoaleatorias,203,0.07348516218081409
pseudoaleatorias,213,0.18480980980981052
pseudoaleatorias,195,0.10415189125295563
pseudoaleatorias,151,0.07042788129744629
pseudoaleatorias,237,0.16474630021141656
pseudoaleatorias,82,0.08091787439613532
pseudoaleatorias,73,0.08194799658994033
pseudoaleatorias,228,0.09732125462692369
pseudoaleatorias,7,0.08333333333333333
pseudoaleatorias,191,0.13140243902439078
pseudoaleatorias,231,0.09147465437787995
pseudoaleatorias,43,0.06174603174603176
pseudoaleatorias,214,0.09408146803791091
pseudoaleatorias,92,0.06655052264808356
pseudoaleatorias,87,0.07914423740510686
pseudoaleatorias,67,0.06502016129032259
pseudoaleatorias,132,0.1345679012345678
pseudoaleatorias,101,0.06979284369114891
pseudoaleatorias,248,0.10465362242199852
pseudoaleatorias,112,0.07223386908921518
pseudoaleatorias,211,0.12406722170829519
pseudoaleatorias,120,0.06597402597402614
pseudoaleatorias,181,0.149374374374375
pseudoaleatorias,225,0.1954006638217171
pseudoaleatorias,91,0.06949134199134206
pseudoaleatorias,44,0.07076719576719574
pseudoaleatorias,191,0.10642512077294733
pseudoaleatorias,226,0.08117744610281906
pseudoaleatorias,174,0.13160660660660695
pseudoaleatorias,114,0.06712121212121226
pseudoaleatorias,92,0.06995977878330827
pseudoaleatorias,81,0.07131782945736437
pseudoaleatorias,35,0.06277056277056277
pseudoaleatorias,150,0.10381697486960662
pseudoaleatorias,97,0.0684989429175476
pseudoaleatorias,126,0.1588164251207728
pseudoaleatorias,113,0.06834935897435895
pseudoaleatorias,51,0.06553846153846155
pseudoaleatorias,15,0.08333333333333333
pseudoaleatorias,159,0.12825311942958997
pseudoaleatorias,74,0.08005952380952382
pseudoaleatorias,138,0.07742830712303443
pseudoaleatorias,145,0.07474829931972814
pseudoaleatorias,86,0.06495726495726498
pseudoaleatorias,14,0.03968253968253968
pseudoaleatorias,120,0.07141203703703698
pseudoaleatorias,71,0.0639430894308943
pseudoaleatorias,194,0.08143897996357007
pseudoaleatorias,4,0.08333333333333333
pseudoaleatorias,125,0.06894167923579707
pseudoaleatorias,187,0.07531657899863663
pseudoaleatorias,169,0.0720003413551801
pseudoaleatorias,172,0.07019448213478059
pseudoaleatorias,4,0.041666666666666664
pseudoaleatorias,147,0.09684684684684698
pseudoaleatorias,150,0.07300435413642985
pseudoaleatorias,47,0.07555555555555556
pseudoaleatorias,28,0.10357142857142856
pseudoaleatorias,38,0.08030303030303032
pseudoaleatorias,232,0.10256100020165335
pseudoaleatorias,203,0.12694041867954983
pseudoaleatorias,83,0.0698983739837398
pseudoaleatorias,132,0.07174649250120975
pseudoaleatorias,15,0.047619047619047616
pseudoaleatorias,73,0.07154471544715447
pseudoaleatorias,241,0.10714689265536684
pseudoaleatorias,51,0.15111111111111114
pseudoaleatorias,115,0.06997046880767814
pseudoaleatorias,174,0.09481961147086074
pseudoaleatorias,227,0.09458098651647015
pseudoaleatorias,7,0.08333333333333333
pseudoaleatorias,149,0.0888695315524586
pseudoaleatorias,56,0.11684981684981681
pseudoaleatorias,212,0.12093676122931489
pseudoaleatorias,93,0.07101894521249356
pseudoaleatorias,121,0.08020520520520516
pseudoaleatorias,79,0.06934566145092465
pseudoaleatorias,105,0.07074074074074073
pseudoaleatorias,47,0.07402146464646465
pseudoaleatorias,143,0.07161281179138336
pseudoaleatorias,217,0.10763183357523004
pseudoaleatorias,132,0.06838041431261785
pseudoaleatorias,18,0.02546296296296296
pseudoaleatorias,74,0.07924528301886798
pseudoaleatorias,53,0.11190476190476192
pseudoaleatorias,128,0.0917167167167167
pseudoaleatorias,202,0.13675958188153378
pseudoaleatorias,236,0.09566367001586423
pseudoaleatorias,233,0.20265407107512404
pseudoaleatorias,181,0.07184265010351944
pseudoaleatorias,41,0.07777777777777778
pseudoaleatorias,5,0.0
pseudoaleatorias,165,0.07482695810564671
pseudoaleatorias,210,0.09012273524254824
pseudoaleatorias,69,0.06418918918918924
pseudoaleatorias,221,0.08126036484245416
pseudoaleatorias,54,0.07508710801393731
pseudoaleatorias,137,0.13961412151067296
pseudoaleatorias,115,0.0774774774774775
pseudoaleatorias,168,0.19154351395730698
pseudoaleatorias,72,0.08005611672278345
pseudoaleatorias,213,0.1087929366231255
pseudoaleatorias,119,0.1359999999999998
pseudoaleatorias,53,0.1034313725490196
pseudoaleatorias,41,0.20634920634920634
pseudoaleatorias,246,0.19090205187766165
pseudoaleatorias,56,0.07741790373369324
pseudoaleatorias,76,0.0814151747655584
pseudoaleatorias,228,0.09710922787193953
pseudoaleatorias,6,0.0
pseudoaleatorias,136,0.0747269303201508
pseudoaleatorias,36,0.09333333333333332
pseudoaleatorias,153,0.07778231292517032
pseudoaleatorias,143,0.12392676767676769
pseudoaleatorias,23,0.0606060606060606
pseudoaleatorias,94,0.0727513227513227
pseudoaleatorias,26,0.06428571428571428
pseudoaleatorias,8,0.08333333333333333
pseudoaleatorias,41,0.06481481481481483
pseudoaleatorias,130,0.0675184682647368
pseudoaleatorias,84,0.0733521657250471
pseudoaleatorias,100,0.06597222222222232
pseudoaleatorias,186,0.08394945697577308
pseudoaleatorias,206,0.18010582010582063
pseudoaleatorias,58,0.07636752136752138
pseudoaleatorias,94,0.06887955182072829
pseudoaleatorias,111,0.07582268679829655
pseudoaleatorias,143,0.0662663906142165
pseudoaleatorias,212,0.08524590163934426
pseudoaleatorias,17,0.1111111111111111
pseudoaleatorias,195,0.07822420634920635
pseudoaleatorias,96,0.07384615384615381
pseudoaleatorias,47,0.07291666666666669
pseudoaleatorias,131,0.11620071684587804
pseudoaleatorias,238,0.09894235854045444
pseudoaleatorias,156,0.12389355742296938
pseudoaleatorias,48,0.058743842364532
pseudoaleatorias,72,0.09607843137254898
pseudoaleatorias,234,0.13933215130023618
pseudoaleatorias,224,0.12020915032679755
pseudoaleatorias,131,0.07609368950832365
pseudoaleatorias,39,0.07539682539682539
pseudoaleatorias,188,0.11264975334742815
pseudoaleatorias,23,0.06637426900584795
pseudoaleatorias,87,0.06982286634460552
pseudoaleatorias,121,0.12989743589743577
pseudoaleatorias,7,0.0
pseudoaleatorias,212,0.0795492235790741
pseudoaleatorias,102,0.07277635691957929
pseudoaleatorias,59,0.0657657657657658
pseudoaleatorias,208,0.15565040650406584
pseudoaleatorias,74,0.08004933703361092
pseudoaleatorias,221,0.12626133786848084
pseudoaleatorias,69,0.19696969696969685
pseudoaleatorias,23,0.06904761904761905
pseudoaleatorias,180,0.0683421129645887
pseudoaleatorias,70,0.06883333333333332
pseudoaleatorias,209,0.12067080378250637
pseudoaleatorias,233,0.17967479674796782
pseudoaleatorias,101,0.06583688952109998
pseudoaleatorias,102,0.074913312226745
pseudoaleatorias,202,0.16365576102418283
pseudoaleatorias,128,0.07329931972789137
pseudoaleatorias,117,0.08465909090909084
pseudoaleatorias,125,0.07131011608623539
pseudoaleatorias,30,0.08312807881773399
pseudoaleatorias,17,0.07371794871794872
pseudoaleatorias,234,0.18876068376068414
pseudoaleatorias,171,0.14599439775910394
pseudoaleatorias,249,0.13164005805515208
pseudoaleatorias,79,0.07384823848238478
pseudoaleatorias,23,0.07777777777777778
pseudoaleatorias,79,0.06986772486772494
pseudoaleatorias,61,0.07969951083158631
pseudoaleatorias,53,0.08069381598793364
pseudoaleatorias,140,0.06738782051282048
pseudoaleatorias,110,0.06608695652173918
pseudoaleatorias,116,0.0766239924134661
pseudoaleatorias,249,0.09550893550893493
pseudoaleatorias,107,0.06814677767499236
pseudoaleatorias,68,0.08005464480874316
pseudoaleatorias,139,0.0699976706266017
pseudoaleatorias,6,0.0
pseudoaleatorias,62,0.0750528541226216
pseudoaleatorias,122,0.06886889083991792
pseudoaleatorias,147,0.16481481481481441
pseudoaleatorias,105,0.19172113289760367
pseudoaleatorias,44,0.08465608465608465
pseudoaleatorias,248,0.16663446054750372
pseudoaleatorias,45,0.07056451612903228
pseudoaleatorias,235,0.08364062042727506
pseudoaleatorias,7,0.0
pseudoaleatorias,167,0.06973588342440835
pseudoaleatorias,159,0.16111111111111084
pseudoaleatorias,48,0.06671415004748335
pseudoaleatorias,206,0.19047619047619116
pseudoaleatorias,228,0.09236217784604858
pseudoaleatorias,61,0.077843137254902
pseudoaleatorias,125,0.06717514124293801
pseudoaleatorias,231,0.12691503267973864
pseudoaleatorias,232,0.19838056680162006
pseudoaleatorias,82,0.08064373897707228
pseudoaleatorias,47,0.06666666666666664
pseudoaleatorias,64,0.07214170692431561
pseudoaleatorias,46,0.08257575757575758
pseudoaleatorias,184,0.14113323850166
pseudoaleatorias,19,0.07380952380952381
pseudoaleatorias,246,0.10937158469945309
pseudoaleatorias,51,0.07236842105263155
pseudoaleatorias,246,0.1368275515334335
pseudoaleatorias,118,0.11477832512315263
pseudoaleatorias,105,0.0701851851851852
pseudoaleatorias,154,0.09004580690627235
pseudoaleatorias,174,0.07444805194805224
pseudoaleatorias,154,0.07206514550264559
pseudoaleatorias,168,0.15954301075268815
pseudoaleatorias,24,0.07181818181818182
pseudoaleatorias,6,0.041666666666666664
pseudoaleatorias,123,0.11712643678160915
pseudoaleatorias,69,0.082183908045977
pseudoaleatorias,94,0.07199730094466944
pseudoaleatorias,61,0.06895943562610231
pseudoaleatorias,219,0.09932121971595642
pseudoaleatorias,50,0.08250112460638777
pseudoaleatorias,229,0.08796474358974331
pseudoaleatorias,245,0.15803782505910133
pseudoaleatorias,128,0.06808176100628943
pseudoaleatorias,163,0.08572695035461021
pseudoaleatorias,162,0.15073924731182775
pseudoaleatorias,176,0.134400189663348
pseudoaleatorias,5,0.08333333333333333
pseudoaleatorias,5,0.0
pseudoaleatorias,130,0.09579831932773096
pseudoaleatorias,128,0.06841060985797846
pseudoaleatorias,211,0.07554175293305694
pseudoaleatorias,206,0.13866740494647534
pseudoaleatorias,183,0.17014260249554403
pseudoaleatorias,37,0.07150537634408602
pseudoaleatorias,189,0.084265082692756
pseudoaleatorias,6,0.125
pseudoaleatorias,118,0.07608974358974352
pseudoaleatorias,42,0.08258258258258258
pseudoaleatorias,215,0.08856873822975533
pseudoaleatorias,40,0.07705627705627704
pseudoaleatorias,109,0.06894500561167238
pseudoaleatorias,102,0.06521521521521519
pseudoaleatorias,160,0.06725160256410263
pseudoaleatorias,11,0.06944444444444443
pseudoaleatorias,82,0.07813296903460835
pseudoaleatorias,5,0.0
pseudoaleatorias,52,0.07831932773109249
pseudoaleatorias,20,0.07499999999999998
pseudoaleatorias,194,0.07852987837123229
pseudoaleatorias,29,0.07846153846153846
pseudoaleatorias,71,0.0737541528239203
pseudoaleatorias,81,0.07001683501683503
pseudoaleatorias,16,0.10666666666666667
pseudoaleatorias,95,0.0819376026272578
pseudoaleatorias,91,0.07835249042145592
pseudoaleatorias,93,0.06613190730837785
pseudoaleatorias,42,0.08673835125448029
pseudoaleatorias,246,0.1288703434929846
pseudoaleatorias,4,0.0
pseudoaleatorias,198,0.17137566137566193
pseudoaleatorias,193,0.0730392156862743
pseudoaleatorias,76,0.06928205128205127
pseudoaleatorias,11,0.03333333333333333
pseudoaleatorias,179,0.07678571428571461
pseudoaleatorias,205,0.13287526427061389
pseudoaleatorias,211,0.08339947089947083
pseudoaleatorias,76,0.06942652329749102
pseudoaleatorias,29,0.0873015873015873
pseudoaleatorias,136,0.06872053872053896
pseudoaleatorias,52,0.0824829931972789
pseudoaleatorias,191,0.11001610305958186
pseudoaleatorias,108,0.06935515293200871
pseudoaleatorias,44,0.06986111111111112
pseudoaleatorias,178,0.07971941638608339
pseudoaleatorias,193,0.08687991021324394
pseudoaleatorias,58,0.07492063492063485
pseudoaleatorias,151,0.07996453900709245
pseudoaleatorias,95,0.06775723091512569
pseudoaleatorias,27,0.07792207792207792
pseudoaleatorias,69,0.07886904761904762
pseudoaleatorias,203,0.08704461328657717
pseudoaleatorias,138,0.15794871794871757
pseudoaleatorias,100,0.07350427350427342
pseudoaleatorias,9,0.1
pseudoaleatorias,249,0.18682170542635645
pseudoaleatorias,66,0.07133838383838387
pseudoaleatorias,209,0.13291050035236146
pseudoaleatorias,244,0.14344217687074795
pseudoaleatorias,180,0.08725205611998109
pseudoaleatorias,41,0.07833333333333337
pseudoaleatorias,86,0.07839889579020007
pseudoaleatorias,163,0.0952934662236991
pseudoaleatorias,167,0.08263888888888918
pseudoaleatorias,36,0.07427777777777778
pseudoaleatorias,105,0.07332859174964433
pseudoaleatorias,246,0.1725420875420872
pseudoaleatorias,212,0.16929824561403586
pseudoaleatorias,243,0.18629500580720096
pseudoaleatorias,179,0.0736378205128205
pseudoaleatorias,125,0.06771290605794549
pseudoaleatorias,9,0.08333333333333333
pseudoaleatorias,77,0.06650922177237967
pseudoaleatorias,105,0.14372294372294386
pseudoaleatorias,49,0.07652777777777779
pseudoaleatorias,56,0.06899004267425317
pseudoaleatorias,221,0.07683919944789483
pseudoaleatorias,242,0.142299319727891
pseudoaleatorias,81,0.09785714285714288
pseudoaleatorias,114,0.06851503759398508
pseudoaleatorias,17,0.08272058823529412
pseudoaleatorias,129,0.0674891146589261
pseudoaleatorias,224,0.08854221752159346
pseudoaleatorias,23,0.07063492063492065
pseudoaleatorias,250,0.1906607604282021
pseudoaleatorias,128,0.06906179138322016
pseudoaleatorias,141,0.07687326549491227
pseudoaleatorias,103,0.06975155279503104
pseudoaleatorias,191,0.09545578231292559
pseudoaleatorias,68,0.07340136054421774
pseudoaleatorias,1,0.0
pseudoaleatorias,114,0.08873106060606051
pseudoaleatorias,153,0.06866355866355862
pseudoaleatorias,97,0.18897058823529425
pseudoaleatorias,102,0.07040072859744997
pseudoaleatorias,53,0.08081632653061224
pseudoaleatorias,108,0.10598290598290588
pseudoaleatorias,94,0.09441025641025642
pseudoaleatorias,125,0.0952645502645503
pseudoaleatorias,226,0.08977347883597854
pseudoaleatorias,178,0.09876006441223868
pseudoaleatorias,89,0.07555322618215712
pseudoaleatorias,240,0.09858099770844317
pseudoaleatorias,193,0.12388335179032908
pseudoaleatorias,28,0.07936507936507937
pseudoaleatorias,206,0.13599365750528603
pseudoaleatorias,243,0.09461538461538414
pseudoaleatorias,206,0.09852084789191728
pseudoaleatorias,238,0.10956709956709926
pseudoaleatorias,16,0.04666666666666666
pseudoaleatorias,102,0.15783926218708813
pseudoaleatorias,175,0.0833212385099181
pseudoaleatorias,149,0.06818300653594794
pseudoaleatorias,31,0.07707509881422925
pseudoaleatorias,185,0.07925260003525482
pseudoaleatorias,146,0.07119729792685786
pseudoaleatorias,154,0.1707717569786532
pseudoaleatorias,122,0.1270114942528734
pseudoaleatorias,82,0.07820767195767188
pseudoaleatorias,29,0.08874458874458875
pseudoaleatorias,234,0.08901320901320872
pseudoaleatorias,160,0.06952736318407945
pseudoaleatorias,70,0.06653846153846159
pseudoaleatorias,112,0.06793092815294494
pseudoaleatorias,55,0.07226970560303894
pseudoaleatorias,137,0.07547024360160362
pseudoaleatorias,206,0.10136268343815533
pseudoaleatorias,228,0.09217345319936524
pseudoaleatorias,166,0.07506047411707825
pseudoaleatorias,62,0.08233618233618233
pseudoaleatorias,240,0.10013661202185757
pseudoaleatorias,151,0.06680567749487851
pseudoaleatorias,122,0.06840277777777777
pseudoaleatorias,198,0.16231231231231283
pseudoaleatorias,138,0.19960474308300374
pseudoaleatorias,164,0.07159565580618238
pseudoaleatorias,12,0.11666666666666667
pseudoaleatorias,2,0.5
pseudoaleatorias,149,0.07229755178907744
pseudoaleatorias,227,0.18096153846153906
pseudoaleatorias,109,0.09923371647509571
pseudoaleatorias,204,0.08220518244315168
pseudoaleatorias,13,0.0
pseudoaleatorias,77,0.07589098532494769
pseudoaleatorias,189,0.11324915824915865
pseudoaleatorias,157,0.09163143058491911
pseudoaleatorias,139,0.06845024748250567
pseudoaleatorias,151,0.17027914614121498
pseudoaleatorias,135,0.07145617667356777
pseudoaleatorias,125,0.06616760828625254
pseudoaleatorias,125,0.06829566854990606
pseudoaleatorias,69,0.07469135802469136
pseudoaleatorias,173,0.1568181818181821
pseudoaleatorias,241,0.08511387163561025
pseudoaleatorias,163,0.13582702020201998
pseudoaleatorias,171,0.12885385385385428
pseudoaleatorias,228,0.08564102564102523
pseudoaleatorias,99,0.07292929292929284
pseudoaleatorias,225,0.08137965331059929
pseudoaleatorias,212,0.08862154063105931
pseudoaleatorias,24,0.04111111111111111
pseudoaleatorias,14,0.1111111111111111
pseudoaleatorias,179,0.06907884818332573
pseudoaleatorias,241,0.17135306553911217
pseudoaleatorias,192,0.07484775641025641
pseudoaleatorias,250,0.160237434474252
pseudoaleatorias,49,0.06727941176470587
pseudoaleatorias,203,0.08572504708097928
pseudoaleatorias,193,0.09722875816993506
pseudoaleatorias,74,0.06989553656220321
pseudoaleatorias,159,0.07656926406926438
pseudoaleatorias,10,0.03333333333333333
pseudoaleatorias,107,0.11433333333333333
pseudoaleatorias,96,0.07563844086021498
pseudoaleatorias,196,0.1213204508856689
pseudoaleatorias,100,0.13111111111111123
pseudoaleatorias,116,0.07360989171788107
pseudoaleatorias,166,0.20194003527336846
pseudoaleatorias,80,0.06790123456790118
pseudoaleatorias,23,0.07692307692307693
pseudoaleatorias,123,0.0736252834467122
pseudoaleatorias,181,0.12051282051282089
pseudoaleatorias,69,0.08369630973986687
pseudoaleatorias,148,0.12550403225806422
pseudoaleatorias,48,0.07432432432432436
pseudoaleatorias,81,0.06820844896700597
pseudoaleatorias,166,0.07240437158469966
pseudoaleatorias,67,0.11739926739926738
pseudoaleatorias,63,0.07112820512820507
pseudoaleatorias,245,0.13172472181906103
pseudoaleatorias,15,0.1
pseudoaleatorias,110,0.08522167487684724
pseudoaleatorias,247,0.11402688486265299
pseudoaleatorias,92,0.06959527400703877
pseudoaleatorias,25,0.0825
pseudoaleatorias,42,0.15873015873015867
pseudoaleatorias,68,0.08363581367211127
pseudoaleatorias,157,0.06866290018832422
pseudoaleatorias,127,0.07148345153664322
pseudoaleatorias,86,0.07813299232736569
pseudoaleatorias,180,0.10607744107744159
pseudoaleatorias,88,0.07694711538461528
pseudoaleatorias,77,0.11507352941176464
pseudoaleatorias,224,0.08305361305361286
pseudoaleatorias,85,0.07598557692307688
pseudoaleatorias,233,0.1017143970387685
pseudoaleatorias,218,0.08069053708439858
pseudoaleatorias,226,0.19653864390706563
pseudoaleatorias,80,0.06963265306122456
pseudoaleatorias,228,0.18611111111111167
pseudoaleatorias,205,0.17896825396825464
pseudoaleatorias,44,0.07219251336898394
pseudoaleatorias,187,0.07953463775780023
pseudoaleatorias,125,0.09917929292929281
pseudoaleatorias,25,0.17333333333333334
pseudoaleatorias,119,0.0920788530465949
pseudoaleatorias,132,0.07008219954648541
pseudoaleatorias,226,0.1444958371877891
pseudoaleatorias,104,0.0738772338772338
pseudoaleatorias,63,0.07375415282392031
pseudoaleatorias,61,0.08000352360817484
pseudoaleatorias,25,0.07169117647058823
pseudoaleatorias,6,0.13333333333333333
pseudoaleatorias,146,0.06886469046178696
pseudoaleatorias,247,0.09484848484848449
pseudoaleatorias,46,0.08428165007112376
pseudoaleatorias,115,0.06498226950354616
pseudoaleatorias,116,0.15057720057720073
pseudoaleatorias,48,0.06150793650793647
pseudoaleatorias,147,0.14397849462365575
pseudoaleatorias,172,0.08411896745230131
pseudoaleatorias,143,0.07747456059204465
pseudoaleatorias,248,0.09300937766410858
pseudoaleatorias,25,0.08006535947712418
pseudoaleatorias,195,0.08072277420611747
pseudoaleatorias,114,0.07099271402550104
pseudoaleatorias,211,0.08066506410256408
pseudoaleatorias,64,0.07180500658761531
pseudoaleatorias,171,0.09659932659932695
pseudoaleatorias,25,0.06272727272727274
pseudoaleatorias,62,0.07516339869281043
pseudoaleatorias,160,0.1856261022927687
pseudoaleatorias,87,0.07578084997439832
pseudoaleatorias,160,0.06727398205659062
pseudoaleatorias,229,0.11342525399129161
pseudoaleatorias,140,0.19094202898550694
pseudoaleatorias,152,0.07037957211870231
pseudoaleatorias,182,0.08327283726557795
pseudoaleatorias,161,0.07590711175616864
pseudoaleatorias,214,0.08375496031746017
pseudoaleatorias,22,0.07368421052631578
pseudoaleatorias,64,0.07891156462585036
pseudoaleatorias,80,0.07221819061441712
pseudoaleatorias,29,0.09259259259259259
pseudoaleatorias,111,0.06325490196078447
pseudoaleatorias,3,0.16666666666666666
pseudoaleatorias,79,0.06485215053763439
pseudoaleatorias,211,0.11919518963922354
pseudoaleatorias,130,0.06958874458874478
pseudoaleatorias,186,0.09736054421768757
pseudoaleatorias,110,0.0654329946782779
pseudoaleatorias,214,0.15191637630662091
pseudoaleatorias,166,0.06783887468030678
pseudoaleatorias,234,0.14690101757631832
pseudoaleatorias,167,0.12687830687830717
pseudoaleatorias,206,0.08911487758945387
pseudoaleatorias,179,0.07466931216931216
pseudoaleatorias,57,0.06524904214559386
pseudoaleatorias,4,0.041666666666666664
pseudoaleatorias,238,0.12162554426705341
pseudoaleatorias,81,0.12300194931773878
pseudoaleatorias,178,0.09320330969267177
pseudoaleatorias,120,0.1075862068965516
pseudoaleatorias,67,0.06567701304543411
pseudoaleatorias,235,0.10576729179269997
pseudoaleatorias,15,0.04924242424242424
pseudoaleatorias,135,0.1531794871794869
pseudoaleatorias,231,0.12236048265460021
pseudoaleatorias,168,0.07668118045476567
pseudoaleatorias,216,0.09210922787193973
pseudoaleatorias,240,0.1505614657210398
pseudoaleatorias,144,0.0699882938249925
pseudoaleatorias,49,0.07629419191919191
pseudoaleatorias,14,0.07738095238095237
pseudoaleatorias,96,0.07286796536796551
pseudoaleatorias,83,0.07684837092731835
pseudoaleatorias,175,0.1328609986504729
pseudoaleatorias,183,0.12000000000000048
pseudoaleatorias,194,0.18936423054070156
pseudoaleatorias,35,0.11481481481481483
pseudoaleatorias,184,0.12636077372919519
pseudoaleatorias,37,0.051169590643274844
pseudoaleatorias,50,0.08279370952821462
pseudoaleatorias,58,0.07989781536293165
pseudoaleatorias,150,0.0663398692810456
pseudoaleatorias,64,0.07282828282828287
pseudoaleatorias,140,0.06742812742812737
pseudoaleatorias,41,0.07955665024630541
pseudoaleatorias,77,0.07214587737843554
pseudoaleatorias,131,0.202020202020202
pseudoaleatorias,63,0.07083926031294457
pseudoaleatorias,57,0.08708333333333332
pseudoaleatorias,203,0.12281144781144851
pseudoaleatorias,23,0.05750915750915751
pseudoaleatorias,215,0.09927944862155398
pseudoaleatorias,11,0.16666666666666666
pseudoaleatorias,72,0.06551551551551553
pseudoaleatorias,134,0.10829973118279551
pseudoaleatorias,185,0.09055439086885668
pseudoaleatorias,212,0.07700135685210294
pseudoaleatorias,66,0.06736111111111108
pseudoaleatorias,32,0.09454545454545457
pseudoaleatorias,241,0.1311085972850675
pseudoaleatorias,250,0.19845141308555952
pseudoaleatorias,175,0.08243652457488981
pseudoaleatorias,208,0.08449900793650775
pseudoaleatorias,17,0.07833333333333334
pseudoaleatorias,12,0.16666666666666666
pseudoaleatorias,190,0.07276925262858742
pseudoaleatorias,146,0.14053639846743268
pseudoaleatorias,248,0.09072179596476215
pseudoaleatorias,30,0.07395382395382395
pseudoaleatorias,166,0.12965608465608489
pseudoaleatorias,245,0.09045893719806711
pseudoaleatorias,20,0.1111111111111111
pseudoaleatorias,7,0.08333333333333333
pseudoaleatorias,34,0.08017543859649122
pseudoaleatorias,178,0.09608843537415003
pseudoaleatorias,40,0.18412698412698408
pseudoaleatorias,118,0.19571428571428573
pseudoaleatorias,216,0.08277729002048553
pseudoaleatorias,66,0.0831385154880187
pseudoaleatorias,44,0.07628205128205129
pseudoaleatorias,56,0.08577917540181691
pseudoaleatorias,84,0.07137155297532663
pseudoaleatorias,226,0.11211274167249007
pseudoaleatorias,112,0.06953111228626829
pseudoaleatorias,181,0.1114248800295316
pseudoaleatorias,120,0.2078947368421053
pseudoaleatorias,115,0.064783427495292
pseudoaleatorias,34,0.06047619047619049
pseudoaleatorias,18,0.07142857142857142
pseudoaleatorias,189,0.09346405228758208
pseudoaleatorias,47,0.06449999999999999
pseudoaleatorias,233,0.15041628122109146
pseudoaleatorias,4,0.0
pseudoaleatorias,184,0.07931891025641011
pseudoaleatorias,163,0.06841346153846153
pseudoaleatorias,112,0.08685823754789265
pseudoaleatorias,36,0.06684210526315788
pseudoaleatorias,121,0.07136376938835218
pseudoaleatorias,70,0.07306122448979595
pseudoaleatorias,175,0.10601698043558544
pseudoaleatorias,35,0.07976190476190474
pseudoaleatorias,98,0.06824596774193546
pseudoaleatorias,48,0.08178137651821864
pseudoaleatorias,170,0.09274136715997215
pseudoaleatorias,145,0.06947577276524665
pseudoaleatorias,6,0.11666666666666667
pseudoaleatorias,235,0.13066666666666646
pseudoaleatorias,110,0.06431740270215779
pseudoaleatorias,17,0.06818181818181818
pseudoaleatorias,13,0.0
pseudoaleatorias,234,0.12119729792685764
pseudoaleatorias,23,0.09868421052631579
pseudoaleatorias,180,0.14716931216931262
pseudoaleatorias,197,0.11673107890499247
pseudoaleatorias,125,0.09154040404040394
pseudoaleatorias,146,0.11613190730837776
pseudoaleatorias,101,0.07405397256143513
pseudoaleatorias,125,0.11582892416225732
pseudoaleatorias,138,0.07164115646258527
pseudoaleatorias,84,0.07198480531813867
pseudoaleatorias,236,0.10502117362371434
pseudoaleatorias,159,0.07018429487179492
pseudoaleatorias,66,0.07826694619147449
pseudoaleatorias,238,0.08890396502336756
pseudoaleatorias,25,0.09166666666666666
pseudoaleatorias,2,0.0
pseudoaleatorias,66,0.08186440677966102
pseudoaleatorias,163,0.08907407407407437
pseudoaleatorias,48,0.07629329734592892
pseudoaleatorias,167,0.06849246945154856
pseudoaleatorias,22,0.07196969696969698
pseudoaleatorias,170,0.133608608608609
pseudoaleatorias,6,0.0
pseudoaleatorias,88,0.07826121794871789
pseudoaleatorias,115,0.06919727891156482
pseudoaleatorias,103,0.07083961789844156
pseudoaleatorias,127,0.1303350970017636
pseudoaleatorias,117,0.06922007609013747
pseudoaleatorias,155,0.06641801648195503
pseudoaleatorias,68,0.10999999999999997
pseudoaleatorias,135,0.16816666666666633
pseudoaleatorias,5,0.075
pseudoaleatorias,158,0.10202991452991483
pseudoaleatorias,25,0.08658008658008658
pseudoaleatorias,209,0.15609756097561056
pseudoaleatorias,218,0.11228004022121668
pseudoaleatorias,73,0.08035897435897442
pseudoaleatorias,113,0.06962868480725637
pseudoaleatorias,175,0.06983173076923078
pseudoaleatorias,117,0.09646464646464638
pseudoaleatorias,211,0.1203309692671397
pseudoaleatorias,202,0.07850315753541572
pseudoaleatorias,49,0.06206077872744538
pseudoaleatorias,244,0.09236903716710503
pseudoaleatorias,90,0.07748717948717955
pseudoaleatorias,186,0.0975029550827427
pseudoaleatorias,105,0.07099930118798056
pseudoaleatorias,28,0.06521739130434782
pseudoaleatorias,108,0.07111406619385353
pseudoaleatorias,38,0.07395382395382395
pseudoaleatorias,184,0.12316239316239361
pseudoaleatorias,49,0.07079772079772076
pseudoaleatorias,17,0.05972222222222222
pseudoaleatorias,152,0.07725340136054441
pseudoaleatorias,131,0.07897435897435902
pseudoaleatorias,136,0.0708496732026146
pseudoaleatorias,159,0.0724242424242427
pseudoaleatorias,6,0.03333333333333333
pseudoaleatorias,222,0.10395781119465303
pseudoaleatorias,48,0.069376026272578
pseudoaleatorias,67,0.09754901960784311
pseudoaleatorias,3,0.0
pseudoaleatorias,233,0.11790123456790101
pseudoaleatorias,210,0.13430232558139604
pseudoaleatorias,133,0.09506833036244787
pseudoaleatorias,49,0.10683760683760685
pseudoaleatorias,155,0.07833924349881825
pseudoaleatorias,198,0.07945531464833427
pseudoaleatorias,38,0.07560483870967742
pseudoaleatorias,42,0.07521008403361344
pseudoaleatorias,211,0.12815294480419406
pseudoaleatorias,106,0.06777311903098081
pseudoaleatorias,37,0.17857142857142855
pseudoaleatorias,48,0.06296296296296294
pseudoaleatorias,140,0.07403959810874723
pseudoaleatorias,225,0.10619528619528608
pseudoaleatorias,221,0.10107560568086878
pseudoaleatorias,165,0.0681570512820513
pseudoaleatorias,77,0.0872307692307692
pseudoaleatorias,221,0.20132764343290716
pseudoaleatorias,121,0.08621121121121122
pseudoaleatorias,230,0.16858304297328736
pseudoaleatorias,105,0.0650085034013607
pseudoaleatorias,218,0.12356859410430851
pseudoaleatorias,5,0.08333333333333333
pseudoaleatorias,151,0.06536435469710264
pseudoaleatorias,35,0.11190476190476191
pseudoaleatorias,107,0.0744600738846261
pseudoaleatorias,135,0.0657510227936881
pseudoaleatorias,39,0.08295795795795796
pseudoaleatorias,148,0.08080515297906618
pseudoaleatorias,60,0.10490196078431369
pseudoaleatorias,178,0.09616096207215578
pseudoaleatorias,159,0.08786617329633085
pseudoaleatorias,213,0.08758652094717656
pseudoaleatorias,243,0.1492063492063489
pseudoaleatorias,47,0.06725146198830406
pseudoaleatorias,175,0.193256704980843
pseudoaleatorias,95,0.06841841841841846
pseudoaleatorias,48,0.07651072124756336
pseudoaleatorias,107,0.07008469449485796
pseudoaleatorias,163,0.09545454545454578
pseudoaleatorias,69,0.08461538461538462
pseudoaleatorias,179,0.19616858237547916
pseudoaleatorias,153,0.06693722943722967
pseudoaleatorias,76,0.07222222222222219
pseudoaleatorias,93,0.06551820728291316
pseudoaleatorias,2,0.0
pseudoaleatorias,146,0.11642899584076044
pseudoaleatorias,26,0.05714285714285715
pseudoaleatorias,127,0.11825396825396804
pseudoaleatorias,201,0.1451016260162607
pseudoaleatorias,123,0.11888888888888889
pseudoaleatorias,234,0.17386759581881564
pseudoaleatorias,168,0.07243879472693063
pseudoaleatorias,136,0.06608305274971965
pseudoaleatorias,198,0.08698326275458779
pseudoaleatorias,94,0.11046176046176048
pseudoaleatorias,100,0.07132969034608383
pseudoaleatorias,41,0.08882783882783886
pseudoaleatorias,109,0.07073052733430106
pseudoaleatorias,91,0.07297551789077217
pseudoaleatorias,166,0.0904025764895333
pseudoaleatorias,50,0.0696236559139785
pseudoaleatorias,28,0.07222222222222222
pseudoaleatorias,15,0.044642857142857144
pseudoaleatorias,58,0.08133116883116884
pseudoaleatorias,141,0.08776422764227655
pseudoaleatorias,4,0.0
pseudoaleatorias,122,0.06758786848072579
pseudoaleatorias,142,0.07105708756652176
pseudoaleatorias,231,0.16109936575052844
pseudoaleatorias,8,0.15
pseudoaleatorias,168,0.07593714927048287
pseudoaleatorias,38,0.06785714285714284
pseudoaleatorias,68,0.07844164919636619
pseudoaleatorias,55,0.07434318555008212
pseudoaleatorias,63,0.07147998200629778
pseudoaleatorias,220,0.0780143400643838
pseudoaleatorias,107,0.07026713124274096
pseudoaleatorias,83,0.07123226950354616
pseudoaleatorias,124,0.08445793972109768
pseudoaleatorias,70,0.08123543123543124
pseudoaleatorias,130,0.10596590909090897
pseudoaleatorias,169,0.07077732320280568
pseudoaleatorias,190,0.08756453423120124
pseudoaleatorias,211,0.18793650793650868
pseudoaleatorias,182,0.14764550264550322
pseudoaleatorias,246,0.11314046366647136
pseudoaleatorias,224,0.15354122621564512
pseudoaleatorias,154,0.09534188034188044
pseudoaleatorias,238,0.08809739182873472
pseudoaleatorias,140,0.08940170940170945
pseudoaleatorias,72,0.10201754385964908
pseudoaleatorias,237,0.1112155388471175
pseudoaleatorias,106,0.07103580562659838
pseudoaleatorias,248,0.1590868794326233
pseudoaleatorias,19,0.1305555555555556
pseudoaleatorias,225,0.1548978153629318
pseudoaleatorias,185,0.10262102991057712
pseudoaleatorias,52,0.07501485442661912
pseudoaleatorias,38,0.11904761904761904
pseudoaleatorias,205,0.09946782776971483
pseudoaleatorias,4,0.0
pseudoaleatorias,141,0.07269984917043758
pseudoaleatorias,199,0.0842710223835453
pseudoaleatorias,135,0.06456876456876459
pseudoaleatorias,221,0.0969715956558062
pseudoaleatorias,113,0.08763440860215045
pseudoaleatorias,143,0.07020947176684904
pseudoaleatorias,179,0.07359744990892546
pseudoaleatorias,68,0.06654154154154154
pseudoaleatorias,96,0.06674375578168372
pseudoaleatorias,229,0.1569865319865319
pseudoaleatorias,93,0.07406130268199235
pseudoaleatorias,34,0.08618951612903226
pseudoaleatorias,81,0.07678571428571435
pseudoaleatorias,78,0.10799220272904485
pseudoaleatorias,177,0.10118124769287586
pseudoaleatorias,239,0.08619636260301174
pseudoaleatorias,110,0.06919254658385082
pseudoaleatorias,53,0.06804232804232804
pseudoaleatorias,52,0.06944444444444439
pseudoaleatorias,26,0.07158119658119658
pseudoaleatorias,106,0.0660368870895187
pseudoaleatorias,58,0.07847222222222225
pseudoaleatorias,218,0.10402918069584735
pseudoaleatorias,200,0.11608695652173964
pseudoaleatorias,187,0.14587482219061218
pseudoaleatorias,99,0.07471732247851641
pseudoaleatorias,23,0.0873015873015873
pseudoaleatorias,108,0.06803885291396863
pseudoaleatorias,190,0.11326638477801314
pseudoaleatorias,209,0.08165064102564074
pseudoaleatorias,133,0.1209195402298849
pseudoaleatorias,38,0.08901515151515152
pseudoaleatorias,68,0.07890772128060262
pseudoaleatorias,121,0.07172789115646273
pseudoaleatorias,67,0.06869488536155201
pseudoaleatorias,65,0.08141321044546851
pseudoaleatorias,88,0.09076923076923074
pseudoaleatorias,148,0.10619047619047618
pseudoaleatorias,123,0.09536290322580632
pseudoaleatorias,125,0.15955204216073787
pseudoaleatorias,12,0.06333333333333332
pseudoaleatorias,180,0.14481481481481517
pseudoaleatorias,148,0.06928815004262559
pseudoaleatorias,102,0.07973790322580641
pseudoaleatorias,115,0.07423909862452417
pseudoaleatorias,30,0.08134920634920635
pseudoaleatorias,121,0.07067743764172352
pseudoaleatorias,103,0.07087118565105997
pseudoaleatorias,126,0.07514518002322881
pseudoaleatorias,190,0.13393162393162442
pseudoaleatorias,135,0.08611111111111104
pseudoaleatorias,124,0.07307568438003235
pseudoaleatorias,132,0.1853096179183135
pseudoaleatorias,32,0.09935897435897437
pseudoaleatorias,247,0.12370129870129833
pseudoaleatorias,85,0.06773132017034458
aleatorias,32,0.28456226035173404
aleatorias,48,0.10534120971620971
aleatorias,190,0.20735107417330945
aleatorias,125,0.13608229369127414
aleatorias,120,0.1650828880726828
aleatorias,88,0.1573391453747493
aleatorias,101,0.2081808017334868
aleatorias,62,0.12945132584856917
aleatorias,168,0.15979533333720078
aleatorias,113,0.1339888638766351
aleatorias,115,0.1372142720826935
aleatorias,4,0.21428571428571427
aleatorias,232,0.2065566723172245
aleatorias,144,0.18984312986370283
aleatorias,214,0.2261239270012016
aleatorias,25,0.05428064582476346
aleatorias,32,0.1846481249842594
aleatorias,232,0.2065566723172245
aleatorias,48,0.1372137771623738
aleatorias,124,0.21412785014902896
aleatorias,12,0.019230769230769232
aleatorias,126,0.12993789162337252
aleatorias,143,0.14853512563033916
aleatorias,103,0.13575070084975008
aleatorias,3,0.0
aleatorias,6,0.0
aleatorias,98,0.16864980769553764
aleatorias,67,0.13221682046809402
aleatorias,190,0.20820202735199364
aleatorias,203,0.19908817340054247
aleatorias,141,0.21106604831880063
aleatorias,119,0.11960613002279692
aleatorias,157,0.17516025656464623
aleatorias,63,0.1892660740677521
aleatorias,26,0.1216364323507181
aleatorias,141,0.16602380916415457
aleatorias,38,0.21443578081004977
aleatorias,156,0.17692015443280484
aleatorias,207,0.2051449076620295
aleatorias,93,0.15104756444817313
aleatorias,22,0.029866332497911444
aleatorias,1,0.0
aleatorias,219,0.1945149754875389
aleatorias,214,0.2261239270012016
aleatorias,147,0.13905743708765478
aleatorias,145,0.14979395243667226
aleatorias,3,0.0
aleatorias,2,0.0
aleatorias,129,0.13837462925716768
aleatorias,126,0.14865666148336854
aleatorias,112,0.13590885830446953
aleatorias,2,0.0
aleatorias,36,0.0860120816003169
aleatorias,232,0.2065566723172245
aleatorias,116,0.13207733194575302
aleatorias,165,0.18592135180520739
aleatorias,51,0.2396917531304884
aleatorias,231,0.21192461461057832
aleatorias,60,0.09999084040437416
aleatorias,87,0.09579315958034522
aleatorias,188,0.18292680913122167
aleatorias,61,0.16438752206399265
aleatorias,122,0.13104048201519525
aleatorias,38,0.10069340615899319
aleatorias,71,0.17158038225783054
aleatorias,132,0.12912663713616013
aleatorias,175,0.17591038752605648
aleatorias,104,0.1642980653470708
aleatorias,174,0.16795958643617376
aleatorias,143,0.19815872758643
aleatorias,223,0.21990114840911185
aleatorias,183,0.19682733958175389
aleatorias,232,0.2065566723172245
aleatorias,18,0.1890909090909091
aleatorias,125,0.1622962609180837
aleatorias,22,0.0780906094631585
aleatorias,232,0.2065566723172245
aleatorias,65,0.19215672395553046
aleatorias,214,0.2069072244290027
aleatorias,65,0.13900822609972954
aleatorias,212,0.19301988722230543
aleatorias,208,0.19766631375754926
aleatorias,119,0.11891700547965849
aleatorias,171,0.15058982828878437
aleatorias,103,0.20893053498420486
aleatorias,171,0.2053037006162574
aleatorias,223,0.21990114840911185
aleatorias,199,0.17910729384219576
aleatorias,74,0.172136666297175
aleatorias,61,0.09957748512735722
aleatorias,59,0.11722905749221536
aleatorias,120,0.19323484436767044
aleatorias,226,0.2411063659999227
aleatorias,202,0.1723092831193261
aleatorias,118,0.13751987611465974
aleatorias,214,0.2069072244290027
aleatorias,28,0.12602823215171394
aleatorias,219,0.21257338719988442
aleatorias,4,0.0
aleatorias,38,0.04373405103668261
aleatorias,49,0.1154492981226128
aleatorias,121,0.180508228420913
aleatorias,208,0.2034178746569074
aleatorias,28,0.03735192682561104
aleatorias,158,0.18519404743053255
aleatorias,91,0.09797293487753926
aleatorias,38,0.07085269593920114
aleatorias,41,0.08402583255524432
aleatorias,7,0.0
aleatorias,226,0.2411063659999227
aleatorias,38,0.17042788129744652
aleatorias,50,0.12990145995485416
aleatorias,91,0.197835086192281
aleatorias,120,0.12709314139550915
aleatorias,10,0.07416267942583732
aleatorias,8,0.2692307692307692
aleatorias,48,0.13047501031247155
aleatorias,82,0.16245679229519822
aleatorias,213,0.22182697817269392
aleatorias,117,0.17775572898674122
aleatorias,232,0.2065566723172245
aleatorias,13,0.10897435897435898
aleatorias,131,0.13127335120935552
aleatorias,224,0.18994781085548001
aleatorias,77,0.10918239475324498
aleatorias,137,0.13780986161851705
aleatorias,69,0.10000566126833904
aleatorias,232,0.2065566723172245
aleatorias,23,0.16268175886338943
aleatorias,219,0.21257338719988442
aleatorias,14,0.0620439084724799
aleatorias,13,0.11984392419175027
aleatorias,180,0.16426187409295717
aleatorias,232,0.2065566723172245
aleatorias,50,0.08225008325008332
aleatorias,102,0.15918884052500343
aleatorias,232,0.2065566723172245
aleatorias,48,0.17991224141743162
aleatorias,171,0.2122988519040216
aleatorias,232,0.2065566723172245
aleatorias,60,0.08366300366300361
aleatorias,232,0.2065566723172245
aleatorias,140,0.15408343143724168
aleatorias,180,0.1706217099104974
aleatorias,8,0.06666666666666667
aleatorias,232,0.2065566723172245
aleatorias,36,0.3256614105554329
aleatorias,167,0.19487210294811172
aleatorias,6,0.06060606060606061
aleatorias,191,0.196395038210688
aleatorias,226,0.2411063659999227
aleatorias,202,0.1723092831193261
aleatorias,128,0.1593972036411342
aleatorias,83,0.12740508312318102
aleatorias,90,0.13772159952910418
aleatorias,86,0.11458774873183748
aleatorias,122,0.1907936119861784
aleatorias,149,0.1539468570433375
aleatorias,12,0.07410605267748124
aleatorias,31,0.14032962794572695
aleatorias,201,0.18546562087585863
aleatorias,78,0.10397767061370033
aleatorias,30,0.1100239629651394
aleatorias,97,0.1517888730778172
aleatorias,214,0.2261239270012016
aleatorias,27,0.06359376638355876
aleatorias,224,0.18994781085548001
aleatorias,32,0.24870359468573752
aleatorias,161,0.15910158269425617
aleatorias,153,0.16953736597258995
aleatorias,104,0.14343253224859726
aleatorias,10,0.025297619047619048
aleatorias,197,0.1641193510316988
aleatorias,232,0.2065566723172245
aleatorias,15,0.014967860422405877
aleatorias,5,0.0
aleatorias,47,0.08145755474873718
aleatorias,80,0.11209050302863706
aleatorias,135,0.15478012151697554
aleatorias,94,0.21032534581338264
aleatorias,17,0.1601948051948052
aleatorias,185,0.2138053934074903
aleatorias,80,0.15247407844190164
aleatorias,2,0.3333333333333333
aleatorias,203,0.19874537736375847
aleatorias,213,0.22182697817269392
aleatorias,195,0.21875299431188475
aleatorias,151,0.17026442426774646
aleatorias,232,0.2065566723172245
aleatorias,82,0.1327159451365802
aleatorias,73,0.10621352331878663
aleatorias,226,0.2411063659999227
aleatorias,7,0.19047619047619047
aleatorias,191,0.21687903374954012
aleatorias,231,0.21192461461057832
aleatorias,43,0.08366866509449625
aleatorias,214,0.2261239270012016
aleatorias,92,0.10397983165785038
aleatorias,87,0.19896158698060146
aleatorias,67,0.09755480043178462
aleatorias,132,0.12912663713616013
aleatorias,101,0.24898741747125283
aleatorias,232,0.2065566723172245
aleatorias,112,0.11992165268947985
aleatorias,211,0.18493251476527586
aleatorias,120,0.11715658358880923
aleatorias,181,0.2025801387310461
aleatorias,225,0.1961179515748684
aleatorias,91,0.1578555355231945
aleatorias,44,0.11124659894123559
aleatorias,191,0.1540721569012295
aleatorias,226,0.2411063659999227
aleatorias,174,0.16850952284534854
aleatorias,114,0.16319884676745008
aleatorias,92,0.1302342659400973
aleatorias,81,0.10335698783974671
aleatorias,35,0.06517711282254217
aleatorias,150,0.161544637625644
aleatorias,97,0.13495297870668077
aleatorias,126,0.20424410186397318
aleatorias,113,0.1567150468906332
aleatorias,51,0.12702340566101153
aleatorias,15,0.1996969696969697
aleatorias,159,0.14648502617074935
aleatorias,74,0.10620992772409776
aleatorias,138,0.15149578738188912
aleatorias,145,0.163485414780354
aleatorias,86,0.08454642592736354
aleatorias,14,0.12356643356643357
aleatorias,120,0.15901745332415884
aleatorias,71,0.11865436737308364
aleatorias,194,0.1716282195166194
aleatorias,4,0.0
aleatorias,125,0.16417676145629073
aleatorias,187,0.1898493909402765
aleatorias,169,0.19051992642624374
aleatorias,172,0.17868291469921238
aleatorias,4,0.1111111111111111
aleatorias,147,0.16272586871660774
aleatorias,150,0.15303781145305762
aleatorias,47,0.07604464884213166
aleatorias,28,0.0665703781512605
aleatorias,38,0.08242995430495431
aleatorias,232,0.2065566723172245
aleatorias,203,0.19874537736375847
aleatorias,83,0.12740508312318102
aleatorias,132,0.12912663713616013
aleatorias,15,0.16349391349391348
aleatorias,73,0.16471338067693098
aleatorias,232,0.2065566723172245
aleatorias,51,0.07257942645466275
aleatorias,115,0.14396127602565237
aleatorias,174,0.1978811445555357
aleatorias,226,0.2411063659999227
aleatorias,7,0.12513368983957218
aleatorias,149,0.16795079524301065
aleatorias,56,0.09879152435097636
aleatorias,212,0.19301988722230543
aleatorias,93,0.1899807062343894
aleatorias,121,0.13593913240689293
aleatorias,79,0.10747199925645094
aleatorias,105,0.2463232535452132
aleatorias,47,0.09258094416763143
aleatorias,143,0.17020327011287376
aleatorias,214,0.2069072244290027
aleatorias,132,0.13852024481839462
aleatorias,18,0.11470749158249156
aleatorias,74,0.11956872122406943
aleatorias,53,0.151863056894462
aleatorias,128,0.13828450755056995
aleatorias,202,0.1723092831193261
aleatorias,232,0.2065566723172245
aleatorias,232,0.2065566723172245
aleatorias,181,0.20504938276491916
aleatorias,41,0.08769455412312549
aleatorias,5,0.0
aleatorias,165,0.18592135180520739
aleatorias,210,0.18666142385705656
aleatorias,69,0.13134122371135346
aleatorias,219,0.21257338719988442
aleatorias,54,0.1067017022097008
aleatorias,137,0.1644228907838295
aleatorias,115,0.13990292008688052
aleatorias,168,0.19011587372142988
aleatorias,72,0.08785839748837851
aleatorias,213,0.19596803448324981
aleatorias,119,0.16864857566393984
aleatorias,53,0.15648586891243557
aleatorias,41,0.09863853874883279
aleatorias,232,0.2065566723172245
aleatorias,56,0.19979050763591286
aleatorias,76,0.11963769434238587
aleatorias,226,0.2411063659999227
aleatorias,6,0.02
aleatorias,136,0.13348384455139725
aleatorias,36,0.16198483140790826
aleatorias,153,0.18837953712503552
aleatorias,143,0.17978225400050096
aleatorias,23,0.05539157811885084
aleatorias,94,0.11649230981175003
aleatorias,26,0.41515359477124186
aleatorias,8,0.2727272727272727
aleatorias,41,0.06424225245653813
aleatorias,130,0.1486584803666254
aleatorias,84,0.1398017031189187
aleatorias,100,0.12373044911744645
aleatorias,186,0.21925043521669516
aleatorias,206,0.26528697949048397
aleatorias,58,0.17862169312169307
aleatorias,94,0.20026978452489827
aleatorias,111,0.1863650085546641
aleatorias,143,0.14853512563033916
aleatorias,212,0.19301988722230543
aleatorias,17,0.4051282051282052
aleatorias,195,0.16352115983016033
aleatorias,96,0.14181858611739784
aleatorias,47,0.17401271774766777
aleatorias,131,0.1465488816790262
aleatorias,232,0.2065566723172245
aleatorias,156,0.1757205538523776
aleatorias,48,0.15046846671846667
aleatorias,72,0.12193010960884276
aleatorias,232,0.2065566723172245
aleatorias,224,0.18994781085548001
aleatorias,131,0.14044192620147564
aleatorias,39,0.12342262802556912
aleatorias,188,0.1842252738236946
aleatorias,23,0.04631586362355595
aleatorias,87,0.12794226707346879
aleatorias,121,0.1215423789638072
aleatorias,7,0.043478260869565216
aleatorias,212,0.19301988722230543
aleatorias,102,0.17207912665805317
aleatorias,59,0.12443550639629067
aleatorias,208,0.19766631375754926
aleatorias,74,0.19107624497703782
aleatorias,219,0.1945149754875389
aleatorias,69,0.17875099391897836
aleatorias,23,0.2242222222222222
aleatorias,180,0.24890503955585858
aleatorias,70,0.17096339370742608
aleatorias,208,0.19766631375754926
aleatorias,232,0.2065566723172245
aleatorias,101,0.24898741747125283
aleatorias,102,0.2287789009323538
aleatorias,202,0.1723092831193261
aleatorias,128,0.17868813476398634
aleatorias,117,0.1389116992584905
aleatorias,125,0.16417676145629073
aleatorias,30,0.05981620718462821
aleatorias,17,0.16040669856459328
aleatorias,232,0.2065566723172245
aleatorias,171,0.15724446120448377
aleatorias,232,0.2065566723172245
aleatorias,79,0.13850421084292072
aleatorias,23,0.11625013641820363
aleatorias,79,0.1653733402366347
aleatorias,61,0.1308625114427351
aleatorias,53,0.1574220106490303
aleatorias,140,0.2707243836318065
aleatorias,110,0.14275258592634915
aleatorias,116,0.15447733830716795
aleatorias,232,0.2065566723172245
aleatorias,107,0.1190571092015884
aleatorias,68,0.1053749269376271
aleatorias,139,0.13685541086740002
aleatorias,6,0.0
aleatorias,62,0.17725813818777209
aleatorias,122,0.19367078713569977
aleatorias,147,0.15775524392411713
aleatorias,105,0.16250730531542176
aleatorias,44,0.08374644712610788
aleatorias,232,0.2065566723172245
aleatorias,45,0.09931530887413241
aleatorias,232,0.2065566723172245
aleatorias,7,0.09090909090909091
aleatorias,167,0.15936077757537606
aleatorias,159,0.1413038973063586
aleatorias,48,0.1016493290226537
aleatorias,206,0.26528697949048397
aleatorias,226,0.2411063659999227
aleatorias,61,0.11622173116738337
aleatorias,125,0.15635099887623824
aleatorias,231,0.21192461461057832
aleatorias,232,0.2065566723172245
aleatorias,82,0.11719443509062336
aleatorias,47,0.0755838399348913
aleatorias,64,0.10593104872342252
aleatorias,46,0.21966719209490168
aleatorias,184,0.19409293754992527
aleatorias,19,0.10416666666666667
aleatorias,232,0.2065566723172245
aleatorias,51,0.09974339300190693
aleatorias,232,0.2065566723172245
aleatorias,118,0.20191651251244455
aleatorias,105,0.194037162503974
aleatorias,154,0.1840735582093082
aleatorias,174,0.2022194663987638
aleatorias,154,0.16015828088795658
aleatorias,168,0.17966709756245555
aleatorias,24,0.05463147963147964
aleatorias,6,0.09999999999999999
aleatorias,123,0.18216654438958957
aleatorias,69,0.1213057500155798
aleatorias,94,0.14875146398476807
aleatorias,61,0.09906766415301488
aleatorias,219,0.1945149754875389
aleatorias,50,0.1801274215980099
aleatorias,229,0.22740840207901342
aleatorias,232,0.2065566723172245
aleatorias,128,0.1944283497431878
aleatorias,163,0.20341577972656605
aleatorias,162,0.20313565672233616
aleatorias,176,0.19085833644002903
aleatorias,5,0.14814814814814814
aleatorias,5,0.14285714285714285
aleatorias,130,0.1486584803666254
aleatorias,128,0.15296829218261992
aleatorias,211,0.18493251476527586
aleatorias,206,0.19762952775413115
aleatorias,183,0.19682733958175389
aleatorias,37,0.09982285221781018
aleatorias,189,0.16927231194231016
aleatorias,6,0.05263157894736842
aleatorias,118,0.15022267095729236
aleatorias,42,0.10007610539284745
aleatorias,214,0.2261239270012016
aleatorias,40,0.16726720249447524
aleatorias,109,0.12290982852141863
aleatorias,102,0.18748889915300856
aleatorias,160,0.2342902524056503
aleatorias,11,0.1471291866028708
aleatorias,82,0.11516340203161438
aleatorias,5,0.0
aleatorias,52,0.19093165741330262
aleatorias,20,0.13634790960918783
aleatorias,194,0.1716282195166194
aleatorias,29,0.2804761904761905
aleatorias,71,0.14623034963933554
aleatorias,81,0.11746428186738339
aleatorias,16,0.08111111111111112
aleatorias,95,0.12424422855370451
aleatorias,91,0.12498376839164263
aleatorias,93,0.2068733544956074
aleatorias,42,0.073549816196875
aleatorias,232,0.2065566723172245
aleatorias,4,0.047619047619047616
aleatorias,198,0.22903856898107386
aleatorias,193,0.2316023034170945
aleatorias,76,0.12295071572274564
aleatorias,11,0.5276190476190475
aleatorias,179,0.17155858285917377
aleatorias,205,0.1907112354874396
aleatorias,211,0.18493251476527586
aleatorias,76,0.15358035419534277
aleatorias,29,0.0522715030067971
aleatorias,136,0.15997288151430963
aleatorias,52,0.13266592536064586
aleatorias,191,0.196395038210688
aleatorias,108,0.16360795199228878
aleatorias,44,0.18488841985082585
aleatorias,178,0.18638996744021652
aleatorias,193,0.2651641870419263
aleatorias,58,0.08151818858071667
aleatorias,151,0.18304512591785943
aleatorias,95,0.19104436703120925
aleatorias,27,0.05096354123503445
aleatorias,69,0.1264998950726872
aleatorias,203,0.2013303110976558
aleatorias,138,0.14680638918992803
aleatorias,100,0.0978376130949661
aleatorias,9,0.0196078431372549
aleatorias,232,0.2065566723172245
aleatorias,66,0.20054058269586372
aleatorias,208,0.19766631375754926
aleatorias,232,0.2065566723172245
aleatorias,180,0.24890503955585858
aleatorias,41,0.17550651832914846
aleatorias,86,0.15596836972061262
aleatorias,163,0.16505959395517836
aleatorias,167,0.17437272874522586
aleatorias,36,0.09564010789500982
aleatorias,105,0.1354698328736794
aleatorias,232,0.2065566723172245
aleatorias,212,0.19301988722230543
aleatorias,232,0.2065566723172245
aleatorias,179,0.17182915207109162
aleatorias,125,0.15949697700933882
aleatorias,9,0.0909090909090909
aleatorias,77,0.17707255551793355
aleatorias,105,0.15868410672679625
aleatorias,49,0.094198744128534
aleatorias,56,0.12771682021682026
aleatorias,219,0.1945149754875389
aleatorias,232,0.2065566723172245
aleatorias,81,0.1567024757412946
aleatorias,114,0.13824142834075803
aleatorias,17,0.031575963718820856
aleatorias,129,0.1355433712883037
aleatorias,224,0.19326641042210582
aleatorias,23,0.1038961038961039
aleatorias,232,0.2065566723172245
aleatorias,128,0.2072406212531689
aleatorias,141,0.13455777776990968
aleatorias,103,0.11728619602532352
aleatorias,191,0.196395038210688
aleatorias,68,0.17647988255131117
aleatorias,1,0.0
aleatorias,114,0.16469423030310582
aleatorias,153,0.14235638736237333
aleatorias,97,0.15591716839992742
aleatorias,102,0.134617485717372
aleatorias,53,0.11664543573942064
aleatorias,108,0.17656756373051224
aleatorias,94,0.11215938533011725
aleatorias,125,0.18312391467462352
aleatorias,226,0.2411063659999227
aleatorias,178,0.19717648636922352
aleatorias,89,0.16460267532737172
aleatorias,232,0.2065566723172245
aleatorias,193,0.19015707638534304
aleatorias,28,0.05858090711031887
aleatorias,206,0.19974413175858746
aleatorias,232,0.2065566723172245
aleatorias,206,0.19974413175858746
aleatorias,232,0.2065566723172245
aleatorias,16,0.1038909238909239
aleatorias,102,0.20855013460407856
aleatorias,175,0.191291584358416
aleatorias,149,0.2031853298884332
aleatorias,31,0.06589925226288863
aleatorias,185,0.17202083482829195
aleatorias,146,0.17890039358227702
aleatorias,154,0.16732424283921693
aleatorias,122,0.1479433553676391
aleatorias,82,0.2171152458794811
aleatorias,29,0.09018986064440607
aleatorias,232,0.2065566723172245
aleatorias,160,0.2219438671764754
aleatorias,70,0.1349276764276092
aleatorias,112,0.13590885830446953
aleatorias,55,0.2686345321883365
aleatorias,137,0.1644228907838295
aleatorias,206,0.26528697949048397
aleatorias,226,0.2411063659999227
aleatorias,166,0.2096038671407539
aleatorias,62,0.10967842975737717
aleatorias,232,0.2065566723172245
aleatorias,151,0.15351703123510954
aleatorias,122,0.13899986707765377
aleatorias,198,0.22903856898107386
aleatorias,138,0.14680638918992803
aleatorias,164,0.17801303542944355
aleatorias,12,0.07575757575757576
aleatorias,2,0.0
aleatorias,149,0.21270119836993778
aleatorias,226,0.2411063659999227
aleatorias,109,0.1796669791442812
aleatorias,204,0.20647985142078715
aleatorias,13,0.039469954648526075
aleatorias,77,0.10895013809719696
aleatorias,189,0.17510781496384345
aleatorias,157,0.2031707764100894
aleatorias,139,0.18359105126069522
aleatorias,151,0.15784004131785376
aleatorias,135,0.1332523859692316
aleatorias,125,0.15931195187187028
aleatorias,125,0.18630806852957
aleatorias,69,0.09795500855201388
aleatorias,173,0.1624580600471689
aleatorias,232,0.2065566723172245
aleatorias,163,0.20164257643656353
aleatorias,171,0.18188148177580848
aleatorias,226,0.2411063659999227
aleatorias,99,0.13187177274032855
aleatorias,225,0.1961179515748684
aleatorias,212,0.19301988722230543
aleatorias,24,0.2082692307692308
aleatorias,14,0.29273504273504275
aleatorias,179,0.15823179133671192
aleatorias,232,0.2065566723172245
aleatorias,192,0.1614249738637703
aleatorias,232,0.2065566723172245
aleatorias,49,0.09648544390392208
aleatorias,203,0.19874537736375847
aleatorias,193,0.18546175677207652
aleatorias,74,0.09125583247653131
aleatorias,159,0.16314244498325706
aleatorias,10,0.06730769230769232
aleatorias,107,0.1325875604245456
aleatorias,96,0.1518165951904642
aleatorias,196,0.20295372055281807
aleatorias,100,0.13348513589244457
aleatorias,116,0.1454555579633311
aleatorias,166,0.1783209813557413
aleatorias,80,0.1069195705141563
aleatorias,23,0.08556397306397306
aleatorias,123,0.12650707751163262
aleatorias,181,0.18470033344558917
aleatorias,69,0.12037748581827526
aleatorias,148,0.16037101517682734
aleatorias,48,0.14221184248121074
aleatorias,81,0.23560742477517782
aleatorias,166,0.19598112984330068
aleatorias,67,0.087992459738483
aleatorias,63,0.10722302053823793
aleatorias,232,0.2065566723172245
aleatorias,15,0.1017464678178964
aleatorias,110,0.1951004113643894
aleatorias,232,0.2065566723172245
aleatorias,92,0.13359956890417193
aleatorias,25,0.1506439393939394
aleatorias,42,0.1109721239208695
aleatorias,68,0.16317271209378464
aleatorias,157,0.1935255039206416
aleatorias,127,0.17518650402422364
aleatorias,86,0.1390090540713813
aleatorias,180,0.21852485188814244
aleatorias,88,0.18043203663798837
aleatorias,77,0.10698875356995025
aleatorias,224,0.18994781085548001
aleatorias,85,0.12137103989749115
aleatorias,232,0.2065566723172245
aleatorias,214,0.2069072244290027
aleatorias,226,0.2411063659999227
aleatorias,80,0.16039773478649552
aleatorias,226,0.2411063659999227
aleatorias,205,0.1907112354874396
aleatorias,44,0.05871298014155155
aleatorias,187,0.1954711966974517
aleatorias,125,0.18630806852957
aleatorias,25,0.07855812154057767
aleatorias,119,0.14147279229770696
aleatorias,132,0.1971874685468427
aleatorias,226,0.2411063659999227
aleatorias,104,0.1557066212999525
aleatorias,63,0.14486394114689152
aleatorias,61,0.1694449354310945
aleatorias,25,0.12511162348118868
aleatorias,6,0.5
aleatorias,146,0.17858268850431377
aleatorias,232,0.2065566723172245
aleatorias,46,0.09511745607333837
aleatorias,115,0.23148822703840308
aleatorias,116,0.14929429307009326
aleatorias,48,0.06120806807571507
aleatorias,147,0.17255585207059043
aleatorias,172,0.19793209840191164
aleatorias,143,0.17406126432785018
aleatorias,232,0.2065566723172245
aleatorias,25,0.038657407407407404
aleatorias,195,0.21875299431188475
aleatorias,114,0.16228553622074665
aleatorias,211,0.20982412241728238
aleatorias,64,0.09824177681682748
aleatorias,171,0.15724446120448377
aleatorias,25,0.07067763885945705
aleatorias,62,0.11432320876054886
aleatorias,160,0.14279629235095515
aleatorias,87,0.18455824940378743
aleatorias,160,0.15326672891378795
aleatorias,229,0.22740840207901342
aleatorias,140,0.15408343143724168
aleatorias,152,0.20554368139887727
aleatorias,182,0.1926360228493953
aleatorias,161,0.15956437672696472
aleatorias,214,0.2064067325554403
aleatorias,22,0.020220588235294115
aleatorias,64,0.11752638457012518
aleatorias,80,0.16483877375821124
aleatorias,29,0.05213333032881904
aleatorias,111,0.18207192258905505
aleatorias,3,0.0
aleatorias,79,0.10452381777939602
aleatorias,211,0.20982412241728238
aleatorias,130,0.1617864973093419
aleatorias,186,0.1703458516325999
aleatorias,110,0.22524572564324769
aleatorias,214,0.2069072244290027
aleatorias,166,0.15085028065393152
aleatorias,232,0.2065566723172245
aleatorias,167,0.17961152244136677
aleatorias,206,0.19974413175858746
aleatorias,179,0.17807114986674297
aleatorias,57,0.10930197545832217
aleatorias,4,0.11764705882352941
aleatorias,232,0.2065566723172245
aleatorias,81,0.25150813073447387
aleatorias,178,0.21107208211291786
aleatorias,120,0.1333389027024421
aleatorias,67,0.07150061404078793
aleatorias,232,0.2065566723172245
aleatorias,15,0.04703548085901027
aleatorias,135,0.1509276180659084
aleatorias,231,0.21192461461057832
aleatorias,168,0.19388876779993786
aleatorias,214,0.2261239270012016
aleatorias,232,0.2065566723172245
aleatorias,144,0.15998771122990643
aleatorias,49,0.13219379492735892
aleatorias,14,0.047901234567901234
aleatorias,96,0.11384217855509755
aleatorias,83,0.1782622723856248
aleatorias,175,0.17111737382577005
aleatorias,183,0.16033536114237354
aleatorias,194,0.1910165223861298
aleatorias,35,0.08361714633644456
aleatorias,184,0.20668762765555992
aleatorias,37,0.15061313414254593
aleatorias,50,0.10861509727709319
aleatorias,58,0.09987921098244984
aleatorias,150,0.17831947455871355
aleatorias,64,0.2027237586001487
aleatorias,140,0.16385915050711558
aleatorias,41,0.064008214008214
aleatorias,77,0.1351620091151825
aleatorias,131,0.17966722201758376
aleatorias,63,0.11829601058924362
aleatorias,57,0.13220775541371294
aleatorias,203,0.2013303110976558
aleatorias,23,0.06034547152194211
aleatorias,214,0.2069072244290027
aleatorias,11,0.039878542510121455
aleatorias,72,0.08899069154750983
aleatorias,134,0.11731440043453402
aleatorias,185,0.18525747497074468
aleatorias,212,0.19301988722230543
aleatorias,66,0.12670633910129703
aleatorias,32,0.04366211130917014
aleatorias,232,0.2065566723172245
aleatorias,232,0.2065566723172245
aleatorias,175,0.2048047600402831
aleatorias,208,0.2034178746569074
aleatorias,17,0.2565
aleatorias,12,0.051648351648351645
aleatorias,190,0.1766254102430553
aleatorias,146,0.17890039358227702
aleatorias,232,0.2065566723172245
aleatorias,30,0.18068098451501813
aleatorias,166,0.17923486733042607
aleatorias,232,0.2065566723172245
aleatorias,20,0.16940170940170937
aleatorias,7,0.3684210526315789
aleatorias,34,0.15034790579263102
aleatorias,178,0.21073568675590543
aleatorias,40,0.12156658211069968
aleatorias,118,0.11943612371172713
aleatorias,214,0.2064067325554403
aleatorias,66,0.16097658112893554
aleatorias,44,0.0645526695526695
aleatorias,56,0.07046130198304101
aleatorias,84,0.1315322411322119
aleatorias,226,0.2411063659999227
aleatorias,112,0.15444561753705807
aleatorias,181,0.19746603070132543
aleatorias,120,0.15086612408644806
aleatorias,115,0.1401706125603877
aleatorias,34,0.05433316683316682
aleatorias,18,0.2341614906832298
aleatorias,189,0.18740115471707816
aleatorias,47,0.07810961873207267
aleatorias,232,0.2065566723172245
aleatorias,4,0.047619047619047616
aleatorias,184,0.18053037684995069
aleatorias,163,0.20164257643656353
aleatorias,112,0.15776063005173616
aleatorias,36,0.11658571359528296
aleatorias,121,0.155712257789092
aleatorias,70,0.1407371705260926
aleatorias,175,0.15429338780051893
aleatorias,35,0.06378539115693263
aleatorias,98,0.10862835321547014
aleatorias,48,0.08310021176226474
aleatorias,170,0.20260153762022554
aleatorias,145,0.15957505559379875
aleatorias,6,0.0787037037037037
aleatorias,232,0.2065566723172245
aleatorias,110,0.1588743814475972
aleatorias,17,0.1574074074074074
aleatorias,13,0.13066933066933067
aleatorias,232,0.2065566723172245
aleatorias,23,0.08084575052900846
aleatorias,180,0.17769073271409863
aleatorias,197,0.21333449251231348
aleatorias,125,0.20910802976843093
aleatorias,146,0.17858268850431377
aleatorias,101,0.1301196250276434
aleatorias,125,0.25657251675992404
aleatorias,138,0.1663823291493125
aleatorias,84,0.13438656191494172
aleatorias,232,0.2065566723172245
aleatorias,159,0.15513913281906494
aleatorias,66,0.16643427986437923
aleatorias,232,0.2065566723172245
aleatorias,25,0.04704131652661065
aleatorias,2,0.0
aleatorias,66,0.08254055383087633
aleatorias,163,0.20341577972656605
aleatorias,48,0.08049289443151332
aleatorias,167,0.1805509672578477
aleatorias,22,0.19806878306878303
aleatorias,170,0.19738492032301547
aleatorias,6,0.013888888888888888
aleatorias,88,0.13017544454114438
aleatorias,115,0.2109495572872873
aleatorias,103,0.1356337235749003
aleatorias,127,0.12655774435849815
aleatorias,117,0.15282507324168432
aleatorias,155,0.19985648764044742
aleatorias,68,0.085518739136853
aleatorias,135,0.16090829150061572
aleatorias,5,0.08333333333333333
aleatorias,158,0.19680087821671438
aleatorias,25,0.05428064582476346
aleatorias,208,0.2034178746569074
aleatorias,214,0.2261239270012016
aleatorias,73,0.13990571697016949
aleatorias,113,0.17380819956239502
aleatorias,175,0.23512007689803896
aleatorias,117,0.17775572898674122
aleatorias,211,0.18493251476527586
aleatorias,202,0.1723092831193261
aleatorias,49,0.05653528412479816
aleatorias,232,0.2065566723172245
aleatorias,90,0.10171927745457178
aleatorias,186,0.1703458516325999
aleatorias,105,0.12778765916471024
aleatorias,28,0.13545325706039993
aleatorias,108,0.12426583967887103
aleatorias,38,0.11295683377073473
aleatorias,184,0.17025583111004816
aleatorias,49,0.0910027472527472
aleatorias,17,0.20535477582846007
aleatorias,152,0.15341660149876976
aleatorias,131,0.1465488816790262
aleatorias,136,0.14186605738693162
aleatorias,159,0.17793369696503422
aleatorias,6,0.07407407407407407
aleatorias,219,0.21257338719988442
aleatorias,48,0.1391652162990834
aleatorias,67,0.12151128838320965
aleatorias,3,0.0
aleatorias,232,0.2065566723172245
aleatorias,210,0.18666142385705656
aleatorias,133,0.1334240009566886
aleatorias,49,0.2339876010928642
aleatorias,155,0.1461770354707492
aleatorias,198,0.22903856898107386
aleatorias,38,0.20077920437681734
aleatorias,42,0.07049062049062049
aleatorias,211,0.20982412241728238
aleatorias,106,0.13427548381781826
aleatorias,37,0.12105668840962959
aleatorias,48,0.18368421670547175
aleatorias,140,0.16365465243983837
aleatorias,225,0.1961179515748684
aleatorias,219,0.1945149754875389
aleatorias,165,0.22133245214678376
aleatorias,77,0.09220753689204655
aleatorias,219,0.21257338719988442
aleatorias,121,0.1264869931865334
aleatorias,229,0.22740840207901342
aleatorias,105,0.15465904688893733
aleatorias,214,0.2069072244290027
aleatorias,5,0.14444444444444443
aleatorias,151,0.16153686335787992
aleatorias,35,0.10187145538022728
aleatorias,107,0.2153305087828902
aleatorias,135,0.13903903517553884
aleatorias,39,0.07783480408480409
aleatorias,148,0.14741103188148283
aleatorias,60,0.11820913400325161
aleatorias,178,0.16367019821078144
aleatorias,159,0.17032068156710262
aleatorias,213,0.191314328969908
aleatorias,232,0.2065566723172245
aleatorias,47,0.11955436448083502
aleatorias,175,0.1844194152824695
aleatorias,95,0.25426947215425477
aleatorias,48,0.14221184248121074
aleatorias,107,0.1963784972627428
aleatorias,163,0.15294793423312655
aleatorias,69,0.20477942572098431
aleatorias,179,0.17182915207109162
aleatorias,153,0.18036992554742348
aleatorias,76,0.1314879441388393
aleatorias,93,0.12685942576066261
aleatorias,2,0.0
aleatorias,146,0.12676740462098327
aleatorias,26,0.09765190617463343
aleatorias,127,0.15799417228466983
aleatorias,201,0.19814032015366997
aleatorias,123,0.17842429777414337
aleatorias,232,0.2065566723172245
aleatorias,168,0.1603577285227317
aleatorias,136,0.14987538988324753
aleatorias,198,0.22903856898107386
aleatorias,94,0.11255991647503542
aleatorias,100,0.12428203154817306
aleatorias,41,0.07752825674272888
aleatorias,109,0.15749477781927107
aleatorias,91,0.13718389574300927
aleatorias,166,0.15387211499221487
aleatorias,50,0.1466326226597004
aleatorias,28,0.0355392156862745
aleatorias,15,0.1705059646236117
aleatorias,58,0.08608989353726189
aleatorias,141,0.21339572407853902
aleatorias,4,0.03571428571428571
aleatorias,122,0.12098577456155404
aleatorias,142,0.15302861371109705
aleatorias,231,0.21192461461057832
aleatorias,8,0.14364035087719298
aleatorias,168,0.19557761598625806
aleatorias,38,0.07948460956684639
aleatorias,68,0.15377349335798093
aleatorias,55,0.17240321769733527
aleatorias,63,0.09697307167442906
aleatorias,219,0.1945149754875389
aleatorias,107,0.10946297750314392
aleatorias,83,0.12730725151859523
aleatorias,124,0.17580912537689022
aleatorias,70,0.14672612246141645
aleatorias,130,0.1486584803666254
aleatorias,169,0.15795236399424634
aleatorias,190,0.18030281485412633
aleatorias,211,0.20982412241728238
aleatorias,182,0.19698883429510913
aleatorias,232,0.2065566723172245
aleatorias,224,0.19326641042210582
aleatorias,154,0.18767351741474203
aleatorias,232,0.2065566723172245
aleatorias,140,0.17988096978448959
aleatorias,72,0.1191800567789561
aleatorias,232,0.2065566723172245
aleatorias,106,0.15245570558473798
aleatorias,232,0.2065566723172245
aleatorias,19,0.12222222222222223
aleatorias,225,0.1961179515748684
aleatorias,185,0.2067823287800114
aleatorias,52,0.2296965172033725
aleatorias,38,0.10513453866395037
aleatorias,205,0.1907112354874396
aleatorias,4,0.0
aleatorias,141,0.1288881852563532
aleatorias,199,0.1925020676714447
aleatorias,135,0.15425011714315723
aleatorias,219,0.21257338719988442
aleatorias,113,0.18970310091814727
aleatorias,143,0.17914578540921267
aleatorias,179,0.17155858285917377
aleatorias,68,0.14082294979113072
aleatorias,96,0.12027134253011465
aleatorias,229,0.22740840207901342
aleatorias,93,0.13494391774791065
aleatorias,34,0.13863636363636367
aleatorias,81,0.11392358786882141
aleatorias,78,0.14285175573516795
aleatorias,177,0.18423139345416475
aleatorias,232,0.2065566723172245
aleatorias,110,0.17659325542852586
aleatorias,53,0.20175190716252606
aleatorias,52,0.12964963714451852
aleatorias,26,0.19290867862296435
aleatorias,106,0.14147583113202578
aleatorias,58,0.22664800684924516
aleatorias,214,0.2069072244290027
aleatorias,200,0.2354417572056494
aleatorias,187,0.20090237730141364
aleatorias,99,0.1296612546669137
aleatorias,23,0.11013431013431015
aleatorias,108,0.1559328245611213
aleatorias,190,0.20735107417330945
aleatorias,208,0.2034178746569074
aleatorias,133,0.1910422786754842
aleatorias,38,0.11295683377073473
aleatorias,68,0.07650627362595815
aleatorias,121,0.14359951249786174
aleatorias,67,0.1423207533973111
aleatorias,65,0.19215672395553046
aleatorias,88,0.11945126341579444
aleatorias,148,0.1760337251847776
aleatorias,123,0.16868939014079687
aleatorias,125,0.1892308250086578
aleatorias,12,0.08
aleatorias,180,0.20441361461584173
aleatorias,148,0.1760337251847776
aleatorias,102,0.12885997853447312
aleatorias,115,0.14396127602565237
aleatorias,30,0.07460704124307065
aleatorias,121,0.16829520446483298
aleatorias,103,0.1133864116315698
aleatorias,126,0.21359842560891396
aleatorias,190,0.20735107417330945
aleatorias,135,0.13946616188356872
aleatorias,124,0.16241743363350214
aleatorias,132,0.15939418046366705
aleatorias,32,0.15365079365079365
aleatorias,232,0.2065566723172245
aleatorias,85,0.08880366132466995
